block,mkt,code,name,last_date,close,pct_chg,chg5,chg10,chg20,trend,ma5,ma10,ma20,ma60,vs_ma20,vs_ma60,ma20_slope,dif,dea,macd_bar,macd_cross5,bar_seq5,dif_above0,rsi6,rsi14,kdj_k,kdj_d,kdj_j,boll_pos,boll_up,boll_lo,vol_ratio,vol5_vs20,turnover,hi20,lo20,sup20,res20,hi60,lo60,from_hi60,range_pos60,limitups_20,pv_diverge,shrink_pullback,stale,ex_gaps_recent,w_bars,w_close,w_ma5,w_ma10,w_ma20,w_vs_ma10,w_vs_ma20,w_ma10_slope,w_trend,w_dif,w_macd_bar,w_macd_cross5,w_dif_above0,w_hi20,w_lo20,w_from_hi20,w_pos20,w_new_high20,w_sup,w_res,w_vol_prev8,w_vol_ratio_raw,w_partial,w_days,w_note,resonance,error
关注个股,SH,688758,赛分科技,20260924,32.5,-3.36,4.2,18.2,22.4,多头,33.16,31.04,29.22,26.59,11.2,22.2,5.8,1.7,1.22,0.961,,"0.833,1.017,1.200,1.192,0.961",True,63.3,63.5,84.0,85.1,81.8,82.0,34.28,24.15,0.99,1.37,3.46,34.79,25.52,25.52,34.79,34.79,19.2,-6.6,85.0,0,False,False,False,,89,32.5,29.12,27.83,23.97,16.8,35.6,13.3,周线多头,2.895,1.678,,True,33.33,16.31,-2.5,95.0,False,27.83,33.33,56661463.2,0.92,True,4,,日周共振向上,
关注个股,SH,688428,诺诚健华,20260924,29.86,-10.6,3.6,9.6,3.4,多头,30.81,29.67,29.56,29.09,1.0,2.6,1.9,0.464,0.215,0.498,金叉(3日前),"-0.281,-0.011,0.357,0.747,0.498",True,48.0,50.8,66.5,64.8,69.9,55.0,32.82,26.31,2.31,1.47,11.09,35.0,25.84,25.84,35.0,35.0,24.47,-14.7,51.0,0,False,False,False,,205,29.86,29.06,29.0,27.27,3.0,9.5,1.6,周线多头,1.093,0.099,,True,33.33,19.92,-10.4,74.0,False,29.0,33.33,59353868.6,1.46,True,4,,日周共振向上,
关注个股,SH,688690,纳微科技,20260924,46.99,-4.51,4.7,12.6,19.7,多头,47.64,45.26,41.7,39.79,12.7,18.1,4.3,2.172,1.407,1.53,,"1.574,1.675,1.753,1.864,1.530",True,61.7,61.4,81.2,84.4,74.6,80.0,50.59,32.81,0.94,1.1,2.78,50.26,35.01,35.01,50.26,50.26,32.06,-6.5,82.0,0,False,False,False,,269,46.99,41.86,40.77,39.68,15.2,18.4,3.9,周线多头,3.21,0.81,周金叉(2周前),True,48.0,32.06,-2.1,94.0,False,40.77,48.0,59009637.4,0.83,True,4,,日周共振向上,
关注个股,SH,688293,奥浦迈,20260924,77.45,-8.88,10.5,15.8,35.9,强多头,76.81,71.76,65.44,58.69,18.3,32.0,7.4,5.261,3.721,3.079,,"1.672,2.228,2.409,3.566,3.079",True,61.6,62.7,73.6,75.9,69.0,84.0,83.31,47.58,1.14,1.23,5.99,88.54,51.0,51.0,88.54,88.54,40.47,-12.5,77.0,1,False,False,False,20230512:-28.9%,205,77.45,64.59,61.66,52.27,25.6,48.2,16.1,周线多头,5.357,5.563,,True,75.5,34.13,2.6,105.0,True,61.66,75.5,26500835.0,1.17,True,4,,日周共振向上,
关注个股,SZ,301080,百普赛斯,20260924,121.41,-6.46,22.3,48.8,41.0,强多头,119.14,104.75,94.18,74.49,28.9,63.0,7.9,11.266,7.929,6.674,,"2.236,4.153,5.367,7.138,6.674",True,70.2,68.5,80.9,79.0,84.8,93.0,125.63,62.74,1.19,1.41,13.52,135.0,72.79,72.79,135.0,135.0,44.35,-10.1,85.0,0,False,False,False,20250711:-29.5%;20230607:-34.4%,252,121.41,94.76,82.83,63.17,46.6,92.2,31.8,周线多头,14.514,12.928,,True,119.14,35.87,1.9,103.0,True,82.83,119.14,73608163.4,1.11,True,4,,日周共振向上,
关注个股,SH,688046,药康生物,20260924,35.92,-6.97,4.0,17.5,7.6,多头,36.86,34.79,33.15,30.76,8.4,16.8,2.3,1.302,0.82,0.964,,"0.369,0.714,1.006,1.239,0.964",True,55.4,57.1,75.1,75.8,73.8,78.0,38.09,28.21,1.28,1.19,3.29,40.3,28.91,28.91,40.3,43.47,20.7,-17.4,67.0,0,False,False,False,,226,35.92,32.84,32.27,26.69,11.3,34.6,13.0,周线多头,4.246,1.345,,True,43.47,16.98,-17.4,71.0,False,32.27,43.47,73351611.1,0.69,True,4,,日周共振向上,
关注个股,SH,688710,益诺思,20260924,96.0,-8.37,6.4,13.7,6.5,多头,96.57,91.79,87.03,83.3,10.3,15.3,0.9,3.148,1.758,2.781,,"1.486,2.077,1.810,3.214,2.781",True,56.5,56.7,77.6,79.7,73.4,83.0,100.48,73.58,1.46,1.26,5.39,105.5,76.77,76.77,105.5,105.5,60.09,-9.0,79.0,0,False,False,False,,107,96.0,88.11,87.01,74.95,10.3,28.1,10.5,周线多头,8.808,2.916,,True,103.69,50.57,-7.4,86.0,False,87.01,103.69,16921414.2,1.09,True,4,,日周共振向上,
关注个股,SH,688796,百奥赛图,20260924,126.54,-6.61,-0.0,3.3,4.0,震荡,133.69,128.57,125.52,124.79,0.8,1.4,1.7,1.848,1.018,1.66,,"1.459,2.680,2.808,2.908,1.660",True,43.5,49.4,63.2,67.4,54.9,54.0,137.53,113.51,0.89,1.15,6.74,140.98,113.91,113.91,140.98,154.99,93.19,-18.4,54.0,0,False,False,False,,41,126.54,123.6,126.49,114.25,0.0,10.8,5.7,周线偏多,11.27,-0.587,周死叉(1周前),True,154.99,80.99,-18.4,62.0,False,126.49,154.99,17060114.0,0.74,True,4,,周多日震(回踩确认),
关注个股,SH,688202,美迪西,20260924,107.91,-7.83,3.9,14.2,7.5,多头,110.18,104.3,99.46,92.02,8.5,17.3,2.5,4.393,3.042,2.701,,"1.304,2.132,2.505,3.488,2.701",True,55.7,57.7,78.2,79.3,76.1,79.0,113.95,84.96,1.09,1.08,5.26,120.0,87.4,87.4,120.0,120.0,67.87,-10.1,77.0,0,False,False,False,20230602:-28.1%;20220608:-28.0%,353,107.91,98.89,95.44,80.91,13.1,33.4,10.1,周线多头,10.363,4.625,,True,113.6,50.5,-5.0,91.0,False,95.44,113.6,41146151.5,0.69,True,4,,日周共振向上,
关注个股,SZ,000739,普洛药业,20260924,25.3,-0.08,9.6,14.3,17.5,强多头,24.58,23.56,22.75,21.3,11.2,18.8,4.4,0.907,0.629,0.555,,"0.175,0.378,0.373,0.509,0.555",True,75.9,68.8,87.0,81.8,97.4,103.0,25.15,20.36,1.03,1.15,1.36,25.68,20.91,20.91,25.68,25.68,17.4,-1.5,95.0,0,False,False,False,20140530:-22.8%;20130621:-51.5%;20070705:-38.0%,1469,25.3,22.88,22.1,19.58,14.5,29.2,10.6,周线多头,1.695,1.004,,True,24.85,15.19,1.8,105.0,True,22.1,24.85,118261741.1,0.61,True,4,,日周共振向上,
关注个股,SZ,300347,泰格医药,20260924,56.81,-2.89,-0.4,5.6,11.9,震荡,57.91,56.84,54.21,51.75,4.8,9.8,3.1,1.73,1.401,0.657,,"1.071,1.218,1.080,1.000,0.657",True,52.6,56.5,74.3,79.6,63.8,71.0,60.48,47.94,0.56,0.89,1.4,59.88,48.51,48.51,59.88,59.88,42.2,-5.1,83.0,0,False,False,False,20190701:-32.6%;20150520:-51.4%;20140507:-48.3%,698,56.81,53.37,52.85,48.21,7.5,17.8,5.7,周线多头,0.799,2.564,,True,59.39,35.57,-4.3,89.0,False,52.85,59.39,96494534.4,0.49,True,4,,周多日震(回踩确认),
关注个股,SZ,002821,凯莱英,20260924,178.3,-5.16,-4.3,4.7,4.5,震荡,186.03,181.78,174.27,168.91,2.3,5.6,2.7,5.118,4.254,1.727,,"3.470,4.144,3.868,3.471,1.727",True,43.7,52.3,71.6,77.2,60.4,60.0,193.64,154.9,0.89,0.95,2.55,194.32,155.75,155.75,194.32,200.0,142.43,-10.8,62.0,0,False,False,False,20220721:-29.0%;20170614:-49.9%,505,178.3,171.12,167.8,152.15,6.3,17.2,2.8,周线多头,16.034,2.046,,True,200.0,106.83,-10.8,77.0,False,167.8,200.0,58055648.5,0.56,True,4,,周多日震(回踩确认),
关注个股,SZ,301047,义翘神州,20260924,146.86,-2.09,35.8,53.0,38.7,强多头,132.9,117.13,106.98,95.13,37.3,54.4,5.4,9.766,4.648,10.235,金叉(5日前),"1.363,2.677,5.742,9.081,10.235",True,84.4,73.0,84.2,78.5,95.7,108.0,141.26,72.69,1.49,1.62,10.34,158.88,91.08,91.08,158.88,158.88,66.62,-7.6,87.0,0,False,False,False,20220330:-49.9%,261,146.86,109.47,104.0,84.56,41.2,73.7,20.3,周线多头,13.136,10.827,,True,139.49,58.05,5.3,109.0,True,104.0,139.49,44889257.9,1.27,True,4,,日周共振向上,
关注个股,SH,688621,阳光诺和,20260924,72.75,-3.34,0.6,4.5,11.1,震荡,74.17,72.91,71.01,63.46,2.5,14.6,3.2,2.534,2.529,0.01,,"0.193,0.371,0.363,0.384,0.010",True,49.9,58.3,64.1,72.7,46.7,65.0,76.67,65.34,0.56,0.92,1.6,78.78,62.51,62.51,78.78,78.78,47.73,-7.7,81.0,0,True,False,False,20230512:-30.2%,266,72.75,69.68,65.72,59.73,10.7,21.8,11.8,周线多头,2.842,4.082,,True,74.5,46.68,-2.3,94.0,False,65.72,74.5,16498865.5,0.75,True,4,,周多日震(回踩确认),
关注个股,SH,688222,成都先导,20260924,44.19,-3.98,17.3,41.3,31.0,强多头,44.01,38.95,35.55,33.79,24.3,30.8,7.0,2.849,1.44,2.818,,"1.415,2.424,2.786,3.060,2.818",True,71.6,68.4,84.9,81.1,92.5,91.0,46.05,25.04,1.09,1.66,5.76,47.58,29.6,29.6,47.58,47.58,25.85,-7.1,84.0,0,False,False,False,,331,44.19,35.79,34.29,32.15,28.9,37.4,5.4,周线多头,2.796,1.798,周金叉(2周前),True,41.78,24.7,5.8,114.0,True,34.29,41.78,102816669.1,1.34,True,4,,日周共振向上,
关注个股,SH,603259,药明康德,20260924,162.4,-3.3,1.2,5.1,1.5,多头,165.23,161.11,158.16,145.86,2.7,11.3,0.9,3.763,3.383,0.76,金叉(4日前),"-0.882,0.363,1.056,1.391,0.760",True,51.7,56.6,74.5,75.5,72.4,72.0,167.82,148.49,1.03,1.11,1.4,171.2,149.7,149.7,171.2,173.6,114.52,-6.5,81.0,0,False,False,False,20210608:-16.8%;20200604:-28.1%;20190702:-29.1%,429,162.4,156.97,151.52,130.32,7.2,24.6,10.5,周线多头,15.904,5.255,,True,173.6,88.32,-6.5,87.0,False,151.52,173.6,267847940.8,0.56,True,4,,日周共振向上,
关注个股,SH,688073,毕得医药,20260924,74.55,-7.69,15.2,27.3,18.7,强多头,74.27,67.68,64.23,60.78,16.1,22.6,3.5,3.131,1.359,3.543,金叉(5日前),"0.757,1.703,2.759,3.863,3.543",True,63.0,60.7,85.1,80.3,94.5,90.0,77.25,51.2,1.22,1.28,6.83,80.8,54.54,54.54,80.8,88.88,44.46,-16.1,68.0,0,False,False,False,20230525:-29.4%,201,74.55,63.68,62.92,56.8,18.5,31.2,8.8,周线多头,2.487,3.947,,True,88.88,43.21,-16.1,69.0,False,62.92,88.88,24843463.0,1.04,True,4,,日周共振向上,
关注个股,SH,603127,昭衍新药,20260924,46.39,-2.89,5.1,9.0,-3.6,震荡,46.56,44.72,44.57,46.14,4.1,0.5,-0.7,-0.087,-0.575,0.976,金叉(5日前),"0.131,0.546,0.714,1.008,0.976",False,58.2,52.8,70.4,66.5,78.3,75.0,48.18,40.95,1.34,1.4,6.67,51.51,40.4,40.4,51.51,55.68,37.28,-16.7,50.0,0,False,False,False,20230725:-29.0%;20220808:-29.0%;20210805:-28.6%,465,46.39,44.8,46.23,42.42,0.4,9.4,1.7,周线偏多,2.649,-0.239,周死叉(3周前),True,55.68,30.7,-16.7,63.0,False,46.23,55.68,210973349.1,0.81,True,4,,周多日震(回踩确认),
关注个股,SZ,300725,药石科技,20260924,52.08,-4.18,12.5,22.8,11.2,强多头,51.49,47.91,45.83,43.89,13.6,18.7,1.6,1.753,0.742,2.023,金叉(5日前),"0.282,0.898,1.643,2.129,2.023",True,68.0,62.8,83.8,80.1,91.1,92.0,53.21,38.44,1.38,1.42,13.94,55.55,40.4,40.4,55.55,57.35,34.8,-9.2,77.0,0,False,False,False,20210426:-23.1%;20190508:-24.8%;20180518:-33.4%,455,52.08,45.73,45.65,40.6,14.1,28.3,8.9,周线多头,2.653,2.093,,True,57.35,30.9,-9.2,80.0,False,45.65,57.35,117149513.4,1.02,True,4,,日周共振向上,
关注个股,SZ,300363,博腾股份,20260924,23.83,-5.62,8.0,13.8,18.0,多头,23.97,22.71,21.32,19.55,11.8,21.9,3.9,1.164,0.842,0.644,,"0.325,0.515,0.606,0.774,0.644",True,61.6,61.6,78.1,80.2,73.9,84.0,25.0,17.63,0.98,1.08,4.41,25.98,18.6,18.6,25.98,25.98,14.83,-8.3,81.0,0,False,False,False,20150929:-36.2%;20150326:-57.5%,631,23.83,21.3,20.19,17.87,18.0,33.4,10.5,周线多头,0.542,1.741,,True,24.48,13.24,-2.7,94.0,False,20.19,24.48,158713885.5,0.62,True,4,,日周共振向上,
关注个股,SZ,301230,泓博医药,20260924,38.18,-4.72,20.1,30.0,16.4,多头,38.38,34.19,32.32,31.19,18.1,22.4,3.6,1.707,0.675,2.063,金叉(5日前),"0.486,1.347,1.917,2.232,2.063",True,68.5,63.6,81.6,74.3,96.3,90.0,39.7,24.94,1.15,1.8,12.62,41.14,27.64,27.64,41.14,41.76,22.55,-8.6,81.0,0,False,False,False,20260716:-24.1%;20240621:-25.7%;20230621:-30.3%,200,38.18,32.45,31.81,29.88,20.0,27.8,5.1,周线多头,1.384,1.389,,True,41.76,22.55,-8.6,81.0,False,31.81,41.76,88172600.2,1.4,True,4,,日周共振向上,
关注个股,SH,688131,皓元医药,20260924,103.54,-6.19,10.0,14.1,7.6,强多头,103.07,97.03,94.51,89.03,9.6,16.3,1.9,3.254,1.875,2.76,金叉(5日前),"0.259,1.265,1.595,2.959,2.760",True,60.9,59.8,80.5,76.0,89.7,90.0,105.75,83.26,1.58,1.56,3.18,111.3,85.2,85.2,111.3,111.3,67.0,-7.0,82.0,0,False,False,False,20240627:-27.5%;20230530:-28.1%;20220613:-30.4%,269,103.54,94.4,90.99,85.51,13.8,21.1,4.3,周线多头,6.18,2.696,,True,104.44,66.88,-0.9,98.0,False,90.99,104.44,26929018.9,1.03,True,4,,日周共振向上,
关注个股,SH,688617,惠泰医疗,20260924,236.04,-3.88,-3.2,-1.6,-5.8,空头,241.7,243.15,243.84,226.56,-3.2,4.2,-1.3,2.17,3.767,-3.195,,"-3.423,-3.111,-2.849,-2.344,-3.195",True,33.2,46.2,42.5,47.8,31.8,-3.0,251.21,236.46,1.09,0.96,1.11,254.0,233.08,233.08,254.0,271.0,182.0,-12.9,61.0,0,False,False,False,20250619:-31.3%;20240726:-31.1%,293,236.04,243.69,234.32,219.17,0.7,7.7,8.6,周线偏多,1.688,9.924,,True,271.0,176.28,-12.9,63.0,False,234.32,271.0,8111644.1,0.72,True,4,,周多日空(深度回调),
关注个股,SH,688161,威高骨科,20260924,21.64,-1.32,3.1,-4.5,-1.9,空头,21.75,21.47,21.82,21.83,-0.8,-0.9,-0.4,-0.105,-0.111,0.011,金叉(2日前),"-0.259,-0.146,-0.050,0.009,0.011",False,48.0,47.8,52.2,41.1,74.6,41.0,22.83,20.8,0.53,0.76,0.17,23.25,20.6,20.6,23.25,23.32,19.87,-7.2,51.0,0,False,False,False,,268,21.64,21.8,21.77,22.6,-0.6,-4.2,0.3,周线震荡,-1.614,0.337,周金叉(5周前),False,29.44,19.83,-26.5,19.0,False,21.77,29.44,6034963.5,0.67,True,4,,双周期偏弱,
关注个股,SZ,300760,迈瑞医疗,20260924,153.86,-1.03,-1.9,-7.1,-5.0,空头,156.18,157.89,162.66,154.79,-5.4,-0.6,-0.5,-0.727,0.826,-3.106,,"-3.361,-3.162,-3.083,-3.056,-3.106",False,19.3,38.2,4.8,9.1,-3.8,8.0,173.2,152.11,0.65,0.71,0.41,171.99,153.72,153.72,171.99,171.99,136.02,-10.5,50.0,0,False,False,False,,407,153.86,161.53,156.93,151.75,-2.0,1.4,5.3,周线震荡,-3.972,5.971,,False,176.56,130.66,-12.9,51.0,False,156.93,176.56,45631254.8,0.48,True,4,,双周期偏弱,
关注个股,SH,688578,艾力斯,20260924,104.22,-7.29,5.9,1.5,-9.4,空头,104.39,101.93,105.35,114.37,-1.1,-8.9,-2.2,-2.432,-3.143,1.422,金叉(2日前),"-1.651,-0.947,-0.301,1.409,1.422",False,50.0,46.5,52.0,41.4,73.3,44.0,115.22,95.48,1.77,1.56,2.14,114.77,97.85,97.85,114.77,138.3,97.85,-24.6,16.0,0,False,False,False,,298,104.22,105.67,111.27,105.07,-6.3,-0.8,-4.1,周线偏空,2.338,-2.526,周死叉(3周前),True,138.3,78.82,-24.6,43.0,False,111.27,138.3,36160848.6,1.02,True,4,,双周期偏弱,
关注个股,SZ,002653,海思科,20260924,61.31,-6.34,-1.7,-2.1,-8.2,空头,64.8,63.95,65.17,67.12,-5.9,-8.7,-0.2,-0.692,-0.622,-0.14,死叉(1日前),"-0.692,-0.019,0.277,0.351,-0.140",False,32.6,40.3,40.1,44.1,32.0,8.0,69.78,60.56,1.21,1.03,1.11,70.23,61.08,61.08,70.23,80.83,58.79,-24.1,11.0,0,False,False,False,20130912:-27.5%;20130311:-52.9%,752,61.31,64.76,65.98,61.74,-7.1,-0.7,-2.4,周线偏空,2.842,-1.235,周死叉(2周前),True,80.83,45.68,-24.1,44.0,False,65.98,80.83,33354368.1,0.67,True,4,,双周期偏弱,
关注个股,SZ,000504,南华生物,20260924,13.73,7.6,50.9,57.8,63.3,强多头,11.92,10.23,9.31,8.57,47.5,60.2,10.8,1.022,0.475,1.095,,"0.229,0.448,0.700,0.899,1.095",True,94.7,86.4,90.8,83.6,105.4,117.0,12.63,5.99,6.87,2.98,35.0,14.04,8.06,8.06,14.04,14.04,7.31,-2.2,95.0,4,False,False,False,19950523:-13.1%;19950519:43.7%;19940824:-12.8%,1610,13.73,9.71,8.93,8.71,53.8,57.7,10.3,周线多头,0.329,0.904,,True,10.01,7.02,37.2,224.0,True,8.93,10.01,33660574.8,6.86,True,4,,日周共振向上,
关注个股,SZ,300759,康龙化成,20260924,43.5,-3.38,-0.6,4.7,-3.5,震荡,44.28,43.36,42.84,41.34,1.5,5.2,-0.8,0.344,0.23,0.228,金叉(4日前),"-0.219,0.117,0.234,0.363,0.228",True,48.5,51.0,69.6,70.0,68.7,63.0,45.33,40.35,0.81,1.15,2.73,46.35,39.66,39.66,46.35,53.57,28.61,-18.8,60.0,0,False,False,False,20230727:-33.8%;20220614:-34.5%,392,43.5,42.41,42.98,35.04,1.2,24.1,11.1,周线偏多,4.094,1.424,,True,53.57,21.01,-18.8,69.0,False,42.98,53.57,326305093.5,0.67,True,4,,周多日震(回踩确认),
关注个股,SH,688331,荣昌生物,20260924,116.28,-6.79,1.9,1.9,-4.5,震荡,121.2,118.31,119.86,124.42,-3.0,-6.5,-0.0,-0.978,-1.463,0.969,金叉(4日前),"-1.359,0.193,1.205,1.764,0.969",False,39.7,44.6,53.7,53.4,54.2,29.0,128.5,111.21,1.25,1.28,2.01,128.96,110.2,110.2,128.96,157.8,106.9,-26.3,18.0,0,False,False,False,,230,116.28,117.96,121.13,120.0,-4.0,-3.1,-3.3,周线偏空,1.72,-3.944,,True,157.8,96.02,-26.3,33.0,False,121.13,157.8,36780129.8,0.85,True,4,,双周期偏弱,
关注个股,SH,688271,联影医疗,20260924,102.41,0.21,2.1,0.0,-2.7,震荡,102.11,101.98,103.68,108.04,-1.2,-5.2,-0.9,-1.648,-1.751,0.206,金叉(2日前),"-0.641,-0.324,-0.103,0.052,0.206",False,47.6,42.3,45.1,33.3,68.7,35.0,108.04,99.32,1.42,0.97,0.59,109.79,100.15,100.15,109.79,119.85,100.15,-14.6,11.0,0,False,False,False,,209,102.41,104.13,107.29,108.71,-4.5,-5.8,-0.7,周线偏空,-4.334,-0.149,周死叉(2周前),False,130.76,95.9,-21.7,19.0,False,107.29,130.76,23084894.9,0.6,True,4,,双周期偏弱,
关注个股,SZ,300298,三诺生物,20260924,16.15,-1.16,3.6,4.3,0.1,多头,16.18,15.79,15.82,15.79,2.1,2.3,0.1,0.053,-0.03,0.167,金叉(4日前),"-0.066,0.068,0.138,0.176,0.167",True,60.2,55.1,77.1,65.9,99.6,74.0,16.52,15.12,1.08,1.3,0.84,16.47,15.1,15.1,16.47,16.84,14.02,-4.1,76.0,0,False,False,False,20160311:-26.5%;20140513:-33.9%;20130403:-34.1%,705,16.15,15.81,15.92,15.55,1.4,3.9,2.7,周线偏多,-0.254,0.326,,False,17.29,13.37,-6.6,71.0,False,15.92,17.29,25852771.6,0.75,True,4,,日周共振向上,
关注个股,SH,688016,心脉医疗,20260924,85.01,-1.43,1.0,0.1,-6.4,空头,85.53,84.59,85.94,90.1,-1.1,-5.6,-1.7,-1.449,-1.721,0.544,金叉(4日前),"-0.292,0.102,0.315,0.550,0.544",False,44.7,40.9,67.6,55.6,91.4,38.0,89.74,82.15,0.75,0.81,0.65,91.79,82.36,82.36,91.79,97.43,82.36,-12.7,18.0,0,False,False,False,20240514:-33.7%,368,85.01,86.08,89.24,91.89,-4.7,-7.5,-2.1,周线偏空,-3.398,-1.391,,False,107.27,82.36,-20.8,11.0,False,89.24,107.27,7033603.9,0.51,True,4,,双周期偏弱,
关注个股,SH,688235,百济神州,20260924,258.0,-3.19,1.0,1.7,-7.8,空头,263.35,258.2,261.71,270.58,-1.4,-4.6,-1.6,-3.238,-4.132,1.788,金叉(3日前),"-2.390,-0.046,1.646,2.429,1.788",False,42.7,44.5,62.2,57.9,70.9,37.0,276.24,247.18,0.76,1.08,1.91,278.8,244.23,244.23,278.8,314.85,244.23,-18.1,19.0,0,False,False,False,,244,258.0,260.8,270.83,256.05,-4.7,0.8,0.6,周线震荡,2.957,-0.382,周死叉(1周前),True,314.85,205.51,-18.1,48.0,False,270.83,314.85,24020363.5,0.53,True,4,,双周期偏弱,
关注个股,SH,601101,昊华能源,20260924,13.06,-1.43,1.0,-4.1,-8.2,空头,13.26,13.17,13.61,12.55,-4.1,4.1,-0.2,0.051,0.146,-0.191,,"-0.366,-0.274,-0.195,-0.181,-0.191",True,40.6,47.7,40.9,34.4,53.9,27.0,14.81,12.41,0.38,0.57,0.75,15.32,12.7,12.7,15.32,15.32,10.26,-14.8,55.0,0,False,False,False,20220701:-21.0%;20120712:-20.4%;20110704:-54.6%,824,13.06,13.58,12.98,12.14,0.6,7.6,8.1,周线偏多,1.065,0.017,,True,15.32,10.08,-14.8,57.0,False,12.98,15.32,206984891.9,0.32,True,4,,周多日空(深度回调),
关注个股,SH,600546,山煤国际,20260924,13.36,-0.07,1.4,-2.8,-4.4,震荡,13.47,13.33,13.43,12.95,-0.5,3.2,-0.1,0.07,0.088,-0.037,,"-0.111,-0.057,-0.018,-0.029,-0.037",True,47.9,50.8,57.1,51.4,68.4,45.0,14.11,12.76,0.59,0.75,0.66,14.54,12.8,12.8,14.54,14.54,11.65,-8.1,59.0,0,False,False,False,20130805:-51.2%;20060921:-45.0%;20060727:-24.6%,1164,13.36,13.44,13.14,12.96,1.7,3.1,4.6,周线偏多,0.397,0.021,周金叉(5周前),True,15.73,10.8,-15.1,52.0,False,13.14,15.73,126733385.4,0.51,True,4,,周多日震(回踩确认),
关注个股,SH,601225,陕西煤业,20260924,25.83,0.58,1.6,-1.0,-4.3,震荡,25.69,25.74,26.07,25.17,-0.9,2.6,-0.7,0.016,0.097,-0.162,,"-0.369,-0.314,-0.223,-0.202,-0.162",True,50.9,50.5,48.1,40.1,64.1,39.0,27.18,24.96,0.84,0.84,0.3,27.8,24.91,24.91,27.8,27.8,21.36,-7.1,69.0,0,False,False,False,20230712:-11.2%,649,25.83,26.08,25.6,24.78,0.9,4.3,5.7,周线偏多,0.559,0.169,,True,28.2,20.02,-8.4,71.0,False,25.6,28.2,190732850.8,0.61,True,4,,周多日震(回踩确认),
关注个股,SH,600188,兖矿能源,20260924,19.76,-0.05,-1.9,-9.1,-12.9,空头,20.0,20.21,21.13,20.67,-6.5,-4.4,-2.1,-0.419,-0.238,-0.362,,"-0.589,-0.476,-0.390,-0.387,-0.362",False,33.3,40.3,18.4,18.5,18.0,19.0,23.38,18.89,0.48,0.77,0.36,23.81,19.4,19.4,23.81,23.81,17.31,-17.0,38.0,0,False,False,False,20240708:-28.8%;20230717:-41.9%;20060403:-15.0%,1424,19.76,21.08,21.02,20.67,-6.0,-4.4,4.8,周线震荡,0.622,-0.477,周死叉(3周前),True,27.8,17.29,-28.9,24.0,False,21.02,27.8,261819941.8,0.49,True,4,,双周期偏弱,
关注个股,SH,601088,中国神华,20260924,48.03,1.74,3.3,1.6,0.5,震荡,47.16,47.1,47.31,45.46,1.5,5.6,0.0,0.338,0.384,-0.092,,"-0.463,-0.419,-0.286,-0.235,-0.092",True,66.9,59.9,68.3,56.4,92.1,76.0,48.69,45.94,1.02,0.78,0.15,49.48,45.22,45.22,49.48,49.48,40.2,-2.9,84.0,0,False,False,False,,957,48.03,47.4,46.35,45.16,3.6,6.3,5.3,周线多头,0.89,0.55,,True,51.18,38.73,-6.2,75.0,False,46.35,51.18,141288574.2,0.57,True,4,,周多日震(回踩确认),
关注个股,SH,601898,中煤能源,20260924,14.01,0.65,0.0,-6.2,-6.3,空头,14.06,14.2,14.68,14.08,-4.6,-0.5,-1.2,-0.129,-0.015,-0.227,,"-0.335,-0.286,-0.247,-0.250,-0.227",False,38.7,44.2,22.4,20.3,26.8,22.0,15.86,13.5,0.53,0.64,0.23,16.29,13.7,13.7,16.29,16.29,12.47,-14.0,40.0,0,False,False,False,,955,14.01,14.63,14.3,14.4,-2.0,-2.7,5.4,周线震荡,-0.194,-0.009,周死叉(1周前),False,18.65,11.96,-24.9,31.0,False,14.3,18.65,221814552.8,0.44,True,4,,双周期偏弱,
关注个股,SH,601699,潞安环能,20260924,15.35,-0.2,0.3,-5.5,-11.3,空头,15.46,15.51,16.11,15.78,-4.7,-2.7,-2.2,-0.241,-0.143,-0.197,,"-0.385,-0.314,-0.234,-0.217,-0.197",False,37.2,42.0,28.1,21.9,40.4,24.0,17.57,14.65,0.47,0.75,0.45,18.28,15.04,15.04,18.28,18.28,14.15,-16.0,29.0,0,False,False,False,20230608:-15.6%;20150611:-22.9%;20110628:-50.3%,1019,15.35,15.97,15.95,15.85,-3.7,-3.2,2.6,周线震荡,0.341,-0.248,周死叉(3周前),True,19.76,13.99,-22.3,24.0,False,15.95,19.76,164764142.8,0.47,True,4,,双周期偏弱,
关注个股,SZ,300633,开立医疗,20260924,19.26,-2.48,3.8,-3.5,-1.5,空头,19.51,19.2,19.64,19.65,-1.9,-2.0,-0.1,-0.146,-0.144,-0.003,死叉(1日前),"-0.303,-0.167,-0.050,0.016,-0.003",False,44.7,46.3,53.2,42.6,74.4,36.0,20.97,18.31,0.64,0.87,1.0,21.35,18.4,18.4,21.35,21.41,18.01,-10.0,37.0,0,False,False,False,,485,19.26,19.45,19.73,19.85,-2.4,-3.0,1.2,周线震荡,-1.472,0.519,,False,24.5,17.2,-21.4,28.0,False,19.73,24.5,23842868.5,0.56,True,4,,双周期偏弱,
AI硬件,SH,688432,有研硅,20260924,55.13,0.24,0.2,19.9,40.0,强多头,54.82,51.96,48.62,41.73,13.4,32.1,8.1,4.013,3.436,1.154,,"2.117,1.988,1.489,1.354,1.154",True,65.2,62.2,73.7,71.4,78.5,83.0,58.44,38.79,1.0,0.97,5.64,60.59,37.66,37.66,60.59,60.78,23.27,-9.3,85.0,1,False,False,False,,197,55.13,48.47,44.28,33.69,24.5,63.7,22.7,周线多头,8.906,3.808,,True,60.78,14.87,-9.3,88.0,False,44.28,60.78,337708223.5,0.77,True,4,,日周共振向上,
AI硬件,SH,688143,长盈通,20260924,191.35,-1.16,-1.4,13.3,10.4,震荡,196.51,195.0,182.29,143.42,5.0,33.4,4.6,13.406,14.184,-1.558,死叉(2日前),"1.626,2.262,1.256,-0.141,-1.558",True,51.3,58.4,53.8,66.9,27.5,66.0,209.81,154.78,0.65,0.82,7.44,215.0,157.01,157.01,215.0,215.0,78.34,-11.0,83.0,0,True,False,False,20230629:-25.7%,193,191.35,181.48,149.98,156.3,27.6,22.4,7.8,周线偏多,24.43,6.098,周金叉(3周前),True,255.0,64.61,-25.0,67.0,False,149.98,255.0,78024469.1,0.57,True,4,,周多日震(回踩确认),
AI硬件,SH,688167,炬光科技,20260924,293.84,-4.88,-2.9,-6.7,1.0,震荡,301.92,296.27,296.56,259.53,-0.9,13.2,2.4,9.02,10.613,-3.187,,"-1.032,-1.712,-2.740,-1.767,-3.187",True,46.2,52.0,61.6,60.5,64.0,44.0,318.98,274.14,0.59,0.74,4.01,322.24,268.1,268.1,322.24,322.24,155.5,-8.8,83.0,0,False,False,False,20260610:-33.6%,243,293.84,297.31,263.86,287.89,11.4,2.1,1.7,周线偏多,18.051,-2.8,,True,424.88,155.5,-30.8,51.0,False,263.86,424.88,51155601.1,0.5,True,4,,周多日震(回踩确认),
AI硬件,BJ,920045,蘅东光,20260924,542.6,-3.07,-2.4,2.2,3.0,震荡,552.0,564.54,533.62,412.94,1.7,31.4,4.1,34.726,40.897,-12.343,死叉(4日前),"3.944,-1.379,-7.988,-9.134,-12.343",True,47.3,55.9,37.1,49.3,12.7,56.0,613.85,453.39,0.42,0.85,2.57,619.97,444.01,444.01,619.97,619.97,209.43,-12.5,81.0,0,False,False,False,,38,542.6,532.62,428.7,466.54,26.6,16.3,9.2,周线偏多,25.894,27.913,周金叉(3周前),True,765.0,209.43,-29.1,60.0,False,428.7,765.0,9010007.0,0.59,True,4,,周多日震(回踩确认),
AI硬件,SZ,300489,光智科技,20260924,271.15,2.7,21.3,28.1,12.0,强多头,249.52,229.0,227.69,218.86,19.1,23.9,3.7,8.81,3.219,11.182,金叉(4日前),"-1.744,1.494,4.744,8.434,11.182",True,84.8,66.5,78.1,64.4,105.3,109.0,264.51,190.87,1.25,1.3,10.91,288.88,197.01,197.01,288.88,290.0,124.27,-6.5,89.0,0,False,False,False,20200623:-31.5%;20160721:-49.7%,573,271.15,230.06,217.84,205.33,24.5,32.1,-4.2,周线多头,36.562,-2.28,周死叉(4周前),True,329.81,101.32,-17.8,74.0,False,217.84,329.81,65773483.6,0.95,True,4,,日周共振向上,
AI硬件,SZ,300394,天孚通信,20260924,267.93,-2.71,-3.5,-0.4,0.3,震荡,276.62,270.6,264.22,245.68,1.4,9.1,1.6,6.345,6.022,0.644,,"3.254,3.485,2.914,2.244,0.644",True,45.4,52.6,59.2,64.4,48.6,59.0,285.03,243.41,0.61,0.85,2.03,292.07,237.8,237.8,292.07,295.0,155.55,-9.2,81.0,0,False,True,False,20260612:-26.5%;20250609:-26.4%;20240530:-29.3%,593,267.93,265.37,247.27,268.95,8.4,-0.4,0.5,周线偏多,10.693,-3.696,,True,385.85,155.55,-30.6,49.0,False,247.27,385.85,240737323.2,0.45,True,4,,周多日震(回踩确认),
AI硬件,SH,688313,仕佳光子,20260924,157.3,-3.9,-2.1,5.0,-1.2,震荡,165.53,158.94,154.65,140.22,1.7,12.2,1.8,5.249,4.806,0.886,,"2.143,3.290,2.907,2.292,0.886",True,45.5,52.9,61.6,66.5,52.0,58.0,171.2,138.09,0.76,1.05,2.89,177.69,140.5,140.5,177.69,177.69,81.68,-11.5,79.0,0,False,False,False,,313,157.3,154.58,140.1,149.96,12.3,4.9,1.0,周线偏多,10.274,-0.268,,True,206.67,81.68,-23.9,61.0,False,140.1,206.67,118210069.4,0.56,True,4,,周多日震(回踩确认),
AI硬件,SZ,300570,太辰光,20260924,219.11,-3.13,1.4,7.8,4.6,多头,225.16,214.17,205.47,181.31,6.6,20.8,2.5,11.038,9.812,2.453,,"2.916,3.540,4.071,3.862,2.453",True,56.2,59.0,63.8,67.3,56.7,75.0,232.75,178.19,0.67,1.1,5.97,242.99,178.18,178.18,242.99,249.0,102.3,-12.0,80.0,0,False,False,False,20170630:-45.5%,502,219.11,206.72,180.29,187.66,21.5,16.8,-0.6,周线震荡,17.052,5.013,周金叉(2周前),True,285.85,102.3,-23.3,64.0,False,180.29,285.85,104969534.2,0.63,True,4,,双周期震荡,
AI硬件,SH,688025,杰普特,20260924,444.59,-1.16,2.2,9.0,6.6,多头,444.81,428.21,409.15,377.92,8.7,17.6,2.2,17.8,14.142,7.317,,"8.168,9.389,8.581,8.638,7.317",True,64.3,60.7,78.5,77.7,79.9,82.0,463.7,354.6,1.19,1.05,3.7,471.33,357.04,357.04,471.33,471.33,247.0,-5.7,88.0,0,False,False,False,,354,444.59,408.55,380.5,391.8,16.8,13.5,0.9,周线偏多,37.5,-1.892,,True,502.44,247.0,-11.5,77.0,False,380.5,502.44,18943755.4,0.59,True,4,,日周共振向上,
AI硬件,SZ,300620,光库科技,20260924,278.0,-3.87,-5.6,-7.3,-7.6,空头,290.21,290.19,292.71,279.61,-5.0,-0.6,-0.5,-0.338,1.253,-3.182,,"-1.180,-0.945,-1.101,-1.534,-3.182",False,30.5,44.1,31.5,43.0,8.4,12.0,312.13,273.29,0.71,1.01,3.2,325.98,276.19,276.19,325.98,333.54,184.35,-16.7,63.0,0,False,False,False,20230518:-31.5%;20211101:-33.8%,488,278.0,290.77,280.42,291.13,-0.9,-4.5,-2.1,周线偏空,19.956,-11.456,,True,413.3,184.35,-32.7,41.0,False,280.42,413.3,61264510.2,0.65,True,4,,双周期偏弱,
AI硬件,SZ,300548,长芯博创,20260924,231.02,-3.34,-0.2,7.6,6.9,多头,237.8,227.25,217.76,196.14,6.1,17.8,4.5,10.827,9.122,3.409,,"5.177,6.405,5.710,5.186,3.409",True,54.4,58.0,74.8,75.1,74.4,73.0,247.03,188.5,0.67,0.93,2.9,247.8,191.87,191.87,247.8,247.8,123.48,-6.8,87.0,0,False,False,False,20220513:-34.7%;20200520:-42.8%,510,231.02,216.87,195.7,214.73,18.0,7.6,-0.0,周线震荡,7.702,0.188,周金叉(1周前),True,309.98,123.48,-25.5,58.0,False,195.7,309.98,82535364.9,0.53,True,4,,双周期震荡,
AI硬件,SH,603228,景旺电子,20260924,103.55,-3.63,-0.7,-5.9,7.0,震荡,106.35,106.69,102.64,87.87,0.9,17.8,3.4,4.25,4.944,-1.388,死叉(5日前),"-0.483,-0.177,-0.588,-0.740,-1.388",True,44.1,53.6,30.9,44.6,3.6,53.0,117.39,87.88,0.63,0.84,2.42,113.6,85.6,85.6,113.6,113.6,61.54,-8.8,81.0,1,True,False,False,20200526:-28.7%;20190516:-29.5%,498,103.55,102.0,94.51,84.5,9.6,22.5,15.9,周线多头,9.748,4.78,,True,113.6,61.54,-8.8,81.0,False,94.51,113.6,230831533.5,0.55,True,4,,周多日震(回踩确认),
AI硬件,SZ,300476,胜宏科技,20260924,232.69,-4.75,4.4,1.2,-11.5,空头,238.83,232.75,231.91,245.98,0.3,-5.4,-1.3,-2.808,-4.985,4.354,金叉(5日前),"0.354,3.469,4.610,5.478,4.354",False,46.7,47.2,56.6,55.0,59.9,52.0,247.67,216.16,0.86,1.33,2.95,258.47,217.44,217.44,258.47,318.0,177.88,-26.8,39.0,0,False,False,False,20180316:-44.5%;20160503:-60.6%,578,232.69,229.97,237.35,281.7,-2.0,-17.4,-8.9,周线偏空,-17.905,-13.875,,False,402.6,177.88,-42.2,24.0,False,237.35,402.6,175558019.5,0.95,True,4,,双周期偏弱,
AI硬件,SZ,002463,沪电股份,20260924,124.05,-3.16,0.5,-3.0,1.7,震荡,125.36,125.78,123.73,121.42,0.3,2.2,1.4,1.509,1.481,0.056,,"0.513,0.462,0.270,0.489,0.056",True,46.0,50.9,55.7,59.6,47.8,52.0,132.12,115.33,0.8,1.04,1.97,131.25,110.59,110.59,131.25,142.99,94.73,-13.2,61.0,1,False,False,False,20140627:-18.9%;20130424:-19.6%;20120410:-29.4%,824,124.05,121.8,119.33,124.43,4.0,-0.3,-4.2,周线震荡,7.254,-4.237,,True,158.2,94.73,-21.6,46.0,False,119.33,158.2,258830118.5,0.73,True,4,,双周期震荡,
AI硬件,SH,601208,东材科技,20260924,56.44,2.62,7.9,16.2,14.9,强多头,53.54,51.97,50.2,47.5,12.4,18.8,4.2,1.981,1.3,1.361,,"0.967,1.009,0.895,1.117,1.361",True,75.2,64.5,83.1,74.4,100.6,103.0,56.07,44.33,1.36,1.18,9.23,56.88,44.86,44.86,56.88,66.85,32.25,-15.6,70.0,1,False,False,False,20210708:-21.7%;20120507:-50.1%,786,56.44,50.57,46.83,52.24,20.5,8.0,-6.8,周线震荡,3.33,-1.48,,True,80.46,32.25,-29.9,50.0,False,46.83,80.46,346351699.5,0.95,True,4,,日强周平,
AI硬件,SH,688205,德科立,20260924,210.68,-8.26,-1.6,-7.3,32.0,震荡,225.5,220.36,208.3,167.66,1.1,25.7,9.1,15.343,16.074,-1.462,死叉(1日前),"2.218,4.249,2.600,1.833,-1.462",True,44.1,54.0,48.6,60.3,25.0,53.0,247.78,168.82,0.75,0.89,6.96,244.0,156.45,156.45,244.0,244.0,105.01,-13.7,76.0,0,True,False,False,20250529:-21.3%,211,210.68,203.92,172.31,193.78,22.3,8.7,9.6,周线偏多,3.501,6.816,周金叉(2周前),True,310.88,105.01,-32.2,51.0,False,172.31,310.88,60206154.2,0.96,True,4,,周多日震(回踩确认),
AI硬件,SH,688498,源杰科技,20260924,1700.03,-2.01,-4.7,-1.1,4.2,震荡,1772.33,1747.61,1666.92,1549.85,2.0,9.7,3.1,65.419,67.404,-3.97,死叉(1日前),"35.650,36.818,23.551,10.474,-3.970",True,42.1,54.0,40.6,58.2,5.5,57.0,1900.01,1433.83,0.7,1.0,1.74,1888.0,1440.03,1440.03,1888.0,1919.0,995.01,-11.4,76.0,0,False,False,False,20260518:-32.8%;20230609:-28.8%,193,1700.03,1648.08,1518.4,1476.32,12.0,15.2,0.0,周线多头,216.099,-8.587,,True,1968.14,991.53,-13.6,73.0,False,1518.4,1968.14,21767560.9,0.54,True,4,,周多日震(回踩确认),
AI硬件,SZ,300857,协创数据,20260924,268.58,0.21,0.6,1.9,3.6,多头,270.19,264.07,262.82,253.12,2.2,6.1,2.5,4.451,3.729,1.444,金叉(5日前),"0.689,1.787,2.358,1.851,1.444",True,56.6,54.8,68.6,65.1,75.7,70.0,277.01,248.62,0.79,0.79,2.73,278.6,244.44,244.44,278.6,309.8,183.61,-13.3,67.0,0,False,False,False,20260422:-27.8%;20250512:-27.9%,316,268.58,260.85,251.76,257.84,6.7,4.2,-2.8,周线震荡,17.785,-6.903,,True,355.55,183.61,-24.5,49.0,False,251.76,355.55,104453058.9,0.49,True,4,,双周期震荡,
AI硬件,SH,688048,长光华芯,20260924,329.66,-5.51,0.5,7.7,8.2,多头,346.94,328.42,310.43,319.84,6.2,3.1,4.2,11.367,6.339,10.056,,"12.211,15.536,15.461,14.161,10.056",True,49.7,53.9,71.3,74.9,64.3,68.0,363.57,257.3,0.71,1.04,3.93,368.88,268.0,268.0,368.88,506.7,206.0,-34.9,41.0,0,False,False,False,20230607:-23.4%,230,329.66,306.44,295.39,341.52,11.6,-3.5,-10.7,周线震荡,14.167,-19.334,,True,509.11,206.0,-35.2,41.0,False,295.39,509.11,57116828.9,0.68,True,4,,双周期震荡,
AI硬件,SH,600487,亨通光电,20260924,67.38,-3.66,-1.6,5.4,-5.5,震荡,70.31,67.63,66.59,63.82,1.2,5.6,2.2,1.543,1.083,0.92,,"0.831,1.343,1.742,1.496,0.920",True,47.0,51.9,57.4,62.0,48.1,57.0,72.53,60.65,0.65,1.05,4.46,76.35,61.22,61.22,76.35,95.0,45.6,-29.1,44.0,0,False,False,False,20180629:-27.9%;20150924:-65.7%;20140526:-33.7%,1151,67.38,66.61,61.78,73.91,9.1,-8.8,-10.4,周线震荡,2.419,-4.385,,True,125.16,45.6,-46.2,27.0,False,61.78,125.16,1016231875.0,0.65,True,4,,双周期震荡,
AI硬件,SZ,301536,星宸科技,20260924,130.6,-2.4,15.7,14.0,8.6,多头,129.84,120.64,121.9,119.08,7.1,9.7,3.0,2.449,0.645,3.609,金叉(4日前),"-0.565,0.778,2.504,3.552,3.609",True,66.8,58.8,77.6,65.7,101.4,76.0,138.38,105.42,0.73,1.08,5.21,137.93,107.6,107.6,137.93,146.62,90.5,-10.9,71.0,0,True,False,False,,130,130.6,120.73,121.06,110.29,7.9,18.4,3.0,周线偏多,11.561,0.1,周金叉(1周前),True,146.62,73.61,-10.9,78.0,False,121.06,146.62,79636565.0,0.69,True,4,,日周共振向上,
AI硬件,SH,603893,瑞芯微,20260924,219.05,-1.78,20.9,19.9,20.8,多头,209.58,194.57,192.62,197.46,13.7,10.9,4.3,4.844,0.1,9.488,金叉(5日前),"0.284,2.289,6.007,8.726,9.488",True,78.8,65.9,79.7,66.0,107.2,99.0,219.86,165.39,1.17,1.45,3.7,228.74,175.6,175.6,228.74,233.88,170.88,-6.3,76.0,2,False,False,False,,341,219.05,191.06,195.5,189.31,12.0,15.7,0.3,周线偏多,4.961,1.757,周金叉(1周前),True,233.88,158.18,-6.3,80.0,False,195.5,233.88,72417287.9,1.17,True,4,,日周共振向上,
AI硬件,SH,600330,天通股份,20260924,28.6,-4.6,-3.6,0.9,-1.9,震荡,29.41,29.43,28.77,24.71,-0.6,15.7,1.9,1.008,1.182,-0.348,死叉(5日前),"-0.045,-0.129,-0.159,-0.158,-0.348",True,43.1,51.9,65.4,68.8,58.6,47.0,31.27,26.28,0.8,0.89,6.57,31.0,25.7,25.7,31.0,31.0,15.68,-7.7,84.0,2,False,False,False,20180625:-16.2%;20080613:-17.9%;20050617:-37.9%,1277,28.6,28.13,25.09,26.75,14.0,6.9,4.0,周线偏多,1.966,-0.002,,True,37.37,15.68,-23.5,60.0,False,25.09,37.37,588064300.0,0.6,True,4,,周多日震(回踩确认),
AI硬件,SH,603256,宏和科技,20260924,152.0,-3.06,4.7,17.7,8.0,震荡,153.15,145.29,138.86,153.26,9.5,-0.8,3.1,1.997,-1.642,7.278,,"6.360,6.751,8.040,8.183,7.278",True,63.4,56.6,78.5,76.9,81.6,80.0,160.46,117.26,1.07,1.38,2.89,163.81,118.73,118.73,163.81,251.9,112.6,-39.7,28.0,0,False,False,False,,369,152.0,138.09,141.77,173.82,7.2,-12.6,-19.8,周线震荡,7.408,-17.944,,True,304.0,112.6,-50.0,21.0,False,141.77,304.0,109070031.9,1.24,True,4,,双周期震荡,
AI硬件,SH,600183,生益科技,20260924,137.33,-4.34,-6.0,-6.6,-2.6,震荡,142.91,145.97,145.92,137.23,-5.9,0.1,1.9,1.523,2.82,-2.595,死叉(5日前),"-0.276,-0.624,-1.233,-1.598,-2.595",True,30.8,45.2,24.5,38.6,-3.9,-2.0,154.13,137.72,0.62,0.85,1.81,157.5,135.47,135.47,157.5,166.21,97.51,-17.4,58.0,0,False,True,False,20180528:-32.8%;20120601:-26.1%;20060925:-33.6%,1406,137.33,142.57,135.32,139.26,1.5,-1.4,-3.8,周线偏空,14.028,-5.149,,True,191.88,78.8,-28.4,52.0,False,135.32,191.88,367189643.0,0.58,True,4,,双周期偏弱,
AI硬件,SH,603186,华正新材,20260924,213.3,-6.32,-7.3,-2.2,16.3,震荡,225.2,231.8,209.75,172.99,1.7,23.3,6.5,15.697,17.177,-2.959,死叉(1日前),"7.038,4.894,2.316,0.413,-2.959",True,39.6,53.9,33.2,51.8,-3.9,53.0,261.42,158.08,0.7,0.8,9.21,264.0,167.5,167.5,264.0,264.0,97.8,-19.2,69.0,3,False,False,False,,498,213.3,204.12,173.6,170.51,22.9,25.1,3.1,周线多头,29.824,6.04,周金叉(3周前),True,269.87,80.1,-21.0,70.0,False,173.6,269.87,104657719.4,0.57,True,4,,周多日震(回踩确认),
AI硬件,SZ,301511,德福科技,20260924,103.3,-8.32,-3.4,-5.0,18.9,震荡,109.64,109.44,102.87,95.53,0.4,8.1,6.6,4.799,4.652,0.295,,"3.168,2.637,2.152,1.858,0.295",True,38.8,51.5,46.2,60.2,18.2,51.0,120.15,85.6,0.83,0.79,7.36,118.51,84.31,84.31,118.51,161.31,62.4,-36.0,41.0,0,True,False,False,20240520:-28.8%,160,103.3,99.15,91.41,108.99,13.0,-5.2,-11.3,周线震荡,7.986,-5.637,,True,178.88,62.4,-42.3,35.0,False,91.41,178.88,181048297.8,0.59,True,4,,双周期震荡,
AI硬件,SH,688361,中科飞测,20260924,370.3,-2.89,3.2,19.9,-0.9,多头,380.76,351.9,340.13,350.76,8.9,5.6,2.0,9.134,2.04,14.187,,"11.388,15.588,16.433,16.450,14.187",True,61.6,57.5,78.6,73.9,88.1,75.0,401.38,278.89,0.76,1.09,1.67,397.89,289.57,289.57,397.89,455.0,289.57,-18.6,49.0,0,False,False,False,,173,370.3,344.76,345.26,311.65,7.3,18.8,-2.0,周线震荡,41.901,-2.72,周死叉(4周前),True,458.98,188.0,-19.3,67.0,False,345.26,458.98,49178567.4,0.59,True,4,,双周期震荡,
AI硬件,SH,688300,联瑞新材,20260924,167.8,-8.36,-3.9,-8.5,-9.9,震荡,175.94,177.52,177.57,158.63,-5.5,5.8,3.1,4.287,5.676,-2.778,,"-0.746,-1.528,-1.744,-1.149,-2.778",True,38.2,48.2,44.7,51.1,32.0,17.0,192.14,162.99,0.71,0.74,4.37,202.88,161.36,161.36,202.88,217.58,98.78,-22.9,58.0,0,False,False,False,20250529:-23.1%;20230615:-33.8%;20221108:-31.2%,352,167.8,175.37,156.94,170.43,6.9,-1.5,-6.6,周线偏空,16.358,-5.911,,True,297.31,89.1,-43.6,38.0,False,156.94,297.31,73203074.6,0.56,True,4,,双周期偏弱,
AI硬件,SH,600176,中国巨石,20260924,43.06,-5.61,-8.7,-0.9,1.0,震荡,45.01,45.66,44.15,44.55,-2.5,-3.3,2.5,0.618,0.591,0.053,,"1.060,0.889,0.676,0.517,0.053",True,34.1,46.7,31.9,46.6,2.6,36.0,48.02,40.27,0.8,1.02,4.86,51.68,39.78,39.78,51.68,74.6,33.72,-42.3,23.0,0,False,False,False,20210521:-11.9%;20180517:-18.0%;20170516:-19.4%,1379,43.06,43.22,42.21,45.65,2.0,-5.7,-14.5,周线偏空,3.073,-2.869,,True,77.2,32.71,-44.2,23.0,False,42.21,77.2,1279248188.0,0.66,True,4,,双周期偏弱,
AI硬件,SH,688183,生益电子,20260924,114.08,-4.13,-5.2,-9.2,-6.3,震荡,118.67,121.32,123.82,114.42,-7.9,-0.3,2.2,0.815,2.38,-3.13,,"-1.536,-1.848,-2.348,-2.492,-3.130",True,26.6,44.2,14.0,23.4,-4.8,-4.0,132.89,114.74,0.77,0.85,1.81,138.47,113.38,113.38,138.47,138.47,81.5,-17.6,57.0,0,False,False,False,,286,114.08,122.03,114.38,117.96,-0.3,-3.3,-1.1,周线偏空,5.182,-1.914,,True,153.94,81.5,-25.9,45.0,False,114.38,153.94,91857307.2,0.72,True,4,,双周期偏弱,
AI硬件,SZ,002428,云南锗业,20260924,91.63,-2.92,-1.4,1.8,-9.6,空头,93.55,92.42,92.7,91.08,-1.2,0.6,-0.9,-0.182,-0.283,0.202,金叉(4日前),"-0.208,0.030,0.345,0.486,0.202",False,42.0,47.6,62.4,62.0,63.2,42.0,99.17,86.22,0.77,0.98,5.81,105.55,85.08,85.08,105.55,113.0,60.8,-18.9,59.0,0,False,False,False,20130513:-49.4%;20120424:-51.4%;20110527:-24.3%,834,91.63,92.06,90.79,92.78,0.9,-1.2,-4.2,周线偏空,8.296,-4.537,,True,132.88,60.8,-31.0,43.0,False,90.79,132.88,334503889.0,0.57,True,4,,双周期偏弱,
AI硬件,SZ,301217,铜冠铜箔,20260924,112.3,-5.81,0.4,3.6,-1.9,震荡,114.18,112.69,111.11,112.55,1.1,-0.2,0.5,0.591,-0.188,1.558,,"1.365,1.203,1.437,2.119,1.558",True,48.6,50.2,70.9,69.1,74.5,56.0,121.4,100.82,0.91,1.01,3.49,123.97,99.66,99.66,123.97,167.67,77.28,-33.0,39.0,0,False,False,False,,238,112.3,109.62,107.45,120.09,4.5,-6.5,-12.4,周线震荡,10.552,-9.256,,True,202.15,75.3,-44.4,29.0,False,107.45,202.15,189749888.0,0.68,True,4,,双周期震荡,
AI硬件,SZ,301377,鼎泰高科,20260924,378.99,-3.41,-5.1,-3.1,-9.1,空头,395.62,396.39,395.57,415.72,-4.2,-8.8,-0.4,-5.543,-5.686,0.286,,"5.166,4.697,4.040,2.808,0.286",False,31.0,41.8,36.5,50.5,8.4,10.0,416.23,374.91,0.88,1.05,2.39,425.0,372.24,372.24,425.0,539.0,323.59,-29.7,26.0,0,False,False,False,,197,378.99,392.15,402.36,419.99,-5.8,-9.8,-10.0,周线偏空,37.937,-34.135,,True,666.0,223.82,-43.1,35.0,False,402.36,666.0,17972746.8,0.66,True,4,,双周期偏弱,
AI硬件,SZ,300308,中际旭创,20260924,895.86,-2.89,-0.0,0.6,3.4,震荡,922.7,908.03,884.96,957.97,1.2,-6.5,1.4,-1.167,-9.208,16.083,,"22.146,24.991,24.078,21.831,16.083",False,45.0,48.3,53.5,62.1,36.2,57.0,960.85,809.06,0.75,0.87,1.67,974.99,804.02,804.02,974.99,1218.0,793.03,-26.4,24.0,0,False,False,False,20240606:-26.1%;20190604:-27.7%;20141008:-44.2%,708,895.86,884.13,917.5,1028.21,-2.4,-12.9,-8.8,周线偏空,29.083,-73.746,,True,1416.88,793.03,-36.8,16.0,False,917.5,1416.88,169008751.5,0.46,True,4,,双周期偏弱,
AI硬件,SZ,300502,新易盛,20260924,435.0,-3.59,2.5,5.9,6.3,震荡,448.59,431.29,416.67,446.43,4.4,-2.6,2.2,4.853,-1.182,12.069,,"11.960,14.926,15.902,15.279,12.069",True,51.6,52.4,65.8,68.4,60.6,71.0,460.88,372.45,0.74,0.95,1.99,475.0,378.56,378.56,475.0,579.42,347.0,-24.9,38.0,0,False,False,False,20260611:-28.5%;20250528:-27.7%;20230608:-30.5%,541,435.0,417.6,427.11,468.29,1.8,-7.1,-8.7,周线震荡,14.848,-26.619,,True,618.87,347.0,-29.7,32.0,False,427.11,618.87,229766154.2,0.51,True,4,,双周期震荡,
AI硬件,SH,688825,长鑫科技,,,,,,,数据不足,,,,,,,,,,,,,,,,,,,,,,,,,,,,,,,,,,,,,,,,,,,,,,,,,,,,,,,,,,,,,,,样本不足,insufficient(44)
AI硬件,SH,601869,长飞光纤,20260924,438.0,-4.34,-6.2,0.5,2.6,震荡,453.29,459.02,435.31,387.41,0.6,13.1,3.7,19.772,21.354,-3.164,死叉(1日前),"7.492,5.243,2.865,0.995,-3.164",True,39.8,53.7,42.4,60.8,5.6,52.0,490.77,379.86,0.63,0.86,2.1,483.8,374.5,374.5,483.8,492.0,255.55,-11.0,77.0,0,False,False,False,,419,438.0,433.63,382.88,406.95,14.4,7.6,-1.3,周线震荡,38.17,-4.97,,True,600.0,255.55,-27.0,53.0,False,382.88,600.0,70550368.9,0.62,True,4,,双周期震荡,
AI硬件,SH,688195,腾景科技,20260924,188.12,-3.23,0.3,-7.2,6.0,震荡,193.37,189.73,192.92,160.87,-2.5,16.9,2.9,5.985,7.822,-3.674,,"-3.477,-3.749,-3.294,-3.040,-3.674",True,44.6,52.0,47.5,44.1,54.2,34.0,208.24,177.6,0.47,0.84,3.15,215.5,174.19,174.19,215.5,215.5,98.68,-12.7,77.0,0,False,False,False,20260529:-29.0%,281,188.12,191.53,167.25,183.44,12.5,2.6,9.2,周线偏多,3.254,2.387,周金叉(2周前),True,280.25,98.68,-32.9,49.0,False,167.25,280.25,59542337.8,0.67,True,4,,周多日震(回踩确认),
AI硬件,SZ,300684,中石科技,20260924,118.62,-0.74,26.5,42.1,31.9,强多头,109.51,99.44,95.13,73.42,24.7,61.6,6.5,9.468,7.294,4.348,金叉(3日前),"-1.114,-0.368,1.537,3.523,4.348",True,84.7,73.1,79.9,70.7,98.2,106.0,116.18,74.07,0.91,0.96,10.87,126.99,78.5,78.5,126.99,126.99,41.26,-6.6,90.0,0,True,False,False,20190603:-36.8%;20180907:-44.0%,448,118.62,96.56,77.57,68.48,52.9,73.2,23.5,周线多头,12.347,10.465,,True,106.68,41.26,11.2,118.0,True,77.57,106.68,108054828.1,0.95,True,4,,日周共振向上,
AI硬件,SZ,301591,肯特股份,20260924,43.08,-5.55,-1.5,-5.0,-14.5,震荡,44.81,44.56,47.31,37.44,-8.9,15.1,1.8,1.181,1.947,-1.533,,"-1.854,-1.583,-1.517,-1.347,-1.533",True,38.0,48.8,45.4,43.9,48.6,25.0,55.6,39.01,0.55,0.6,17.03,60.48,41.0,41.0,60.48,60.48,23.02,-28.8,54.0,0,False,False,False,,134,43.08,47.01,38.87,41.77,10.8,3.1,4.8,周线偏多,0.125,1.87,周金叉(5周前),True,60.48,23.02,-28.8,54.0,False,38.87,60.48,53363725.4,0.64,True,4,,周多日震(回踩确认),
AI硬件,SH,688800,瑞可达,20260924,61.65,-7.82,-10.1,-11.0,-9.9,震荡,67.28,67.32,65.55,63.85,-6.0,-3.4,1.3,1.018,1.269,-0.504,死叉(1日前),"1.262,1.230,0.970,0.506,-0.504",True,27.6,43.6,36.8,55.5,-0.6,21.0,72.39,58.72,1.38,0.91,5.18,71.59,57.51,57.51,71.59,88.98,46.48,-30.7,36.0,0,True,False,False,20260617:-29.4%;20250530:-23.5%;20230519:-29.2%,265,61.65,64.16,61.37,73.38,0.5,-16.0,-9.0,周线偏空,-1.529,-2.851,,False,105.46,46.48,-41.5,26.0,False,61.37,105.46,67717942.2,0.59,True,4,,双周期偏弱,
AI硬件,SH,688668,鼎通科技,20260924,232.0,-5.26,-10.9,-9.6,-13.8,震荡,253.33,253.17,256.61,258.21,-9.6,-10.2,0.1,-2.187,-0.266,-3.841,死叉(2日前),"2.195,2.631,1.212,-0.910,-3.841",False,26.3,40.4,32.1,47.0,2.3,-15.0,275.66,237.55,1.01,1.02,3.14,276.62,232.0,232.0,276.62,366.18,171.21,-36.6,31.0,0,False,False,False,20240527:-28.0%,295,232.0,251.8,244.02,288.66,-4.9,-19.6,-10.1,周线偏空,10.262,-22.376,,True,444.0,171.21,-47.7,22.0,False,244.02,444.0,25890008.8,0.69,True,4,,双周期偏弱,
AI硬件,SZ,002851,麦格米特,20260924,122.61,-0.2,1.2,-4.1,-4.0,震荡,124.01,122.67,124.49,128.54,-1.5,-4.6,0.0,-0.885,-0.902,0.036,金叉(5日前),"0.017,0.242,0.158,0.095,0.036",False,45.9,47.9,47.4,43.7,54.9,37.0,131.94,117.04,1.44,0.94,8.35,139.6,116.16,116.16,139.6,176.53,96.77,-30.5,32.0,0,False,False,False,20190523:-34.5%;20180522:-33.6%,473,122.61,124.45,123.48,133.87,-0.7,-8.4,-8.2,周线偏空,2.691,-6.141,,True,189.98,96.77,-35.5,28.0,False,123.48,189.98,148478527.2,0.69,True,4,,双周期偏弱,
AI硬件,SZ,002536,飞龙股份,20260924,50.67,-3.06,-5.0,-5.7,-6.6,震荡,52.51,53.03,54.86,48.94,-7.6,3.5,1.1,0.863,1.741,-1.755,,"-1.350,-1.333,-1.508,-1.563,-1.755",True,28.2,46.5,20.7,27.4,7.3,13.0,60.59,49.12,0.5,0.7,5.01,63.97,50.3,50.3,63.97,63.97,30.91,-20.8,60.0,1,False,True,False,20190620:-39.6%;20160329:-66.4%,804,50.67,53.84,48.12,46.99,5.3,7.8,2.9,周线偏多,4.6,0.351,周金叉(4周前),True,63.97,30.91,-20.8,60.0,False,48.12,63.97,263647758.2,0.59,True,4,,周多日震(回踩确认),
AI硬件,SZ,300757,罗博特科,20260924,565.86,-5.37,-6.9,-11.4,2.5,震荡,602.22,607.55,602.16,515.8,-6.0,9.7,3.8,18.545,26.622,-16.154,,"-3.528,-4.468,-7.287,-10.226,-16.154",True,25.4,46.4,18.7,32.4,-8.8,19.0,660.49,543.83,0.9,0.87,3.21,660.0,531.12,531.12,660.0,660.0,353.49,-14.3,69.0,0,False,False,False,20240613:-29.3%,392,565.86,585.43,528.53,549.08,7.1,3.1,7.9,周线偏多,39.278,2.496,周金叉(2周前),True,714.0,353.49,-20.7,59.0,False,528.53,714.0,34738974.5,0.56,True,4,,周多日震(回踩确认),
AI硬件,SH,688627,精智达,20260924,458.05,-3.57,-5.8,-2.3,-10.8,震荡,480.79,473.15,477.42,493.59,-4.1,-7.2,0.3,-2.285,-2.243,-0.083,死叉(1日前),"5.355,5.971,4.555,3.109,-0.083",False,37.4,45.7,48.2,54.4,36.0,25.0,516.19,438.65,0.49,0.77,2.21,533.91,433.51,433.51,533.91,675.0,368.01,-32.1,29.0,0,False,True,False,,164,458.05,469.76,470.15,477.45,-2.6,-4.1,-9.4,周线偏空,41.751,-26.379,,True,736.36,296.58,-37.8,37.0,False,470.15,736.36,25374593.4,0.43,True,4,,双周期偏弱,
AI硬件,SH,600378,昊华科技,20260924,45.09,-3.65,-4.5,-6.5,-7.0,震荡,46.94,46.82,47.89,48.76,-5.8,-7.5,0.8,-0.387,-0.275,-0.224,死叉(1日前),"0.145,0.185,0.118,0.041,-0.224",False,33.2,44.0,51.6,56.8,41.3,18.0,52.22,43.56,0.48,0.64,2.89,54.65,43.45,43.45,54.65,85.8,37.5,-47.4,16.0,1,False,True,False,20061109:-44.9%;20020516:-24.2%;20010427:-24.1%,1266,45.09,47.51,46.61,49.65,-3.3,-9.2,-11.7,周线偏空,1.98,-2.606,,True,88.1,32.62,-48.8,22.0,False,46.61,88.1,313195999.5,0.48,True,4,,双周期偏弱,
AI硬件,SZ,002886,沃特股份,20260924,25.51,-6.01,-2.5,-1.9,6.3,震荡,26.44,26.26,26.67,22.31,-4.3,14.3,4.6,0.948,1.169,-0.442,,"-0.285,-0.246,-0.326,-0.264,-0.442",True,42.4,51.3,58.9,60.0,56.7,29.0,29.44,23.89,0.69,0.76,14.88,30.84,23.85,23.85,30.84,30.84,15.5,-17.3,65.0,3,False,False,False,20210513:-42.7%;20180613:-35.0%,473,25.51,25.72,22.46,24.71,13.6,3.2,2.1,周线偏多,0.36,0.587,周金叉(3周前),True,34.75,15.5,-26.6,52.0,False,22.46,34.75,136074982.9,1.03,True,4,,周多日震(回踩确认),
AI硬件,SZ,002384,东山精密,20260924,185.99,-3.63,-3.9,-4.0,-7.3,空头,193.66,191.62,190.32,203.46,-2.3,-8.6,-0.3,-1.504,-2.247,1.487,,"2.616,2.842,3.289,2.794,1.487",False,37.4,44.7,40.8,51.7,19.1,32.0,202.27,178.38,0.69,1.0,2.88,208.5,176.75,176.75,208.5,280.08,161.8,-33.6,20.0,0,False,False,False,20180828:-33.0%;20140617:-49.4%;20120606:-49.8%,803,185.99,190.17,192.31,212.46,-3.3,-12.5,-10.4,周线偏空,11.072,-16.826,,True,280.08,161.8,-33.6,20.0,False,192.31,280.08,364062919.5,0.6,True,4,,双周期偏弱,
AI硬件,SH,688256,寒武纪,20260924,1091.48,-1.05,-1.3,4.6,4.1,震荡,1108.29,1093.93,1086.86,1156.9,0.4,-5.7,2.2,-1.235,-8.983,15.497,,"23.107,22.979,23.042,19.831,15.497",False,47.4,49.1,66.6,66.5,66.7,54.0,1145.81,1027.92,0.73,0.9,1.04,1154.79,998.88,998.88,1154.79,1569.97,950.0,-30.5,23.0,0,False,False,False,20260508:-34.8%,317,1091.48,1072.65,1102.22,1213.77,-1.0,-10.1,-9.0,周线偏空,22.824,-69.031,,True,1620.0,950.0,-32.6,21.0,False,1102.22,1620.0,60544344.1,0.46,True,4,,双周期偏弱,
AI硬件,SZ,002975,博杰股份,20260924,110.9,0.3,5.9,11.6,2.6,强多头,108.27,104.71,103.0,99.48,7.7,11.5,0.8,2.361,1.356,2.01,,"0.702,1.163,1.374,1.810,2.010",True,74.6,59.2,76.0,70.8,86.3,95.0,111.73,94.27,1.25,0.92,11.66,117.64,92.8,92.8,117.64,130.3,69.34,-14.9,68.0,1,True,False,False,20260511:-19.4%;20200707:-49.8%,341,110.9,102.13,96.7,110.84,14.7,0.1,-6.8,周线震荡,4.631,-3.946,,True,157.97,69.34,-29.8,47.0,False,96.7,157.97,67860798.9,0.72,True,4,,日强周平,
AI硬件,SZ,002837,英维克,20260924,57.22,-6.58,-7.3,-6.3,-13.3,震荡,61.1,60.97,62.89,60.73,-9.0,-5.8,0.7,-0.047,0.471,-1.037,,"-0.444,-0.395,-0.447,-0.503,-1.037",False,24.0,40.6,35.5,41.8,23.0,-1.0,68.41,57.38,1.03,0.73,4.5,70.62,57.0,57.0,70.62,78.5,45.82,-27.1,35.0,0,False,False,False,20260601:-24.7%;20250530:-23.8%;20240527:-23.7%,486,57.22,61.89,58.27,65.07,-1.8,-12.1,-7.0,周线偏空,-2.572,-1.2,,False,89.69,45.82,-36.2,26.0,False,58.27,89.69,253351680.0,0.55,True,4,,双周期偏弱,
AI硬件,SZ,300499,高澜股份,20260924,35.92,-0.28,-6.1,-1.7,14.0,震荡,36.6,36.89,35.36,31.89,1.6,12.7,5.0,1.544,1.699,-0.309,死叉(2日前),"0.817,0.530,0.197,-0.090,-0.309",True,44.9,55.8,51.3,62.4,29.2,56.0,39.69,31.03,0.53,0.71,7.31,39.58,29.98,29.98,39.58,43.43,23.2,-17.3,63.0,0,True,True,False,20200623:-32.7%;20190621:-32.0%;20160908:-45.1%,544,35.92,34.49,31.16,34.6,15.3,3.8,-0.8,周线震荡,-0.219,0.576,周金叉(2周前),False,48.04,23.2,-25.2,51.0,False,31.16,48.04,144532767.6,0.7,True,4,,双周期震荡,
AI硬件,SZ,000636,风华高科,20260924,56.02,-4.63,-1.1,10.1,3.5,震荡,57.99,57.76,54.52,54.47,2.7,2.8,2.5,0.94,0.469,0.942,,"1.711,1.784,1.546,1.438,0.942",True,46.2,50.9,51.9,65.3,25.0,60.0,61.97,47.08,0.66,0.97,7.0,61.75,47.97,47.97,61.75,68.68,37.69,-18.4,59.0,1,False,False,False,20060406:-26.2%;20000912:-33.2%;19990909:-33.2%,1471,56.02,54.81,53.93,54.93,3.9,2.0,-5.2,周线震荡,6.437,-2.469,,True,84.0,24.52,-33.3,53.0,False,53.93,84.0,766846770.0,0.6,True,4,,双周期震荡,
AI硬件,SZ,300285,国瓷材料,20260924,70.0,1.45,5.9,16.0,-0.0,多头,67.95,66.93,65.11,66.79,7.5,4.8,0.8,0.554,-0.221,1.549,,"1.271,1.329,1.159,1.360,1.549",True,70.3,57.3,71.2,70.1,73.3,87.0,71.66,58.56,1.73,1.12,16.06,75.4,58.41,58.41,75.4,96.0,47.77,-27.1,46.0,0,False,False,False,20190403:-33.4%;20170606:-49.3%;20150612:-47.6%,729,70.0,65.84,65.82,66.6,6.4,5.1,-8.9,周线震荡,6.501,-3.173,,True,112.88,36.27,-38.0,44.0,False,65.82,112.88,558423894.5,0.68,True,4,,双周期震荡,
AI硬件,SZ,300408,三环集团,20260924,123.31,-5.44,-3.7,4.8,9.6,震荡,128.8,127.83,120.37,118.57,2.4,4.0,3.9,3.234,2.382,1.706,,"4.344,3.987,3.483,3.070,1.706",True,41.0,51.7,52.2,67.6,21.4,59.0,136.51,104.24,0.93,0.96,2.38,139.5,106.1,106.1,139.5,154.19,86.03,-20.0,55.0,0,False,False,False,20160418:-51.2%;20150522:-48.0%,603,123.31,119.85,118.22,123.09,4.3,0.2,-3.6,周线震荡,11.152,-4.812,,True,180.35,81.85,-31.6,42.0,False,118.22,180.35,304954057.0,0.6,True,4,,双周期震荡,
AI硬件,SH,603738,泰晶科技,20260924,37.8,-1.12,3.2,6.5,-10.2,震荡,38.07,37.04,36.85,37.27,2.6,1.4,-0.2,0.131,-0.16,0.58,,"0.361,0.581,0.606,0.642,0.580",True,56.5,52.3,77.2,73.8,84.1,66.0,39.88,33.82,1.09,0.96,7.48,42.52,33.41,33.41,42.52,57.94,26.63,-34.8,36.0,0,False,False,False,20230607:-28.8%;20220608:-28.6%;20180521:-28.9%,511,37.8,37.05,35.9,43.09,5.3,-12.3,-12.9,周线震荡,1.135,-3.09,,True,69.35,26.63,-45.5,26.0,False,35.9,69.35,189233471.0,0.52,True,4,,双周期震荡,
AI硬件,SH,515880,N/A,20260924,6.79,-3.14,-1.0,1.2,0.1,震荡,7.01,6.86,6.74,6.78,0.7,0.1,1.5,0.07,0.035,0.069,,"0.098,0.122,0.125,0.112,0.069",True,43.4,50.0,62.2,68.4,49.8,56.0,7.15,6.34,0.02,0.71,0.07,7.28,6.34,6.34,7.28,8.28,5.42,-18.0,48.0,0,True,False,False,20260706:-49.5%;20260203:-66.0%,362,6.79,6.73,6.62,7.31,2.6,-7.2,-6.1,周线震荡,0.12,-0.285,,True,9.54,5.42,-28.8,33.0,False,6.62,9.54,5355734896.1,1.35,True,4,,双周期震荡,
AI硬件,SZ,301526,国际复材,20260924,29.21,-3.63,-9.2,-0.7,-6.2,空头,30.6,31.06,29.65,32.55,-1.5,-10.3,-0.1,-0.343,-0.537,0.388,,"1.097,1.016,0.885,0.681,0.388",False,32.0,43.4,34.3,49.3,4.2,44.0,33.29,26.01,0.55,0.84,5.81,34.79,26.08,26.08,34.79,50.41,24.05,-42.1,20.0,0,False,True,False,,142,29.21,29.53,31.33,31.78,-6.8,-8.1,-14.0,周线偏空,3.44,-2.887,,True,54.1,16.52,-46.0,34.0,False,31.33,54.1,944728822.0,0.47,True,4,,双周期偏弱,
AI硬件,SH,600641,先导基电,20260924,51.56,7.87,40.1,71.6,51.6,强多头,44.03,38.29,35.04,34.08,47.2,51.3,9.2,3.491,1.39,4.202,,"1.274,1.803,2.545,3.387,4.202",True,94.4,81.0,94.4,86.9,109.3,118.0,47.19,22.88,2.2,1.62,16.71,52.58,28.1,28.1,52.58,52.58,22.35,-1.9,97.0,2,False,False,False,20200727:-15.2%;20180809:-14.4%;20090608:-46.2%,1641,51.56,36.52,33.72,33.46,52.9,54.1,-3.7,周线多头,3.852,1.364,周金叉(1周前),True,50.99,22.35,1.1,102.0,True,33.72,50.99,346818247.8,1.35,True,4,,日周共振向上,
AI硬件,SZ,002938,鹏鼎控股,20260924,82.94,-5.95,-8.6,-9.7,-7.0,震荡,88.15,89.1,88.95,91.27,-6.8,-9.1,-0.0,-0.93,-0.623,-0.616,死叉(1日前),"0.656,0.662,0.483,0.221,-0.616",False,22.5,38.6,18.5,30.6,-5.7,-3.0,94.63,83.28,1.23,1.0,1.19,97.0,82.48,82.48,97.0,107.89,76.05,-23.1,22.0,0,False,False,False,,410,82.94,87.59,89.38,95.82,-7.2,-13.4,-5.4,周线偏空,4.29,-5.708,,True,123.1,71.68,-32.6,22.0,False,89.38,123.1,124268757.8,0.71,True,4,,双周期偏弱,
AI硬件,SH,688630,芯碁微装,20260924,418.0,-5.15,-3.1,2.1,-4.7,震荡,429.82,423.01,412.85,412.96,1.2,1.2,0.1,4.806,2.933,3.745,,"6.996,5.779,5.305,6.358,3.745",True,45.9,50.2,68.5,72.7,60.0,57.0,447.21,378.49,0.77,1.03,2.22,448.88,366.58,366.58,448.88,525.0,297.57,-20.4,53.0,0,False,False,False,,281,418.0,409.95,405.93,402.97,3.0,3.7,-4.7,周线多头,43.944,-16.689,,True,577.66,246.65,-27.6,52.0,False,405.93,577.66,26338149.2,0.57,True,4,,周多日震(回踩确认),
AI硬件,SZ,000657,中钨高新,20260924,57.18,-3.35,-6.1,-3.8,-15.3,空头,59.77,60.17,60.69,63.59,-5.8,-10.1,-2.4,-1.342,-1.257,-0.169,死叉(1日前),"0.445,0.400,0.346,0.176,-0.169",False,26.9,40.0,36.7,49.8,10.5,12.0,65.3,56.08,0.62,1.0,2.49,69.4,56.3,56.3,69.4,96.53,47.47,-40.8,20.0,0,False,False,False,20230609:-23.0%;20180702:-28.4%;20130208:36.5%,1307,57.18,60.37,61.03,68.47,-6.3,-16.5,-12.8,周线偏空,1.699,-5.506,,True,113.99,47.47,-49.8,15.0,False,61.03,113.99,395580844.5,0.58,True,4,,双周期偏弱,
AI硬件,SZ,002080,中材科技,20260924,57.2,-5.77,-2.5,12.5,9.0,震荡,61.37,57.95,54.28,55.91,5.4,2.3,5.0,1.868,0.833,2.07,,"2.567,3.500,3.428,2.970,2.070",True,47.4,52.6,67.9,74.7,54.5,65.0,64.13,44.43,1.13,1.63,4.01,66.24,47.0,47.0,66.24,89.78,40.06,-36.3,34.0,1,False,False,False,20190523:-25.4%;20180515:-39.0%;20110517:-50.8%,992,57.2,53.76,52.95,62.57,8.0,-8.6,-15.0,周线震荡,0.752,-3.406,,True,102.22,40.06,-44.0,28.0,False,52.95,102.22,271860011.2,1.38,True,4,,双周期震荡,
AI硬件,SZ,002008,大族激光,20260924,89.09,-4.18,-6.0,-6.0,-1.0,震荡,94.5,94.16,93.67,98.81,-4.9,-9.8,1.9,-0.566,-0.626,0.121,,"2.172,2.007,1.523,0.991,0.121",False,31.6,42.5,36.0,52.6,2.9,10.0,99.34,88.0,0.7,0.95,3.39,101.06,85.73,85.73,101.06,140.68,80.32,-36.7,15.0,1,True,False,False,20110615:-34.2%;20080425:-37.0%;20070514:-36.9%,1125,89.09,91.37,93.28,112.46,-4.5,-20.8,-13.4,周线偏空,1.363,-9.712,,True,168.08,80.32,-47.0,10.0,False,93.28,168.08,228160471.5,0.7,True,4,,双周期偏弱,
AI硬件,SZ,301200,大族数控,20260924,243.52,-5.24,-5.9,-6.7,-13.8,空头,258.51,259.03,262.35,273.45,-7.2,-10.9,-1.4,-4.976,-4.012,-1.929,死叉(2日前),"0.864,0.826,0.442,-0.002,-1.929",False,28.1,39.6,29.2,41.0,5.6,-14.0,277.09,247.6,1.12,1.21,0.69,282.66,243.2,243.2,282.66,363.63,205.09,-33.0,24.0,0,False,False,False,,234,243.52,259.33,264.59,280.91,-8.0,-13.3,-9.5,周线偏空,17.215,-20.031,,True,395.36,176.37,-38.4,31.0,False,264.59,395.36,15908810.8,0.74,True,4,,双周期偏弱,
AI硬件,SZ,001309,德明利,20260924,394.43,-3.87,-0.6,-5.7,-8.2,震荡,408.88,401.89,408.02,472.38,-3.3,-16.5,0.1,-8.413,-11.567,6.308,,"7.424,8.769,8.980,8.727,6.308",False,37.9,43.2,50.3,50.1,50.6,23.0,433.46,382.59,0.7,0.92,4.67,448.25,381.0,381.0,448.25,954.19,334.0,-58.7,10.0,0,False,False,False,20250710:-28.7%;20240426:-22.8%;20230713:-28.3%,217,394.43,406.12,404.18,559.86,-2.4,-29.5,-27.9,周线偏空,-14.576,-67.423,,False,980.0,334.0,-59.8,9.0,False,404.18,980.0,84433562.6,0.45,True,4,,双周期偏弱,
AI硬件,SH,600522,中天科技,20260924,34.8,-2.74,-4.4,4.5,-3.5,震荡,36.08,35.49,34.5,35.17,0.9,-1.1,1.6,0.414,0.16,0.508,,"0.867,0.972,0.980,0.793,0.508",True,43.6,49.8,59.6,70.7,37.6,55.0,37.36,31.64,0.59,1.09,3.52,38.48,31.5,31.5,38.48,52.5,27.02,-33.7,31.0,0,False,False,False,20160630:-59.8%;20120510:-44.4%;20060619:-23.9%,1201,34.8,34.4,33.46,40.19,4.0,-13.4,-13.9,周线震荡,0.53,-2.723,,True,68.1,27.02,-48.9,19.0,False,33.46,68.1,1144944052.0,0.71,True,4,,双周期震荡,
AI硬件,SH,601138,工业富联,20260924,61.0,-3.14,-0.4,-4.6,-4.5,震荡,62.72,62.36,63.23,62.95,-3.5,-3.1,0.5,-0.364,-0.248,-0.232,,"-0.392,-0.164,-0.047,-0.008,-0.232",False,35.5,44.0,37.5,40.3,32.0,12.0,66.16,60.3,0.76,0.88,0.34,66.88,60.4,60.4,66.88,71.0,53.22,-14.1,44.0,0,False,False,False,,425,61.0,63.1,62.97,65.95,-3.1,-7.5,-1.2,周线偏空,0.488,-1.58,,True,84.95,53.22,-28.2,25.0,False,62.97,84.95,593431584.0,0.47,True,4,,双周期偏弱,
AI硬件,SZ,002415,海康威视,20260924,32.63,-1.45,0.6,-2.6,-7.5,空头,32.89,32.87,33.81,34.85,-3.5,-6.4,-1.3,-0.637,-0.596,-0.083,,"-0.366,-0.321,-0.190,-0.096,-0.083",False,35.8,37.6,42.4,37.4,52.6,24.0,36.06,31.57,0.51,0.85,0.27,36.18,32.1,32.1,36.18,39.18,32.1,-16.7,7.0,0,False,False,False,20170516:-34.1%;20160518:-34.7%;20130710:-50.0%,829,32.63,33.76,34.84,33.63,-6.4,-3.0,-0.4,周线偏空,0.443,-0.621,周死叉(3周前),True,39.18,29.76,-16.7,30.0,False,34.84,39.18,397406904.5,0.41,True,4,,双周期偏弱,
AI硬件,SZ,301128,强瑞技术,20260924,117.7,-2.57,-5.0,7.0,-2.1,震荡,121.19,117.31,117.86,115.65,-0.1,1.8,2.1,1.529,1.087,0.884,,"1.619,1.796,1.752,1.522,0.884",True,46.5,50.7,68.2,66.1,72.4,49.0,129.72,106.01,0.48,0.71,3.02,129.42,103.48,103.48,129.42,158.84,84.0,-25.9,45.0,0,False,True,False,20260519:-29.5%;20250523:-29.2%,249,117.7,115.65,110.8,128.88,6.2,-8.7,-8.1,周线震荡,2.09,-6.681,,True,191.8,84.0,-38.6,31.0,False,110.8,191.8,36113657.5,0.55,True,4,,双周期震荡,
AI硬件,SH,601133,柏诚股份,20260924,25.05,-3.73,6.0,7.2,-7.6,震荡,25.56,24.41,24.29,27.13,3.1,-7.7,-0.1,-0.214,-0.578,0.73,,"0.530,0.721,0.708,0.816,0.730",False,53.5,50.3,69.9,65.6,78.6,68.0,26.4,22.18,1.82,1.87,4.0,27.16,22.08,22.08,27.16,39.0,21.54,-35.8,20.0,1,False,False,False,20230411:-13.3%,177,25.05,24.6,25.36,28.6,-1.2,-12.4,-15.1,周线偏空,0.542,-2.152,,True,45.7,21.54,-45.2,15.0,False,25.36,45.7,62018431.6,1.48,True,4,,双周期偏弱,
AI硬件,SH,603929,亚翔集成,20260924,154.2,-2.85,-2.8,-3.6,-8.2,空头,159.19,157.41,157.84,169.99,-2.3,-9.3,-0.9,-2.232,-2.862,1.259,,"2.239,2.230,2.224,2.018,1.259",False,37.2,43.4,53.0,56.7,45.7,27.0,165.73,149.95,0.63,0.97,1.05,171.97,148.5,148.5,171.97,248.29,135.13,-37.9,17.0,0,False,False,False,,499,154.2,157.5,159.61,180.02,-3.4,-14.3,-14.0,周线偏空,0.007,-13.685,,True,285.0,135.13,-45.9,13.0,False,159.61,285.0,27620662.5,0.47,True,4,,双周期偏弱,
AI硬件,SH,603163,圣晖集成,20260924,82.0,-1.8,0.6,-1.5,2.1,震荡,83.34,81.77,81.03,85.37,1.2,-3.9,1.0,-0.096,-0.623,1.053,,"1.317,1.415,1.375,1.330,1.053",False,48.4,49.3,53.1,47.2,65.0,59.0,86.44,75.62,0.6,0.86,1.75,92.37,75.6,75.6,92.37,130.7,66.44,-37.3,24.0,1,False,False,False,20230615:-22.8%,203,82.0,80.7,80.17,95.7,2.3,-14.3,-14.5,周线震荡,-4.196,-5.239,,False,157.0,66.44,-47.8,17.0,False,80.17,157.0,15584627.5,0.57,True,4,,双周期震荡,
AI硬件,SZ,301205,联特科技,20260924,308.0,-5.2,2.5,1.6,-6.5,多头,321.0,303.62,302.38,277.0,1.9,11.2,0.9,7.486,5.94,3.093,金叉(4日前),"-0.270,2.237,4.441,5.165,3.093",True,48.9,52.5,71.7,67.0,81.1,58.0,335.52,269.24,0.71,0.89,5.41,340.88,269.03,269.03,340.88,340.88,153.0,-9.6,82.0,0,False,False,False,20230630:-46.4%,206,308.0,305.08,286.47,289.83,7.5,6.3,4.5,周线偏多,20.702,-1.643,,True,378.0,153.0,-18.5,69.0,False,286.47,378.0,43322746.9,0.43,True,4,,日周共振向上,
AI硬件,SZ,300395,菲利华,20260924,95.56,-2.95,-0.4,-4.9,6.8,震荡,95.78,96.09,95.2,90.84,0.4,5.2,2.4,1.472,1.48,-0.018,死叉(1日前),"0.233,-0.088,0.031,0.253,-0.018",True,48.6,52.0,43.0,44.7,39.6,53.0,100.62,89.77,0.68,0.92,3.27,102.99,87.56,87.56,102.99,119.88,69.8,-20.3,51.0,0,False,False,False,20220602:-33.6%;20170427:-32.7%;20160530:-37.1%,617,95.56,92.83,88.57,105.46,7.9,-9.4,-7.1,周线震荡,-3.668,-2.76,,False,153.58,69.8,-37.8,31.0,False,88.57,153.58,122957566.2,0.69,True,4,,双周期震荡,
AI硬件,SZ,002050,三花智控,20260924,36.08,0.25,4.2,1.7,-2.0,震荡,35.95,35.15,35.58,37.9,1.4,-4.8,-0.2,-0.456,-0.712,0.511,金叉(5日前),"0.023,0.257,0.409,0.471,0.511",False,61.5,49.7,64.3,53.4,86.1,65.0,37.21,33.96,1.26,1.18,1.39,37.25,33.28,33.28,37.25,49.41,33.28,-27.0,17.0,0,False,False,False,20200603:-23.1%;20190510:-21.6%;20150421:-49.7%,1051,36.08,35.58,36.46,41.43,-1.0,-12.9,-8.0,周线偏空,-2.862,-1.214,,False,56.0,33.28,-35.6,12.0,False,36.46,56.0,256654832.8,0.73,True,4,,双周期偏弱,
AI硬件,SH,688126,沪硅产业,20260924,24.8,-0.32,4.7,10.8,-1.7,多头,24.7,23.7,23.53,26.26,5.4,-5.6,0.1,-0.185,-0.579,0.788,,"0.518,0.668,0.753,0.799,0.788",False,72.6,54.2,80.9,73.8,95.0,81.0,25.56,21.5,1.46,1.2,2.46,25.74,21.48,21.48,25.74,40.35,21.48,-38.5,18.0,0,False,False,False,,328,24.8,23.69,24.49,27.36,1.3,-9.4,-13.6,周线震荡,0.045,-1.48,,True,43.87,21.08,-43.5,16.0,False,24.49,43.87,374662352.8,0.58,True,4,,双周期震荡,
AI硬件,SH,688783,西安奕材,20260924,29.91,-0.3,6.9,13.2,-6.5,震荡,29.69,28.35,28.41,33.6,5.3,-11.0,-1.4,-0.605,-1.181,1.152,,"0.712,0.885,1.040,1.137,1.152",False,68.0,51.5,77.7,69.7,93.6,75.0,31.45,25.37,1.97,1.35,15.24,32.28,24.97,24.97,32.28,59.75,24.02,-49.9,16.0,0,False,False,False,,47,29.91,28.66,29.79,36.79,0.4,-18.7,-22.3,周线震荡,-0.654,-3.172,,False,66.83,24.02,-55.2,14.0,False,29.79,66.83,149238322.1,0.74,True,4,,双周期震荡,
AI硬件,SZ,300088,长信科技,20260924,7.15,-2.85,-0.8,2.0,0.7,震荡,7.26,7.14,7.06,7.31,1.2,-2.2,0.7,-0.005,-0.054,0.098,,"0.104,0.116,0.116,0.125,0.098",False,48.1,49.3,69.0,69.0,68.9,62.0,7.42,6.71,0.77,1.03,3.14,7.51,6.68,6.68,7.51,10.48,6.02,-31.8,25.0,0,False,False,False,20170928:-49.9%;20150921:-51.2%;20130613:-27.1%,749,7.15,7.0,7.1,7.76,0.7,-7.9,-10.8,周线震荡,-0.018,-0.312,,False,12.35,6.02,-42.1,18.0,False,7.1,12.35,627124797.5,0.67,True,4,,双周期震荡,
AI硬件,SH,688008,澜起科技,20260924,214.5,-3.97,10.4,9.8,-3.0,多头,214.47,203.1,200.11,213.79,7.2,0.3,1.6,1.762,-2.155,7.833,,"2.821,4.568,7.013,8.450,7.833",True,61.0,55.4,71.6,68.3,78.4,83.0,221.95,178.27,0.81,1.33,2.27,233.19,183.21,183.21,233.19,297.96,180.25,-28.0,29.0,0,False,False,False,,368,214.5,201.94,207.62,228.17,3.3,-6.0,-8.1,周线震荡,6.034,-12.688,,True,332.9,180.25,-35.6,22.0,False,207.62,332.9,198366267.8,0.88,True,4,,双周期震荡,
AI硬件,SH,688146,中船特气,20260924,212.99,-2.03,-5.7,-5.3,-17.6,空头,224.45,225.62,230.3,260.63,-7.5,-18.3,-2.9,-11.005,-11.054,0.098,,"2.884,4.186,2.002,1.089,0.098",False,34.0,39.2,22.2,34.9,-3.1,11.0,252.34,208.26,0.67,1.27,5.48,263.8,212.56,212.56,263.8,370.0,161.37,-42.4,25.0,0,False,False,False,,177,212.99,230.94,254.64,257.76,-16.4,-17.4,-12.2,周线偏空,30.588,-29.98,,True,416.99,75.1,-48.9,40.0,False,254.64,416.99,84892556.5,0.68,True,4,,双周期偏弱,
AI硬件,SH,688549,中巨芯,20260924,23.27,-2.14,-1.8,4.8,-9.2,空头,23.82,23.58,23.23,25.37,0.2,-8.3,-1.7,-0.377,-0.554,0.353,,"0.487,0.535,0.468,0.445,0.353",False,44.6,46.4,61.1,63.6,56.1,51.0,25.05,21.4,0.57,0.93,2.32,26.37,20.97,20.97,26.37,41.83,18.05,-44.4,22.0,0,False,False,False,,157,23.27,23.2,24.46,24.55,-4.9,-5.2,-11.5,周线偏空,2.492,-1.848,周死叉(5周前),True,44.0,12.08,-47.1,35.0,False,24.46,44.0,425964728.0,0.47,True,4,,双周期偏弱,
