block,code,name,price_morning,pct_today,trend,delta_vs_friday,score,macd,kdj,rsi,vol_note,support,resistance,one_liner
1,SH688293,奥浦迈,74.03,+4.71%,上涨,走强,90,多头(零上) DIF3.85/DEA2.705,K82.4/D75.5/J96.1,67.7,显著放量(折算全天r=2.19),67.83,75.50,放量上涨(健康)，MACD多头零上，RSI68，J96
1,SH688710,益诺思,94.83,-0.09%,上涨,持平,63,金叉(零上) DIF2.094/DEA1.244,K85.7/D75.1/J106.9,61.0,温和放量(折算全天r=1.44),89.39,99.92,放量滞涨(警示)，MACD金叉零上，RSI61，J107
1,SH688758,赛分科技,32.51,-0.88%,上涨,走弱,76,多头(零上) DIF1.382/DEA0.913,K86.6/D78.6/J102.6,67.2,显著放量(折算全天r=2.28),30.12,33.33,放量下跌(警示)，MACD多头零上，RSI67，J103
1,SH688046,药康生物,36.66,+3.91%,上涨(新高),走强,80,金叉(零上) DIF0.969/DEA0.703,K80.5/D68.2/J105.1,63.3,温和放量(折算全天r=1.44),33.81,36.79,放量上涨(健康)，MACD金叉零上，RSI63，J105，20日新高
1,SH688202,美迪西,110.00,+3.58%,上涨↑破压,走强,83,金叉(零上) DIF3.48/DEA2.547,K82.6/D71.4/J105.1,65.1,显著放量(折算全天r=1.51),108.58,114.40,放量上涨(健康)，MACD金叉零上，RSI65，J105，突破压力
1,SZ000739,普洛药业,24.41,+3.96%,上涨↑破压,走强,90,多头(零上) DIF0.679/DEA0.526,K83.2/D79.5/J90.5,69.3,显著放量(折算全天r=1.58),23.98,25.39,放量上涨(健康)，MACD多头零上，RSI69，J90，突破压力
1,SH688690,纳微科技,47.21,+0.02%,上涨(新高),走强,76,多头(零上) DIF1.677/DEA0.773,K89.8/D82.8/J103.9,66.5,显著放量(折算全天r=1.61),44.09,47.87,放量滞涨(警示)，MACD多头零上，RSI66，J104，20日新高
1,SZ300347,泰格医药,58.97,+2.75%,上涨(新高),走强,89,多头(零上) DIF1.771/DEA1.155,K86.7/D80.9/J98.2,64.7,温和放量(折算全天r=1.38),56.68,59.39,放量上涨(健康)，MACD多头零上，RSI65，J98，20日新高
1,SZ002821,凯莱英,190.00,+2.59%,上涨(新高),走强,90,多头(零上) DIF5.539/DEA3.573,K81.4/D76.9/J90.3,62.9,显著放量(折算全天r=1.55),181.74,193.90,放量上涨(健康)，MACD多头零上，RSI63，J90，20日新高
1,SZ301047,义翘神州,118.92,+5.17%,上涨,走强,81,金叉(零上) DIF3.576/DEA2.361,K77.5/D63.6/J105.3,63.6,显著放量(折算全天r=2.31),105.68,130.00,放量上涨(健康)，MACD金叉零上，RSI64，J105
1,SH688621,阳光诺和,73.66,+0.46%,上涨(新高),走弱,78,多头(零上) DIF2.785/DEA2.718,K81.4/D78.4/J87.2,66.0,缩量(折算全天r=0.83),72.59,74.50,量价平稳，MACD多头零上，RSI66，J87，20日新高
1,SH688222,成都先导,45.75,+14.46%,上涨↑破压,走强,85,多头(零上) DIF1.659/DEA0.47,K84.9/D70.9/J112.8,75.7,显著放量(折算全天r=3.86),41.64,47.58,放量上涨(健康)，MACD多头零上，RSI76，J113，突破压力
1,SH603259,药明康德,166.78,+4.24%,上涨(新高),走强,82,空头(零上) DIF3.891/DEA3.999,K78.0/D68.0/J98.0,65.0,显著放量(折算全天r=1.84),158.75,165.88,放量上涨(健康)，MACD空头零上，RSI65，J98，20日新高
1,SH688073,毕得医药,71.40,+4.75%,上涨,走强,81,金叉(零上) DIF1.183/DEA0.437,K78.0/D63.9/J106.2,62.2,显著放量(折算全天r=2.11),63.59,75.29,放量上涨(健康)，MACD金叉零上，RSI62，J106
1,SH603127,昭衍新药,46.59,+1.81%,上涨,走强,68,金叉(零下) DIF-0.502/DEA-0.663,K67.3/D51.6/J98.8,54.7,显著放量(折算全天r=1.99),44.98,51.51,放量上涨(健康)，MACD金叉零下，RSI55，J99
1,SZ300725,药石科技,50.14,+6.18%,上涨,走强,70,金叉(零上) DIF0.645/DEA0.301,K80.2/D66.8/J107.1,63.1,显著放量(折算全天r=2.23),45.55,53.48,放量上涨(健康)，MACD金叉零上，RSI63，J107
1,SZ300363,博腾股份,23.68,+3.91%,上涨(新高),走强,86,多头(零上) DIF0.894/DEA0.647,K84.7/D76.8/J100.6,67.5,温和放量(折算全天r=1.19),21.92,23.62,放量上涨(健康)，MACD多头零上，RSI68，J101，20日新高
1,SZ301080,百普赛斯,118.10,+7.87%,上涨(新高),走强,87,金叉(零上) DIF8.392/DEA6.273,K80.9/D73.0/J96.8,72.1,显著放量(折算全天r=2.33),96.52,119.14,放量上涨(健康)，MACD金叉零上，RSI72，J97，20日新高
1,SZ301230,泓博医药,38.35,+8.92%,上涨(新高),走强,72,金叉(零上) DIF0.619/DEA0.013,K71.1/D55.4/J102.5,67.3,显著放量(折算全天r=4.44),31.38,38.15,放量上涨(健康)，MACD金叉零上，RSI67，J102，20日新高
1,SH688131,皓元医药,101.51,+2.85%,上涨(新高),走强,79,金叉(零上) DIF1.823/DEA1.292,K75.4/D59.7/J106.9,63.3,显著放量(折算全天r=1.54),93.30,102.30,放量上涨(健康)，MACD金叉零上，RSI63，J107，20日新高
1,SH688617,惠泰医疗,245.15,+2.15%,震荡,走强,63,空头(零上) DIF3.812/DEA5.443,K51.2/D46.8/J60.1,54.9,显著放量(折算全天r=1.56),233.08,268.80,放量上涨(健康)，MACD空头零上，RSI55，J60
1,SH688161,威高骨科,21.79,+2.11%,震荡,走强,49,空头(零下) DIF-0.182/DEA-0.11,K28.7/D25.7/J34.8,50.0,温和放量(折算全天r=1.3),21.13,23.25,放量上涨(健康)，MACD空头零下，RSI50，J35
1,SZ300760,迈瑞医疗,158.53,+1.06%,震荡,走强,49,空头(零上) DIF1.038/DEA2.522,K12.4/D19.9/J-2.4,48.6,量能持平(折算全天r=0.94),151.68,170.67,缩量上涨，MACD空头零上，RSI49，J-2
1,SH688578,艾力斯,101.75,+1.33%,下跌,走强,34,空头(零下) DIF-3.762/DEA-3.104,K20.8/D15.8/J30.9,41.1,显著放量(折算全天r=2.08),99.66,118.40,放量上涨(健康)，MACD空头零下，RSI41，J31
1,SH688428,诺诚健华,15.56,+5.78%,上涨,走强,64,空头(零上) DIF0.022/DEA0.052,K57.4/D49.9/J72.3,53.7,温和放量(折算全天r=1.45),13.40,16.60,放量上涨(健康)，MACD空头零上，RSI54，J72
1,SH600036,招商银行,40.80,+0.52%,上涨,持平,65,空头(零上) DIF0.487/DEA0.604,K31.7/D46.0/J3.0,55.2,量能持平(折算全天r=0.88),40.56,41.83,缩量上涨，MACD空头零上，RSI55，J3
1,SZ002142,宁波银行,34.95,+0.87%,上涨,走强,71,空头(零上) DIF0.596/DEA0.698,K48.4/D55.1/J35.2,58.9,量能持平(折算全天r=1.07),34.47,36.03,缩量上涨，MACD空头零上，RSI59，J35
1,SZ002653,海思科,66.92,+5.32%,震荡,走强,51,空头(零下) DIF-0.456/DEA-0.331,K41.6/D31.2/J62.6,54.8,显著放量(折算全天r=1.86),63.28,70.23,放量上涨(健康)，MACD空头零下，RSI55，J63
1,SZ000504,南华生物,11.01,+9.99%,上涨↑破压,走强,85,金叉(零上) DIF0.37/DEA0.144,K82.9/D67.5/J113.8,76.9,显著放量(折算全天r=1.57),10.37,11.45,放量上涨(健康)，MACD金叉零上，RSI77，J114，突破压力
1,SZ300759,康龙化成,45.27,+4.55%,上涨,走强,65,空头(零上) DIF0.432/DEA0.481,K75.2/D63.6/J98.3,57.9,显著放量(折算全天r=2.17),43.28,49.80,放量上涨(健康)，MACD空头零上，RSI58，J98
1,SH688331,荣昌生物,123.41,+7.46%,震荡,走强,43,空头(零下) DIF-1.833/DEA-1.714,K49.2/D37.0/J73.7,53.3,显著放量(折算全天r=2.5),110.20,130.80,放量上涨(健康)，MACD空头零下，RSI53，J74
1,SH688271,联影医疗,102.63,+1.61%,下跌,走强,33,空头(零下) DIF-1.933/DEA-1.736,K17.9/D17.0/J19.7,42.9,温和放量(折算全天r=1.4),100.15,109.66,放量上涨(健康)，MACD空头零下，RSI43，J20
1,SZ300298,三诺生物,16.14,+3.26%,上涨,走强,75,金叉(零下) DIF-0.07/DEA-0.072,K59.2/D41.3/J95.1,56.4,显著放量(折算全天r=1.89),15.58,16.53,放量上涨(健康)，MACD金叉零下，RSI56，J95
1,SH688016,心脉医疗,85.95,+1.40%,下跌,走强,32,空头(零下) DIF-1.909/DEA-1.894,K45.3/D28.6/J78.8,43.3,温和放量(折算全天r=1.2),83.98,93.65,放量上涨(健康)，MACD空头零下，RSI43，J79
1,SH688235,百济神州,269.13,+5.13%,震荡,走强,55,空头(零下) DIF-4.282/DEA-3.892,K56.5/D38.3/J92.8,52.8,显著放量(折算全天r=2.38),254.78,294.54,放量上涨(健康)，MACD空头零下，RSI53，J93
1,SH601101,昊华能源,13.33,+3.17%,震荡,走强,50,空头(零上) DIF0.109/DEA0.261,K21.2/D16.9/J30.0,52.4,缩量(折算全天r=0.67),12.41,15.32,缩量上涨，MACD空头零上，RSI52，J30
1,SH600546,山煤国际,13.43,+0.30%,震荡,走强,57,空头(零上) DIF0.081/DEA0.122,K41.9/D35.3/J55.3,53.6,量能持平(折算全天r=1.08),13.23,14.54,量价平稳，MACD空头零上，RSI54，J55
1,SH601225,陕西煤业,25.57,+1.47%,震荡,走强,55,空头(零上) DIF0.044/DEA0.218,K24.8/D25.1/J24.4,48.3,温和放量(折算全天r=1.13),25.10,27.80,放量上涨(健康)，MACD空头零上，RSI48，J24
1,SH600188,兖矿能源,12.22,+1.66%,下跌,走强,29,空头(零下) DIF-0.194/DEA-0.024,K11.8/D13.8/J7.6,41.7,缩量(折算全天r=0.75),11.99,14.54,缩量上涨，MACD空头零下，RSI42，J8
1,SH601088,中国神华,46.55,+0.69%,震荡,走强,47,空头(零上) DIF0.304/DEA0.547,K40.9/D44.2/J34.4,50.4,缩量(折算全天r=0.8),45.22,49.48,缩量上涨，MACD空头零上，RSI50，J34
1,SH601658,邮储银行,5.32,-0.19%,上涨,持平,53,死叉(零上) DIF0.08/DEA0.096,K23.8/D37.0/J-2.6,54.2,缩量(折算全天r=0.69),5.30,5.61,量价平稳，MACD死叉零上，RSI54，J-3
1,SH601009,南京银行,11.77,-0.25%,震荡,持平,48,死叉(零上) DIF0.121/DEA0.175,K28.5/D44.1/J-2.5,49.4,量能持平(折算全天r=0.87),11.50,12.44,量价平稳，MACD死叉零上，RSI49，J-2
1,SH601998,中信银行,8.88,-0.89%,上涨,持平,69,空头(零上) DIF0.242/DEA0.278,K60.9/D67.1/J48.4,63.7,缩量(折算全天r=0.84),8.94,9.07,缩量下跌，MACD空头零上，RSI64，J48
1,SH601328,交通银行,7.49,+0.40%,上涨,走弱,71,死叉(零上) DIF0.135/DEA0.135,K68.7/D75.9/J54.3,59.4,量能持平(折算全天r=1.03),7.35,7.66,量价平稳，MACD死叉零上，RSI59，J54
1,SH600941,中国移动,95.81,-0.85%,震荡,持平,41,空头(零上) DIF0.018/DEA0.485,K10.4/D19.2/J-7.2,41.3,显著放量(折算全天r=1.59),96.05,101.00,放量下跌(警示)，MACD空头零上，RSI41，J-7
1,SH600938,中国海油,33.15,+2.63%,震荡,走强,51,空头(零上) DIF0.112/DEA0.347,K27.8/D32.3/J18.8,50.0,温和放量(折算全天r=1.48),31.88,35.50,放量上涨(健康)，MACD空头零上，RSI50，J19
1,SH601857,中国石油,10.52,-0.38%,震荡,走弱,40,空头(零上) DIF0.02/DEA0.099,K19.2/D27.4/J2.7,43.4,温和放量(折算全天r=1.2),10.44,11.37,量价平稳，MACD空头零上，RSI43，J3
1,SH600028,中国石化,5.24,+1.55%,震荡,走强,55,空头(零上) DIF0.015/DEA0.06,K20.8/D27.1/J8.4,47.6,量能持平(折算全天r=1.07),5.09,5.65,缩量上涨，MACD空头零上，RSI48，J8
1,SH600919,江苏银行,12.11,-0.49%,震荡,走弱,51,空头(零上) DIF0.111/DEA0.163,K25.5/D38.0/J0.6,50.4,量能持平(折算全天r=1.08),11.92,12.80,量价平稳，MACD空头零上，RSI50，J1
1,SZ002948,青岛银行,5.07,+1.00%,震荡,持平,50,空头(零上) DIF0.055/DEA0.087,K28.9/D35.2/J16.3,52.8,显著缩量(折算全天r=0.07),4.84,5.33,缩量上涨，MACD空头零上，RSI53，J16
1,SH600926,杭州银行,17.22,+0.47%,上涨,走强,68,死叉(零上) DIF0.245/DEA0.293,K40.6/D53.4/J15.0,56.4,温和放量(折算全天r=1.21),17.08,17.72,量价平稳，MACD死叉零上，RSI56，J15
1,SZ000001,平安银行,11.65,-0.43%,震荡,走弱,45,空头(零上) DIF0.099/DEA0.144,K30.8/D36.2/J20.1,51.9,量能持平(折算全天r=0.96),11.32,12.08,量价平稳，MACD空头零上，RSI52，J20
1,SH601577,长沙银行,9.72,-0.72%,震荡,持平,48,空头(零上) DIF0.107/DEA0.151,K23.6/D37.4/J-4.0,50.0,量能持平(折算全天r=0.91),9.37,10.18,缩量下跌，MACD空头零上，RSI50，J-4
1,SH601169,北京银行,5.51,-0.54%,上涨,走弱,60,死叉(零上) DIF0.124/DEA0.135,K42.4/D60.6/J6.0,58.0,量能持平(折算全天r=1.05),5.43,5.69,缩量下跌，MACD死叉零上，RSI58，J6
1,SH601898,中煤能源,10.60,+1.05%,震荡,持平,40,空头(零轴附近) DIF-0.024/DEA0.099,K11.7/D14.4/J6.5,44.4,显著缩量(折算全天r=0.36),10.46,12.33,缩量上涨，MACD空头零轴附近，RSI44，J6
1,SH601318,中国平安,53.29,-0.15%,震荡,持平,43,空头(零上) DIF0.179/DEA0.562,K11.7/D16.6/J1.8,45.6,缩量(折算全天r=0.79),52.01,58.01,量价平稳，MACD空头零上，RSI46，J2
1,SH601628,中国人寿,37.63,-0.45%,震荡,走强,40,空头(零下) DIF-0.122/DEA-0.012,K26.8/D25.3/J29.9,47.0,量能持平(折算全天r=0.85),37.62,39.96,量价平稳，MACD空头零下，RSI47，J30
1,SH601336,新华保险,58.02,-0.28%,下跌,持平,23,空头(零下) DIF-0.597/DEA-0.344,K20.2/D19.1/J22.5,42.7,显著缩量(折算全天r=0.54),57.82,63.43,量价平稳，MACD空头零下，RSI43，J22
1,SH601699,潞安环能,15.54,+2.30%,下跌,走强,33,空头(零下) DIF-0.202/DEA-0.035,K14.2/D11.7/J19.2,43.8,量能持平(折算全天r=0.95),15.10,18.28,缩量上涨，MACD空头零下，RSI44，J19
1,SZ300633,开立医疗,19.42,+2.21%,下跌,走强,41,空头(零下) DIF-0.233/DEA-0.138,K22.8/D22.5/J23.3,48.4,温和放量(折算全天r=1.12),18.83,21.35,放量上涨(健康)，MACD空头零下，RSI48，J23
2,SH688025,杰普特,445.20,+0.60%,上涨(新高),走弱,76,多头(零上) DIF16.328/DEA11.589,K79.3/D72.4/J93.3,61.8,温和放量(折算全天r=1.39),421.76,454.97,放量上涨(健康)，MACD多头零上，RSI62，J93，20日新高
2,SZ300570,太辰光,221.67,-3.35%,上涨,走弱,73,金叉(零上) DIF10.55/DEA8.661,K69.5/D67.8/J72.8,61.6,显著放量(折算全天r=1.53),208.88,242.99,放量下跌(警示)，MACD金叉零上，RSI62，J73
2,SH688498,源杰科技,1810.99,-1.31%,上涨,走弱,67,多头(零上) DIF83.199/DEA63.754,K76.8/D77.1/J76.4,65.0,温和放量(折算全天r=1.14),1749.68,1888.00,放量下跌(警示)，MACD多头零上，RSI65，J76
2,SZ300857,协创数据,269.41,+0.57%,上涨,持平,71,金叉(零上) DIF3.911/DEA3.143,K62.7/D55.3/J77.4,56.0,量能持平(折算全天r=1.01),261.91,275.99,缩量上涨，MACD金叉零上，RSI56，J77
2,SH688143,长盈通,199.68,+2.13%,上涨,走强,77,多头(零上) DIF15.534/DEA14.499,K79.2/D74.5/J88.5,65.2,量能持平(折算全天r=0.88),193.58,205.55,缩量上涨，MACD多头零上，RSI65，J88
2,SZ300548,长芯博创,243.92,+2.14%,上涨(新高),走强,87,多头(零上) DIF10.755/DEA7.193,K81.2/D72.1/J99.4,66.1,温和放量(折算全天r=1.37),222.89,247.48,放量上涨(健康)，MACD多头零上，RSI66，J99，20日新高
2,SZ300394,天孚通信,279.38,-1.85%,上涨,走弱,66,多头(零上) DIF7.66/DEA5.76,K73.2/D67.8/J83.9,59.3,温和放量(折算全天r=1.15),268.83,292.07,放量下跌(警示)，MACD多头零上，RSI59，J84
2,SH601208,东材科技,52.88,+3.08%,上涨,走强,74,多头(零上) DIF1.389/DEA0.838,K69.4/D64.6/J78.9,58.4,显著放量(折算全天r=1.63),51.11,55.50,放量上涨(健康)，MACD多头零上，RSI58，J79
2,SH688048,长光华芯,363.33,+6.24%,上涨↑破压,走强,80,多头(零上) DIF8.78/DEA0.266,K83.2/D72.2/J105.0,64.9,显著放量(折算全天r=2.54),349.95,377.86,放量上涨(健康)，MACD多头零上，RSI65，J105，突破压力
2,SH600487,亨通光电,72.44,+4.25%,上涨(新高),走强,76,多头(零上) DIF1.172/DEA0.326,K71.5/D57.3/J99.9,62.2,温和放量(折算全天r=1.49),65.80,72.21,放量上涨(健康)，MACD多头零上，RSI62，J100，20日新高
2,SZ300620,光库科技,295.68,-0.58%,上涨,走弱,52,空头(零上) DIF2.165/DEA2.622,K54.7/D47.6/J68.8,51.9,显著放量(折算全天r=1.6),294.46,325.98,放量下跌(警示)，MACD空头零上，RSI52，J69
2,BJ920045,蘅东光,568.01,-0.52%,上涨,持平,71,多头(零上) DIF49.347/DEA49.279,K66.6/D72.3/J55.3,63.2,温和放量(折算全天r=1.18),554.89,619.97,放量下跌(警示)，MACD多头零上，RSI63，J55
2,SH688313,仕佳光子,171.68,+0.76%,上涨(新高),走弱,75,金叉(零上) DIF6.069/DEA4.413,K77.8/D65.4/J102.5,64.5,显著放量(折算全天r=1.59),156.73,172.82,放量上涨(健康)，MACD金叉零上，RSI64，J102，20日新高
2,SZ301536,星宸科技,125.96,+0.15%,上涨,走强,60,金叉(零轴附近) DIF0.121/DEA-0.12,K62.5/D40.5/J106.5,56.4,温和放量(折算全天r=1.43),118.79,137.93,放量滞涨(警示)，MACD金叉零轴附近，RSI56，J106
2,SH600330,天通股份,29.61,+0.82%,上涨,走弱,64,死叉(零上) DIF1.316/DEA1.327,K70.6/D68.6/J74.4,56.5,温和放量(折算全天r=1.11),29.02,31.00,放量上涨(健康)，MACD死叉零上，RSI56，J74
2,SH603256,宏和科技,149.99,+0.81%,震荡(新高),持平,58,多头(零下) DIF-1.725/DEA-5.261,K80.3/D67.0/J106.8,56.2,显著放量(折算全天r=2.08),141.23,152.18,放量上涨(健康)，MACD多头零下，RSI56，J107，20日新高
2,SH600183,生益科技,145.39,+1.01%,上涨,持平,67,死叉(零上) DIF3.348/DEA3.581,K46.6/D55.2/J29.3,52.5,温和放量(折算全天r=1.31),142.94,157.50,放量上涨(健康)，MACD死叉零上，RSI52，J29
2,SH688167,炬光科技,303.22,-2.70%,上涨,走弱,57,死叉(零上) DIF11.631/DEA11.723,K62.7/D57.6/J72.8,56.1,量能持平(折算全天r=0.93),299.75,322.24,缩量下跌，MACD死叉零上，RSI56，J73
2,SH603186,华正新材,231.01,+1.87%,上涨,持平,68,多头(零上) DIF20.17/DEA17.172,K66.8/D73.4/J53.6,63.2,量能持平(折算全天r=0.89),218.48,264.00,缩量上涨，MACD多头零上，RSI63，J54
2,SZ301511,德福科技,110.98,+0.43%,上涨,持平,62,多头(零上) DIF5.424/DEA3.701,K71.4/D74.8/J64.7,60.5,温和放量(折算全天r=1.14),110.06,118.51,量价平稳，MACD多头零上，RSI60，J65
2,SH688361,中科飞测,384.38,-0.51%,上涨(新高),走弱,59,金叉(零轴附近) DIF4.136/DEA-2.79,K76.1/D59.3/J109.5,62.1,温和放量(折算全天r=1.45),347.06,397.80,放量下跌(警示)，MACD金叉零轴附近，RSI62，J110，20日新高
2,SH688300,联瑞新材,177.35,+0.31%,上涨,走弱,57,死叉(零上) DIF6.023/DEA6.298,K53.0/D53.9/J51.3,54.0,缩量(折算全天r=0.79),176.25,202.88,量价平稳，MACD死叉零上，RSI54，J51
2,SH600176,中国巨石,45.76,+1.64%,震荡,走强,61,多头(零上) DIF0.82/DEA0.338,K55.9/D62.9/J41.8,54.7,显著放量(折算全天r=1.76),44.33,51.68,放量上涨(健康)，MACD多头零上，RSI55，J42
2,SH688183,生益电子,120.00,-0.99%,震荡,走弱,51,死叉(零上) DIF2.652/DEA3.477,K27.4/D37.9/J6.5,50.5,量能持平(折算全天r=1.07),120.83,138.47,缩量下跌，MACD死叉零上，RSI50，J6
2,SZ002428,云南锗业,93.73,+0.25%,震荡,走强,41,空头(零下) DIF-0.158/DEA-0.099,K61.7/D52.1/J81.0,51.3,温和放量(折算全天r=1.19),92.31,105.55,量价平稳，MACD空头零下，RSI51，J81
2,SZ301217,铜冠铜箔,112.17,-0.99%,震荡,走弱,44,多头(零下) DIF-0.204/DEA-0.842,K64.2/D58.6/J75.3,50.7,量能持平(折算全天r=1.06),112.40,123.97,缩量下跌，MACD多头零下，RSI51，J75
2,SZ301377,鼎泰高科,402.41,-1.58%,震荡,持平,45,多头(零下) DIF-3.831/DEA-6.232,K65.2/D59.0/J77.5,49.3,温和放量(折算全天r=1.32),400.87,425.78,放量下跌(警示)，MACD多头零下，RSI49，J78
2,SZ300308,中际旭创,941.36,+1.61%,震荡(新高),走强,63,多头(零下) DIF-6.927/DEA-20.979,K75.1/D67.9/J89.4,54.4,温和放量(折算全天r=1.11),893.45,949.73,放量上涨(健康)，MACD多头零下，RSI54，J89，20日新高
2,SZ300502,新易盛,460.47,+3.48%,震荡↑破压,走强,68,多头(零轴附近) DIF0.134/DEA-8.079,K77.7/D67.8/J97.3,59.6,温和放量(折算全天r=1.34),453.78,478.89,放量上涨(健康)，MACD多头零轴附近，RSI60，J97，突破压力
2,SH688825,长鑫科技,57.15,+2.90%,震荡,走强,50,空头(零上) DIF0.431/DEA0.775,K37.3/D30.8/J50.3,57.0,显著放量(折算全天r=1.54),54.56,59.90,放量上涨(健康)，MACD空头零上，RSI57，J50
2,SZ601869,长飞光纤,461.03,+1.33%,上涨,持平,70,多头(零上) DIF24.332/DEA20.517,K80.7/D80.1/J81.9,61.8,量能持平(折算全天r=0.92),441.06,478.00,缩量上涨，MACD多头零上，RSI62，J82
2,SH688205,德科立,234.06,+6.46%,上涨(新高),走强,90,多头(零上) DIF17.536/DEA15.016,K73.9/D72.4/J77.0,69.2,显著放量(折算全天r=1.53),215.35,233.83,放量上涨(健康)，MACD多头零上，RSI69，J77，20日新高
2,SH688195,腾景科技,188.60,-5.45%,上涨↓破支,走弱,56,空头(零上) DIF7.804/DEA9.367,K39.8/D41.0/J37.3,53.9,显著放量(折算全天r=1.56),160.19,193.23,放量下跌(警示)，MACD空头零上，RSI54，J37，跌破支撑
2,SZ300684,中石科技,100.58,+2.75%,上涨,走强,67,空头(零上) DIF6.727/DEA6.962,K65.6/D50.9/J95.0,65.0,缩量(折算全天r=0.77),91.79,106.68,缩量上涨，MACD空头零上，RSI65，J95
2,SZ301591,肯特股份,45.43,+2.25%,震荡,走强,50,空头(零上) DIF1.836/DEA2.635,K41.7/D34.2/J56.6,54.4,缩量(折算全天r=0.76),39.15,60.40,缩量上涨，MACD空头零上，RSI54，J57
2,SH688800,瑞可达,69.95,+0.91%,上涨,走强,71,多头(零上) DIF1.641/DEA0.847,K77.7/D71.3/J90.4,57.9,量能持平(折算全天r=1.01),68.23,71.59,缩量上涨，MACD多头零上，RSI58，J90
2,SH688668,鼎通科技,269.36,-0.09%,震荡,走强,68,多头(零轴附近) DIF1.512/DEA-0.417,K68.5/D57.2/J91.2,54.5,温和放量(折算全天r=1.1),257.47,276.62,量价平稳，MACD多头零轴附近，RSI54，J91
2,SZ002851,麦格米特,125.54,-0.99%,震荡,走强,46,金叉(零下) DIF-0.84/DEA-1.131,K39.8/D34.5/J50.4,50.4,量能持平(折算全天r=0.94),124.48,139.60,缩量下跌，MACD金叉零下，RSI50，J50
2,SZ002536,飞龙股份,54.42,+1.45%,震荡,走强,62,空头(零上) DIF1.912/DEA2.483,K33.2/D32.9/J33.7,54.8,温和放量(折算全天r=1.39),53.61,63.97,放量上涨(健康)，MACD空头零上，RSI55，J34
2,SZ300757,罗博特科,621.26,+0.11%,上涨,持平,60,死叉(零上) DIF30.432/DEA31.135,K46.9/D56.1/J28.5,62.0,量能持平(折算全天r=1.01),617.33,660.00,量价平稳，MACD死叉零上，RSI62，J28
2,SH688627,精智达,491.57,-2.27%,震荡,持平,48,金叉(零轴附近) DIF0.543/DEA-2.543,K66.4/D55.4/J88.5,52.2,量能持平(折算全天r=1.08),477.26,533.91,缩量下跌，MACD金叉零轴附近，RSI52，J88
2,SH600378,昊华科技,47.96,-0.08%,震荡,走强,51,多头(零下) DIF-0.207/DEA-0.34,K63.9/D50.7/J90.3,50.5,量能持平(折算全天r=0.92),47.55,54.65,量价平稳，MACD多头零下，RSI50，J90
2,SZ002886,沃特股份,26.38,-0.08%,上涨,持平,62,空头(零上) DIF1.162/DEA1.287,K56.1/D49.9/J68.3,56.0,缩量(折算全天r=0.8),26.33,30.84,量价平稳，MACD空头零上，RSI56，J68
2,SZ002384,东山精密,195.77,-0.19%,震荡,持平,52,多头(零下) DIF-1.949/DEA-3.6,K64.2/D56.1/J80.2,51.4,量能持平(折算全天r=1.08),190.94,208.96,量价平稳，MACD多头零下，RSI51，J80
2,SH688256,寒武纪,1113.76,+0.06%,震荡,走弱,51,多头(零下) DIF-6.673/DEA-18.897,K69.0/D61.9/J83.1,52.2,量能持平(折算全天r=1.0),1094.19,1154.79,量价平稳，MACD多头零下，RSI52，J83
2,SZ002975,博杰股份,105.81,+0.91%,上涨,走强,62,多头(零上) DIF1.15/DEA0.608,K65.1/D56.9/J81.5,54.3,量能持平(折算全天r=0.88),102.72,114.00,缩量上涨，MACD多头零上，RSI54，J82
2,SZ002837,英维克,62.39,-1.41%,下跌,持平,40,空头(零上) DIF0.521/DEA0.656,K42.5/D34.5/J58.4,51.8,缩量(折算全天r=0.8),62.52,70.62,缩量下跌，MACD空头零上，RSI52，J58
2,SZ300499,高澜股份,37.46,-0.69%,上涨,持平,69,多头(零上) DIF2.018/DEA1.613,K76.3/D78.6/J71.6,62.3,温和放量(折算全天r=1.16),36.30,39.58,放量下跌(警示)，MACD多头零上，RSI62，J72
2,SZ000636,风华高科,59.18,+1.68%,上涨(新高),走强,74,多头(零上) DIF0.851/DEA0.015,K76.7/D69.8/J90.4,57.3,显著放量(折算全天r=1.98),57.97,60.50,放量上涨(健康)，MACD多头零上，RSI57，J90，20日新高
2,SZ300285,国瓷材料,67.45,+0.43%,震荡,走弱,45,多头(零下) DIF-0.065/DEA-0.667,K72.5/D64.3/J88.8,52.9,显著放量(折算全天r=1.51),66.79,71.87,放量滞涨(警示)，MACD多头零下，RSI53，J89
2,SZ300408,三环集团,131.80,+0.64%,上涨(新高),走弱,66,多头(零上) DIF3.404/DEA1.175,K82.6/D81.9/J84.0,63.7,显著放量(折算全天r=1.86),128.18,180.35,放量上涨(健康)，MACD多头零上，RSI64，J84，20日新高
2,SH603738,泰晶科技,38.50,+1.61%,震荡,走强,50,多头(零下) DIF-0.177/DEA-0.487,K76.6/D61.9/J105.9,54.4,量能持平(折算全天r=1.08),37.04,42.69,缩量上涨，MACD多头零下，RSI54，J106
2,SH515880,通信ETF,0.712,+1.14%,震荡(新高),走强,67,多头(零下) DIF-0.005/DEA-0.016,K77.2/D67.9/J95.6,56.0,温和放量(折算全天r=1.13),0.68,0.71,放量上涨(健康)，MACD多头零下，RSI56，J96，20日新高
2,SZ301526,国际复材,31.35,+0.55%,震荡,走强,49,多头(零下) DIF-0.284/DEA-0.749,K61.9/D61.1/J63.5,51.0,温和放量(折算全天r=1.36),29.91,34.79,放量上涨(健康)，MACD多头零下，RSI51，J64
2,SH600641,先导基电,39.66,+6.33%,上涨↑破压,走强,77,多头(零上) DIF1.017/DEA0.14,K85.2/D68.7/J118.3,66.6,显著放量(折算全天r=2.08),38.25,41.25,放量上涨(健康)，MACD多头零上，RSI67，J118，突破压力
2,SZ300489,光智科技,226.45,+0.81%,震荡,走强,54,空头(零上) DIF0.699/DEA0.93,K48.2/D37.0/J70.4,53.4,显著放量(折算全天r=1.57),219.82,258.60,放量上涨(健康)，MACD空头零上，RSI53，J70
2,SZ002463,沪电股份,124.45,+0.77%,上涨,走强,58,多头(零上) DIF1.546/DEA1.264,K58.7/D65.7/J44.8,52.7,量能持平(折算全天r=1.08),121.80,131.25,缩量上涨，MACD多头零上，RSI53，J45
2,SH603228,景旺电子,109.99,+5.30%,上涨,走强,76,金叉(零上) DIF5.695/DEA5.657,K62.1/D67.1/J52.0,63.5,温和放量(折算全天r=1.45),99.01,113.60,放量上涨(健康)，MACD金叉零上，RSI64，J52
2,SZ002938,鹏鼎控股,90.04,+0.18%,震荡,走弱,38,多头(零下) DIF-0.327/DEA-0.686,K42.8/D47.2/J34.1,50.0,温和放量(折算全天r=1.45),89.49,97.00,放量滞涨(警示)，MACD多头零下，RSI50，J34
2,SH688630,芯碁微装,428.35,-2.61%,震荡,走弱,56,多头(零上) DIF5.014/DEA1.788,K78.7/D73.2/J89.7,54.4,温和放量(折算全天r=1.41),425.89,455.60,放量下跌(警示)，MACD多头零上，RSI54，J90
2,SZ300476,胜宏科技,232.20,+2.27%,下跌,走强,43,金叉(零下) DIF-6.631/DEA-7.422,K48.0/D40.1/J63.8,47.3,显著放量(折算全天r=1.91),226.27,264.94,放量上涨(健康)，MACD金叉零下，RSI47，J64
2,SZ000657,中钨高新,60.11,-2.67%,下跌↓破支,走弱,34,多头(零下) DIF-1.167/DEA-1.341,K59.9/D53.7/J72.3,45.6,显著放量(折算全天r=1.67),56.02,61.22,放量下跌(警示)，MACD多头零下，RSI46，J72，跌破支撑
2,SZ002080,中材科技,64.98,+7.90%,上涨(新高),走强,81,多头(零轴附近) DIF1.302/DEA-0.42,K82.0/D74.0/J98.0,69.1,显著放量(折算全天r=4.28),60.20,64.56,放量上涨(健康)，MACD多头零轴附近，RSI69，J98，20日新高
2,SZ002008,大族激光,97.22,-2.39%,震荡(新高),走弱,50,多头(零下) DIF-0.152/DEA-1.372,K72.3/D68.1/J80.8,52.8,显著放量(折算全天r=1.55),95.17,100.89,放量下跌(警示)，MACD多头零下，RSI53，J81，20日新高
2,SZ301200,大族数控,264.19,-2.57%,下跌,走弱,39,金叉(零下) DIF-3.097/DEA-3.599,K56.4/D48.0/J73.3,48.5,显著放量(折算全天r=1.79),266.58,292.99,放量下跌(警示)，MACD金叉零下，RSI48，J73
2,SZ001309,德明利,417.09,+0.97%,震荡,持平,43,多头(零下) DIF-13.36/DEA-19.311,K50.9/D38.5/J75.7,48.9,量能持平(折算全天r=1.06),407.62,448.25,缩量上涨，MACD多头零下，RSI49，J76
2,SH600522,中天科技,36.98,+2.78%,震荡(新高),走强,69,多头(零轴附近) DIF0.257/DEA-0.292,K85.2/D75.0/J105.6,58.7,显著放量(折算全天r=1.71),35.20,36.90,放量上涨(健康)，MACD多头零轴附近，RSI59，J106，20日新高
2,SH601138,工业富联,62.83,+0.19%,震荡,走强,35,空头(零下) DIF-0.267/DEA-0.151,K31.0/D31.0/J30.9,49.5,温和放量(折算全天r=1.35),61.74,66.88,放量滞涨(警示)，MACD空头零下，RSI50，J31
2,SZ002415,海康威视,32.40,-1.64%,下跌↓破支,持平,23,空头(零下) DIF-0.626/DEA-0.399,K18.0/D23.0/J8.1,34.6,温和放量(折算全天r=1.4),31.48,32.79,放量下跌(警示)，MACD空头零下，RSI35，J8，跌破支撑
2,SZ301128,强瑞技术,122.15,-1.45%,上涨,走弱,61,金叉(零上) DIF1.419/DEA0.365,K69.5/D56.2/J95.9,54.6,量能持平(折算全天r=0.89),121.85,129.42,缩量下跌，MACD金叉零上，RSI55，J96
2,SH601133,柏诚股份,25.79,-0.62%,震荡,持平,42,多头(零下) DIF-0.572/DEA-0.941,K73.6/D54.0/J112.6,54.0,显著放量(折算全天r=3.47),24.42,27.20,放量下跌(警示)，MACD多头零下，RSI54，J113
2,SH603929,亚翔集成,160.89,-1.70%,震荡,持平,44,多头(零下) DIF-2.671/DEA-4.046,K69.3/D56.8/J94.4,49.2,温和放量(折算全天r=1.25),159.44,171.97,放量下跌(警示)，MACD多头零下，RSI49，J94
2,SH603163,圣晖集成,83.13,-1.47%,震荡,走弱,48,多头(零下) DIF-0.652/DEA-1.562,K59.0/D51.4/J74.2,51.8,温和放量(折算全天r=1.5),80.95,86.68,放量下跌(警示)，MACD多头零下，RSI52，J74
2,SZ301205,联特科技,319.00,-1.43%,上涨,走强,66,金叉(零上) DIF5.932/DEA5.03,K66.8/D48.8/J102.7,57.4,量能持平(折算全天r=0.85),301.00,340.88,缩量下跌，MACD金叉零上，RSI57，J103
2,SZ300395,菲利华,94.91,+1.64%,震荡,走强,55,多头(零上) DIF1.354/DEA1.144,K41.1/D50.5/J22.2,52.1,量能持平(折算全天r=1.05),92.68,102.99,缩量上涨，MACD多头零上，RSI52，J22
2,SZ002050,三花智控,36.16,+2.41%,震荡,走强,56,金叉(零下) DIF-0.817/DEA-0.964,K48.6/D32.4/J81.1,49.8,显著放量(折算全天r=2.49),35.07,37.10,放量上涨(健康)，MACD金叉零下，RSI50，J81
2,SH688126,沪硅产业,24.56,+0.61%,震荡,走弱,46,多头(零下) DIF-0.616/DEA-0.946,K76.2/D56.2/J116.3,52.1,温和放量(折算全天r=1.28),23.60,25.39,放量上涨(健康)，MACD多头零下，RSI52，J116
2,SH688783,西安奕材-U,29.16,-1.02%,震荡,走弱,42,多头(零下) DIF-1.303/DEA-1.752,K67.6/D49.6/J103.6,47.8,温和放量(折算全天r=1.39),28.95,32.28,放量下跌(警示)，MACD多头零下，RSI48，J104
2,SH688432,有研硅,54.37,-4.31%,上涨,走弱,70,多头(零上) DIF4.092/DEA3.035,K74.1/D69.0/J84.1,62.5,温和放量(折算全天r=1.35),51.42,60.59,放量下跌(警示)，MACD多头零上，RSI62，J84
2,SZ300088,长信科技,7.28,+0.69%,震荡(新高),走强,60,多头(零下) DIF-0.049/DEA-0.116,K72.9/D62.3/J93.9,53.6,显著放量(折算全天r=1.67),7.10,7.36,放量上涨(健康)，MACD多头零下，RSI54，J94，20日新高
2,SH688008,澜起科技,210.55,+3.96%,震荡,走强,52,多头(零下) DIF-3.236/DEA-5.641,K72.4/D54.6/J108.0,54.6,显著放量(折算全天r=1.67),197.31,221.96,放量上涨(健康)，MACD多头零下，RSI55，J108
2,SH688146,中船特气,236.79,-1.01%,震荡,走弱,46,金叉(零下) DIF-9.555/DEA-11.1,K60.3/D46.3/J88.3,47.0,显著放量(折算全天r=1.67),237.90,274.99,放量下跌(警示)，MACD金叉零下，RSI47，J88
2,SH688549,中巨芯-U,24.19,-0.70%,震荡,走弱,44,多头(零下) DIF-0.443/DEA-0.685,K71.0/D59.6/J93.9,50.2,温和放量(折算全天r=1.5),23.80,28.99,放量下跌(警示)，MACD多头零下，RSI50，J94
2,SH603893,瑞芯微,196.37,+3.33%,震荡,走强,60,金叉(零下) DIF-1.653/DEA-2.538,K56.7/D37.7/J94.7,55.9,温和放量(折算全天r=1.41),184.75,210.94,放量上涨(健康)，MACD金叉零下，RSI56，J95
