block,code,name,close,pct_today,trend,score,score_old,score_delta,rank_new,rank_old,rank_delta,ma_status,macd,macd_old,kdj,rsi,vol_ratio,support,resistance,data_ok,n_bars,one_liner
1,SH688621,阳光诺和,74.99,+2.28%,上涨↑破压,91,94,-3,1,1,0,多头排列,多头(零上) DIF2.622/DEA2.437,多头,K84.5/D77.5/J98.4,72.4,量比1.43,73.47,无(新高),OK,131,放量上涨(健康)，MACD多头零上，RSI72，J98，20日新高，突破压力
1,SH603259,药明康德,167.96,+4.98%,上涨↑破压,87,87,+0,2,2,0,多头排列,金叉(零上) DIF3.301/DEA3.110,空头,K79.9/D69.5/J100.9,69.9,量比1.45,160.57,173.09,OK,131,放量上涨(健康)，MACD金叉零上，RSI70，J101，20日新高，突破压力
2,SZ002886,沃特股份,26.95,+2.08%,上涨,84,84,+0,3,3,0,多头排列,空头(零上) DIF1.175/DEA1.299,空头,K63.1/D53.9/J81.5,46.7,量比0.93,26.65,30.84,OK,131,量价平稳，MACD空头零上，RSI47，J81
1,SH688796,百奥赛图,138.00,+2.78%,上涨↑破压,81,66,+15,4,54,50,多头排列,多头(零上) DIF1.436/DEA0.096,多头,K74.5/D60.0/J103.5,65.4,量比1.32,129.17,154.99,OK,131,放量上涨(健康)，MACD多头零上，RSI65，J104，20日新高，突破压力
2,SH600522,中天科技,36.95,+2.70%,上涨↑破压,79,76,+3,5,8,3,多头排列,多头(零上) DIF0.366/DEA-0.117,多头,K85.5/D76.9/J102.6,62.7,量比0.93,35.81,62.00,OK,131,量价平稳，MACD多头零上，RSI63，J103，20日新高，突破压力
2,SH601208,东材科技,52.75,+2.83%,上涨,78,81,-3,6,5,-1,多头排列,多头(零上) DIF1.386/DEA0.882,多头,K69.6/D65.3/J78.2,60.9,量比0.97,52.01,55.50,OK,131,量价平稳，MACD多头零上，RSI61，J78
1,SZ301230,泓博医药,38.82,+10.25%,上涨↑破压,77,66,+12,7,56,49,多头排列,多头(零上) DIF0.565/DEA-0.112,多头,K72.5/D56.8/J103.9,72.3,量比2.28,33.19,41.76,OK,131,放量上涨(健康)，MACD多头零上，RSI72，J104，20日新高，突破压力
2,SH688048,长光华芯,362.23,+5.92%,上涨↑破压,77,83,-6,8,4,-4,多头排列,多头(零上) DIF9.150/DEA1.384,多头,K82.1/D71.8/J102.5,76.3,量比1.49,333.49,509.11,OK,131,放量上涨(健康)，MACD多头零上，RSI76，J103，20日新高，突破压力
1,SH688222,成都先导,45.48,+13.79%,上涨↑破压,76,76,+0,9,7,-2,多头排列,多头(零上) DIF1.570/DEA0.358,多头,K83.9/D70.4/J111.1,83.0,量比1.86,38.37,无(新高),OK,131,放量上涨(健康)，MACD多头零上，RSI83，J111，20日新高，突破压力
2,SH688205,德科立,243.12,+10.58%,上涨↑破压,76,75,+1,10,10,0,多头排列,多头(零上) DIF17.848/DEA15.713,多头,K71.8/D68.4/J78.7,77.4,量比1.46,220.77,无(新高),OK,131,放量上涨(健康)，MACD多头零上，RSI77，J79，20日新高，突破压力
1,SH688710,益诺思,95.60,+0.72%,上涨,75,72,+3,11,17,6,多头排列,多头(零上) DIF1.821/DEA0.782,多头,K87.6/D78.2/J106.4,72.3,量比1.16,91.05,99.92,OK,131,放量上涨(健康)，MACD多头零上，RSI72，J106
2,SZ300857,协创数据,273.10,+1.94%,上涨,75,75,+0,12,9,-3,多头排列,多头(零上) DIF3.919/DEA3.027,多头,K66.1/D54.6/J89.2,59.3,量比0.99,263.54,275.99,OK,131,量价平稳，MACD多头零上，RSI59，J89
1,SZ300363,博腾股份,23.96,+5.13%,上涨↑破压,74,74,+0,13,11,-2,多头排列,多头(零上) DIF0.846/DEA0.589,多头,K84.9/D76.6/J101.5,77.9,量比1.12,22.42,24.48,OK,131,放量上涨(健康)，MACD多头零上，RSI78，J102，20日新高，突破压力
1,SH688161,威高骨科,21.85,+2.39%,震荡,74,74,+0,14,12,-2,均线纠缠,空头(零下) DIF-0.178/DEA-0.104,空头,K29.5/D26.2/J36.2,48.4,量比1.23,21.66,23.25,OK,131,放量上涨(健康)，MACD空头零下，RSI48，J36
1,SH688016,心脉医疗,86.08,+1.56%,震荡,74,74,+0,15,13,-2,均线纠缠,金叉(零下) DIF-1.843/DEA-1.893,空头,K47.9/D30.3/J83.0,36.9,量比1.44,84.69,92.80,OK,131,放量上涨(健康)，MACD金叉零下，RSI37，J83
2,SH600641,先导基电,39.76,+6.60%,上涨↑破压,74,74,+0,16,14,-2,多头排列,多头(零上) DIF1.025/DEA0.124,多头,K86.9/D71.4/J118.0,67.7,量比1.14,35.73,50.99,OK,131,放量上涨(健康)，MACD多头零上，RSI68，J118，20日新高，突破压力
2,SZ002080,中材科技,66.24,+10.00%,上涨↑破压,74,74,+0,17,15,-2,多头排列,多头(零上) DIF1.525/DEA-0.224,多头,K84.4/D75.4/J102.5,83.6,量比1.69,58.96,99.58,OK,131,放量上涨(健康)，MACD多头零上，RSI84，J103，20日新高，突破压力
2,SH601138,工业富联,63.60,+1.42%,震荡,73,73,+0,18,16,-2,均线纠缠,空头(零下) DIF-0.254/DEA-0.156,空头,K37.2/D33.4/J44.7,51.8,量比1.25,63.10,66.88,OK,131,放量上涨(健康)，MACD空头零下，RSI52，J45
1,SH688617,惠泰医疗,243.49,+1.45%,震荡,71,71,+0,19,19,0,短期多头,空头(零上) DIF3.262/DEA4.818,空头,K49.0/D46.3/J54.4,43.5,量比1.52,242.52,265.27,OK,131,放量上涨(健康)，MACD空头零上，RSI44，J54
1,SH688578,艾力斯,102.09,+1.67%,震荡,71,71,+0,20,20,0,均线纠缠,空头(零下) DIF-3.785/DEA-3.311,空头,K25.2/D17.0/J41.5,38.0,量比1.43,101.42,118.26,OK,131,放量上涨(健康)，MACD空头零下，RSI38，J42
1,SH688271,联影医疗,102.58,+1.56%,震荡,71,71,+0,21,21,0,均线纠缠,空头(零下) DIF-1.891/DEA-1.735,空头,K18.7/D16.0/J24.0,41.6,量比1.31,101.48,109.66,OK,131,放量上涨(健康)，MACD空头零下，RSI42，J24
1,SH601101,昊华能源,13.50,+4.49%,震荡,71,71,+0,22,23,1,均线纠缠,空头(零上) DIF0.081/DEA0.218,空头,K25.6/D18.8/J39.3,36.7,量比1.39,13.31,15.32,OK,131,放量上涨(健康)，MACD空头零上，RSI37，J39
1,SH600546,山煤国际,13.61,+1.64%,震荡,71,71,+0,23,24,1,均线纠缠,空头(零上) DIF0.079/DEA0.111,空头,K48.0/D39.2/J65.6,47.5,量比1.16,13.46,14.54,OK,131,放量上涨(健康)，MACD空头零上，RSI48，J66
1,SH601225,陕西煤业,25.70,+1.98%,震荡,71,71,+0,24,25,1,均线纠缠,空头(零上) DIF0.021/DEA0.181,空头,K28.8/D28.6/J29.2,37.2,量比1.14,25.57,27.80,OK,131,放量上涨(健康)，MACD空头零上，RSI37，J29
1,SH601898,中煤能源,14.27,+2.96%,震荡,71,71,+0,25,26,1,均线纠缠,空头(零下) DIF-0.026/DEA0.123,空头,K17.7/D16.6/J20.0,34.7,量比1.20,14.14,16.29,OK,131,放量上涨(健康)，MACD空头零下，RSI35，J20
1,SZ000739,普洛药业,24.82,+5.71%,上涨↑破压,71,71,+0,26,28,2,多头排列,多头(零上) DIF0.639/DEA0.450,多头,K82.3/D74.2/J98.5,76.2,量比1.57,23.27,24.85,OK,131,放量上涨(健康)，MACD多头零上，RSI76，J98，20日新高，突破压力
1,SH603127,昭衍新药,46.74,+2.14%,震荡,70,68,+2,27,39,12,短期多头,多头(零下) DIF-0.638/DEA-0.910,金叉,K69.0/D53.8/J99.4,56.5,量比1.49,44.72,51.51,OK,131,放量上涨(健康)，MACD多头零下，RSI57，J99
1,SZ300759,康龙化成,45.13,+4.23%,震荡,70,70,+0,28,30,2,短期多头,金叉(零上) DIF0.189/DEA0.132,空头,K74.8/D64.3/J96.0,59.2,量比1.41,43.54,48.87,OK,131,放量上涨(健康)，MACD金叉零上，RSI59，J96
1,SH688202,美迪西,109.85,+3.44%,上涨↑破压,70,70,+0,29,31,2,多头排列,多头(零上) DIF3.023/DEA1.957,多头,K82.9/D73.1/J102.7,70.2,量比1.06,104.37,113.60,OK,131,量价平稳，MACD多头零上，RSI70，J103，20日新高，突破压力
1,SZ002821,凯莱英,190.99,+3.13%,上涨,69,69,+0,30,34,4,多头排列,多头(零上) DIF5.205/DEA3.138,多头,K82.6/D78.2/J91.4,73.6,量比0.98,184.42,193.90,OK,131,量价平稳，MACD多头零上，RSI74，J91
1,SZ300760,迈瑞医疗,158.05,+0.75%,震荡,69,69,+0,31,36,5,均线纠缠,空头(零上) DIF0.769/DEA2.288,空头,K11.0/D17.4/J-1.9,28.2,量比1.29,151.68,170.67,OK,131,放量上涨(健康)，MACD空头零上，RSI28，J-2
1,SH688428,诺诚健华,30.44,+7.33%,震荡,69,69,+0,32,37,5,短期多头,空头(零上) DIF0.010/DEA0.015,空头,K59.0/D50.0/J76.8,56.8,量比1.84,29.13,32.00,OK,131,放量上涨(健康)，MACD空头零上，RSI57，J77
1,SH688235,百济神州,267.62,+4.54%,震荡,69,71,-3,33,22,-11,短期多头,空头(零下) DIF-4.887/DEA-4.863,空头,K56.9/D39.3/J92.1,50.8,量比2.04,263.74,291.04,OK,131,放量上涨(健康)，MACD空头零下，RSI51，J92
2,SZ002975,博杰股份,107.53,+2.55%,震荡,69,69,+0,34,38,4,短期多头,多头(零上) DIF1.291/DEA0.712,多头,K68.7/D58.8/J88.5,56.4,量比0.98,104.32,114.00,OK,131,量价平稳，MACD多头零上，RSI56，J89
1,SH688073,毕得医药,71.76,+5.28%,上涨,68,72,-4,35,18,-17,多头排列,多头(零上) DIF0.944/DEA0.095,多头,K79.3/D66.0/J105.7,66.3,量比1.19,65.92,73.48,OK,131,放量上涨(健康)，MACD多头零上，RSI66，J106
1,SH688131,皓元医药,102.18,+3.53%,上涨,68,58,+10,36,90,54,多头排列,多头(零上) DIF1.603/DEA0.967,多头,K77.2/D61.7/J108.2,66.1,量比1.26,95.60,102.21,OK,131,放量上涨(健康)，MACD多头零上，RSI66，J108
2,SZ301591,肯特股份,46.01,+3.56%,震荡,68,68,+0,37,40,3,均线纠缠,空头(零上) DIF1.745/DEA2.541,空头,K40.8/D34.2/J53.9,36.5,量比0.85,45.04,60.40,OK,131,缩量上涨，MACD空头零上，RSI36，J54
2,SZ300489,光智科技,238.81,+6.32%,震荡,68,68,+0,38,41,3,短期多头,金叉(零上) DIF0.923/DEA0.176,金叉,K56.9/D39.4/J91.7,52.5,量比1.39,221.86,258.60,OK,131,放量上涨(健康)，MACD金叉零上，RSI52，J92
2,SZ002050,三花智控,36.18,+2.46%,震荡,68,68,+0,39,42,3,均线纠缠,多头(零下) DIF-0.750/DEA-0.876,多头,K49.6/D33.1/J82.6,51.4,量比1.54,35.62,37.10,OK,131,放量上涨(健康)，MACD多头零下，RSI51，J83
1,SH688331,荣昌生物,125.00,+8.85%,震荡,67,67,+0,40,44,4,均线纠缠,金叉(零下) DIF-1.858/DEA-1.954,空头,K52.0/D37.1/J82.0,56.7,量比2.39,119.79,128.96,OK,131,放量上涨(健康)，MACD金叉零下，RSI57，J82
1,SH600188,兖矿能源,20.44,+3.86%,震荡,67,67,+0,41,45,4,均线纠缠,空头(零下) DIF-0.321/DEA-0.078,空头,K17.4/D16.4/J19.5,34.2,量比1.06,20.09,23.81,OK,131,量价平稳，MACD空头零下，RSI34，J19
1,SH601699,潞安环能,15.61,+2.77%,震荡,67,67,+0,42,46,4,均线纠缠,空头(零下) DIF-0.217/DEA-0.059,空头,K14.5/D12.4/J18.8,29.5,量比1.07,15.48,18.28,OK,131,量价平稳，MACD空头零下，RSI29，J19
1,SZ300633,开立医疗,19.69,+3.63%,震荡,67,70,-3,43,33,-10,均线纠缠,空头(零下) DIF-0.222/DEA-0.138,空头,K25.8/D23.1/J31.4,48.3,量比1.04,19.60,21.35,OK,131,量价平稳，MACD空头零下，RSI48，J31
2,SZ002463,沪电股份,126.00,+2.02%,震荡,67,65,+2,44,61,17,均线纠缠,多头(零上) DIF1.610/DEA1.380,多头,K57.8/D64.3/J44.8,57.0,量比0.99,125.32,131.25,OK,131,量价平稳，MACD多头零上，RSI57，J45
2,SZ300088,长信科技,7.28,+0.69%,上涨,67,67,+0,45,47,2,多头排列,多头(零下) DIF-0.039/DEA-0.096,多头,K71.9/D61.7/J92.2,56.3,量比1.07,7.17,7.36,OK,131,量价平稳，MACD多头零下，RSI56，J92
2,SH688825,长鑫科技,56.88,+2.41%,震荡,66,66,+0,46,48,2,均线纠缠,空头(零上) DIF0.230/DEA0.551,空头,K36.9/D30.7/J49.1,51.0,量比1.16,56.34,59.90,OK,40,放量上涨(健康)，MACD空头零上，RSI51，J49
1,SH688046,药康生物,36.78,+4.25%,上涨,66,66,+0,47,49,2,多头排列,多头(零上) DIF0.777/DEA0.420,多头,K80.3/D68.7/J103.5,70.0,量比1.04,34.61,36.79,OK,131,量价平稳，MACD多头零上，RSI70，J104
1,SZ000504,南华生物,11.01,+9.99%,上涨↑破压,66,66,+0,48,51,3,多头排列,多头(零上) DIF0.362/DEA0.138,多头,K83.2/D68.8/J112.1,79.5,量比0.62,9.35,无(新高),OK,130,缩量上涨，MACD多头零上，RSI80，J112，20日新高，突破压力
2,SH688143,长盈通,205.07,+4.88%,上涨,66,63,+3,49,65,16,多头排列,多头(零上) DIF15.373/DEA14.243,多头,K81.1/D75.0/J93.3,66.6,量比1.02,195.20,205.55,OK,128,量价平稳，MACD多头零上，RSI67，J93
2,SZ301511,德福科技,110.61,+0.10%,上涨,66,69,-3,50,35,-15,多头排列,多头(零上) DIF5.459/DEA4.139,多头,K65.2/D72.4/J50.8,68.8,量比0.81,108.48,118.51,OK,131,量价平稳，MACD多头零上，RSI69，J51
2,SZ002384,东山精密,195.02,-0.58%,上涨,66,66,+0,51,53,2,多头排列,多头(零下) DIF-1.771/DEA-3.191,多头,K62.4/D56.8/J73.5,54.9,量比0.85,191.90,208.96,OK,131,缩量下跌，MACD多头零下，RSI55，J73
2,SH600183,生益科技,146.27,+1.63%,震荡,66,66,+0,52,57,5,均线纠缠,空头(零上) DIF3.189/DEA3.503,死叉,K47.5/D55.8/J30.9,51.9,量比0.90,144.70,157.50,OK,131,量价平稳，MACD空头零上，RSI52，J31
2,SH600176,中国巨石,45.87,+1.89%,震荡,66,66,+0,53,58,5,均线纠缠,多头(零上) DIF0.881/DEA0.437,多头,K54.4/D62.0/J39.1,58.8,量比0.85,45.00,51.68,OK,131,缩量上涨，MACD多头零上，RSI59，J39
2,SH603893,瑞芯微,198.00,+4.19%,震荡,66,68,-2,54,43,-11,短期多头,多头(零下) DIF-1.644/DEA-2.746,金叉,K58.5/D37.8/J100.0,44.9,量比1.50,186.26,210.94,OK,131,放量上涨(健康)，MACD多头零下，RSI45，J100
1,SH688293,奥浦迈,75.45,+6.72%,上涨,65,65,+0,55,59,4,多头排列,多头(零上) DIF3.708/DEA2.596,多头,K79.9/D72.3/J95.2,76.1,量比1.23,69.51,75.50,OK,131,放量上涨(健康)，MACD多头零上，RSI76，J95
1,SZ301047,义翘神州,117.34,+3.78%,上涨,65,77,-12,56,6,-50,多头排列,多头(零上) DIF2.936/DEA1.534,多头,K76.7/D65.5/J99.2,70.0,量比1.38,107.69,120.80,OK,131,放量上涨(健康)，MACD多头零上，RSI70，J99
1,SH601088,中国神华,46.80,+1.23%,震荡,65,65,+0,57,60,3,均线纠缠,空头(零上) DIF0.271/DEA0.490,空头,K42.4/D45.9/J35.5,37.1,量比0.95,45.22,49.48,OK,131,量价平稳，MACD空头零上，RSI37，J35
2,SZ002938,鹏鼎控股,90.50,+0.69%,震荡,65,62,+3,58,69,11,均线纠缠,多头(零下) DIF-0.298/DEA-0.626,多头,K39.9/D45.9/J27.7,54.6,量比1.06,89.94,97.00,OK,131,量价平稳，MACD多头零下，RSI55，J28
2,SH688800,瑞可达,69.87,+0.79%,上涨,64,70,-6,59,32,-27,多头排列,多头(零上) DIF1.759/DEA1.142,多头,K73.7/D70.7/J79.8,66.0,量比1.08,68.62,71.59,OK,131,量价平稳，MACD多头零上，RSI66，J80
2,SH688432,有研硅,54.59,-3.92%,上涨,64,61,+3,60,76,16,多头排列,多头(零上) DIF3.931/DEA2.938,多头,K74.0/D68.0/J85.8,57.0,量比0.84,53.10,60.59,OK,121,缩量下跌，MACD多头零上，RSI57，J86
1,SZ300725,药石科技,50.32,+6.57%,震荡,64,66,-2,61,55,-6,短期多头,多头(零上) DIF0.486/DEA0.041,多头,K81.4/D68.6/J107.0,68.2,量比1.29,46.70,52.53,OK,131,放量上涨(健康)，MACD多头零上，RSI68，J107
2,SH603228,景旺电子,110.16,+5.47%,震荡,64,71,-8,62,27,-35,均线纠缠,空头(零上) DIF5.196/DEA5.285,金叉,K53.2/D60.0/J39.6,75.3,量比1.10,107.64,113.60,OK,131,放量上涨(健康)，MACD空头零上，RSI75，J40
2,SZ300476,胜宏科技,248.00,+9.23%,震荡,64,64,+0,63,64,1,短期多头,多头(零下) DIF-5.053/DEA-6.785,多头,K56.0/D42.6/J82.8,59.1,量比2.52,233.83,264.94,OK,131,巨量上涨(关注)，MACD多头零下，RSI59，J83
1,SZ300347,泰格医药,58.99,+2.79%,上涨,63,66,-3,64,50,-14,多头排列,多头(零上) DIF1.671/DEA1.063,多头,K85.9/D81.2/J95.4,71.5,量比1.05,57.20,59.39,OK,131,量价平稳，MACD多头零上，RSI72，J95
2,SZ300548,长芯博创,243.99,+2.17%,上涨,63,66,-3,65,52,-13,多头排列,多头(零上) DIF10.548/DEA7.350,多头,K79.8/D70.1/J99.3,70.6,量比0.94,230.87,247.48,OK,131,量价平稳，MACD多头零上，RSI71，J99
1,SZ002653,海思科,67.40,+6.07%,震荡,63,63,+0,66,66,0,短期多头,金叉(零下) DIF-0.554/DEA-0.555,空头,K46.4/D32.0/J75.3,53.9,量比2.56,65.12,70.23,OK,131,巨量上涨(关注)，MACD金叉零下，RSI54，J75
1,SZ301080,百普赛斯,116.20,+6.14%,上涨,62,59,+3,67,80,13,多头排列,多头(零上) DIF7.611/DEA5.536,多头,K79.6/D73.2/J92.5,74.4,量比1.55,101.42,119.14,OK,131,放量上涨(健康)，MACD多头零上，RSI74，J92
2,SH688668,鼎通科技,266.15,-1.28%,上涨,62,62,+0,68,68,0,多头排列,多头(零上) DIF1.495/DEA0.182,多头,K66.0/D56.3/J85.3,57.9,量比1.01,261.34,276.62,OK,131,缩量下跌，MACD多头零上，RSI58，J85
2,SZ002008,大族激光,96.55,-3.06%,上涨,62,62,+0,69,70,1,多头排列,多头(零上) DIF0.050/DEA-0.953,多头,K69.7/D66.9/J75.3,53.2,量比1.29,96.02,100.89,OK,131,缩量下跌，MACD多头零上，RSI53，J75
2,SZ001309,德明利,415.00,+0.46%,震荡,61,61,+0,70,72,2,均线纠缠,多头(零下) DIF-10.181/DEA-14.564,多头,K51.7/D39.1/J77.0,48.9,量比1.02,408.08,448.25,OK,131,量价平稳，MACD多头零下，RSI49，J77
2,SZ300502,新易盛,456.73,+2.64%,上涨↑破压,61,61,+0,71,73,2,多头排列,多头(零上) DIF0.881/DEA-6.580,多头,K73.8/D64.7/J92.2,67.4,量比1.02,429.35,618.87,OK,131,量价平稳，MACD多头零上，RSI67，J92，20日新高，突破压力
2,SH688256,寒武纪,1112.77,-0.03%,上涨,61,61,+0,72,74,2,多头排列,多头(零下) DIF-4.793/DEA-16.285,多头,K68.6/D61.0/J83.7,50.8,量比0.71,1108.74,1154.79,OK,131,量价平稳，MACD多头零下，RSI51，J84
2,SZ000636,风华高科,59.25,+1.80%,上涨,61,64,-3,73,62,-11,多头排列,多头(零上) DIF0.872/DEA-0.019,多头,K76.7/D69.8/J90.5,65.3,量比1.04,58.04,60.50,OK,131,量价平稳，MACD多头零上，RSI65，J90
2,SH688008,澜起科技,210.10,+3.74%,震荡,60,60,+0,74,77,3,短期多头,多头(零下) DIF-2.763/DEA-5.039,多头,K72.4/D55.7/J105.9,58.3,量比1.28,198.94,221.96,OK,131,放量上涨(健康)，MACD多头零下，RSI58，J106
2,SH603256,宏和科技,148.92,+0.09%,上涨,60,60,+0,75,79,4,多头排列,多头(零下) DIF-1.202/DEA-4.577,多头,K79.6/D68.0/J102.7,61.2,量比0.96,144.88,152.18,OK,131,量价平稳，MACD多头零下，RSI61，J103
2,SZ300308,中际旭创,941.00,+1.57%,上涨,59,59,+0,76,81,5,多头排列,多头(零下) DIF-4.452/DEA-16.942,多头,K72.9/D67.1/J84.4,61.4,量比0.86,907.05,949.73,OK,131,缩量上涨，MACD多头零下，RSI61，J84
2,SH600330,天通股份,29.41,+0.14%,震荡,59,59,+0,77,83,6,均线纠缠,空头(零上) DIF1.201/DEA1.266,死叉,K69.0/D68.3/J70.5,57.4,量比0.79,28.51,31.00,OK,131,量价平稳，MACD空头零上，RSI57，J70
2,SZ300285,国瓷材料,67.38,+0.33%,震荡,59,59,+0,78,85,7,短期多头,多头(零下) DIF-0.058/DEA-0.720,多头,K72.9/D65.2/J88.3,58.2,量比1.03,67.10,71.87,OK,131,量价平稳，MACD多头零下，RSI58，J88
2,SH603738,泰晶科技,38.57,+1.79%,震荡,59,59,+0,79,86,7,短期多头,多头(零下) DIF-0.097/DEA-0.387,多头,K78.0/D64.0/J105.9,54.8,量比0.95,37.23,42.69,OK,131,量价平稳，MACD多头零下，RSI55，J106
2,SZ300395,菲利华,94.40,+1.09%,震荡,59,59,+0,80,87,7,短期空头,死叉(零上) DIF1.404/DEA1.448,多头,K35.1/D47.9/J9.4,50.4,量比0.79,93.72,102.99,OK,131,缩量上涨，MACD死叉零上，RSI50，J9
2,SH688313,仕佳光子,171.50,+0.66%,上涨,58,58,+0,81,89,8,多头排列,多头(零上) DIF5.693/DEA4.050,多头,K77.8/D65.8/J101.9,66.5,量比1.01,162.02,172.82,OK,131,量价平稳，MACD多头零上，RSI66，J102
2,SH603186,华正新材,231.70,+2.17%,震荡,58,58,+0,82,91,9,均线纠缠,多头(零上) DIF19.653/DEA17.207,多头,K64.6/D73.2/J47.3,71.8,量比0.73,227.33,264.00,OK,131,缩量上涨，MACD多头零上，RSI72，J47
2,SZ300684,中石科技,99.77,+1.92%,震荡,58,71,-13,83,29,-54,短期多头,空头(零上) DIF5.936/DEA6.121,空头,K69.5/D52.2/J104.1,53.6,量比0.83,94.82,106.68,OK,131,缩量上涨，MACD空头零上，RSI54，J104
2,SH688025,杰普特,447.00,+1.00%,上涨,57,60,-3,84,78,-6,多头排列,多头(零上) DIF15.777/DEA11.086,多头,K79.7/D73.2/J92.8,66.8,量比0.88,432.56,454.97,OK,131,缩量上涨，MACD多头零上，RSI67，J93
1,SZ300298,三诺生物,16.44,+5.18%,震荡,56,59,-2,85,82,-3,短期多头,金叉(零下) DIF-0.056/DEA-0.090,金叉,K61.5/D41.8/J101.0,56.1,量比2.40,15.81,16.53,OK,131,放量上涨(健康)，MACD金叉零下，RSI56，J101
2,SZ300757,罗博特科,620.78,+0.03%,震荡,56,59,-2,86,84,-2,均线纠缠,空头(零上) DIF28.603/DEA30.841,空头,K41.4/D50.9/J22.6,66.6,量比0.84,612.70,660.00,OK,131,量价平稳，MACD空头零上，RSI67，J23
2,SZ301526,国际复材,31.32,+0.45%,震荡,56,61,-5,87,71,-16,均线纠缠,多头(零下) DIF-0.273/DEA-0.781,多头,K60.8/D60.8/J60.6,67.0,量比0.72,30.41,34.79,OK,131,量价平稳，MACD多头零下，RSI67，J61
1,SH688758,赛分科技,32.90,+0.30%,上涨,56,56,+0,88,94,6,多头排列,多头(零上) DIF1.312/DEA0.804,多头,K88.5/D80.1/J105.3,73.1,量比1.33,30.99,33.33,OK,131,量价平稳，MACD多头零上，RSI73，J105
2,SZ300394,天孚通信,279.26,-1.90%,上涨,56,62,-6,89,67,-22,多头排列,多头(零上) DIF7.173/DEA5.390,多头,K72.2/D66.7/J83.3,66.1,量比0.87,273.39,292.07,OK,131,缩量下跌，MACD多头零上，RSI66，J83
2,SZ300570,太辰光,223.70,-2.46%,上涨,55,58,-3,90,88,-2,多头排列,多头(零上) DIF10.303/DEA8.542,多头,K70.3/D68.6/J73.7,65.6,量比0.98,213.96,242.99,OK,131,缩量下跌，MACD多头零上，RSI66，J74
2,SZ301217,铜冠铜箔,111.53,-1.55%,震荡,54,54,+0,91,96,5,均线纠缠,多头(零下) DIF-0.225/DEA-0.826,多头,K63.9/D60.8/J70.1,46.5,量比0.75,110.45,123.97,OK,131,缩量下跌，MACD多头零下，RSI46，J70
2,SZ301377,鼎泰高科,399.85,-2.21%,震荡,54,52,+2,92,108,16,均线纠缠,多头(零下) DIF-4.227/DEA-6.575,多头,K63.6/D59.2/J72.3,55.6,量比1.17,397.68,425.00,OK,131,缩量下跌，MACD多头零下，RSI56，J72
2,SH601869,长飞光纤,458.99,+0.88%,震荡,54,57,-2,93,92,-1,均线纠缠,多头(零上) DIF23.938/DEA21.329,多头,K74.0/D77.7/J66.8,66.0,量比0.72,453.23,478.00,OK,131,缩量上涨，MACD多头零上，RSI66，J67
2,SH688195,腾景科技,190.10,-4.70%,震荡,54,54,+0,94,97,3,均线纠缠,空头(零上) DIF7.198/DEA9.072,空头,K36.7/D37.4/J35.4,50.9,量比1.32,188.77,215.50,OK,131,缩量下跌，MACD空头零上，RSI51，J35
2,SZ002851,麦格米特,124.80,-1.58%,震荡,54,52,+2,95,109,14,均线纠缠,多头(零下) DIF-0.815/DEA-0.935,多头,K43.3/D35.8/J58.5,50.5,量比0.83,124.17,139.60,OK,131,缩量下跌，MACD多头零下，RSI50，J58
2,SH688627,精智达,490.00,-2.58%,震荡,54,54,+0,96,98,2,短期多头,多头(零下) DIF-0.201/DEA-3.184,多头,K65.9/D55.2/J87.2,53.4,量比1.00,484.47,533.91,OK,131,缩量下跌，MACD多头零下，RSI53，J87
2,SZ002837,英维克,62.23,-1.66%,震荡,54,54,+0,97,99,2,短期多头,空头(零上) DIF0.519/DEA0.715,空头,K48.8/D36.6/J73.2,39.5,量比1.03,61.83,70.62,OK,131,缩量下跌，MACD空头零上，RSI39，J73
2,SH688630,芯碁微装,422.90,-3.85%,震荡,54,54,+0,98,100,2,均线纠缠,多头(零上) DIF3.899/DEA1.012,多头,K75.5/D72.8/J80.9,56.2,量比1.12,416.88,446.00,OK,131,缩量下跌，MACD多头零上，RSI56，J81
2,SH515880,通信ETF,0.71,+0.63%,上涨,54,61,-7,99,75,-24,多头排列,多头(零下) DIF-0.005/DEA-0.016,多头,K77.2/D67.9/J95.6,65.2,量比0.90,0.69,0.71,OK,131,缩量上涨，MACD多头零下，RSI65，J96
2,SZ300620,光库科技,294.48,-0.99%,震荡,54,54,+0,100,102,2,短期多头,空头(零上) DIF1.511/DEA1.985,空头,K54.1/D48.5/J65.2,50.5,量比1.11,293.58,325.98,OK,131,缩量下跌，MACD空头零上，RSI51，J65
2,SZ002428,云南锗业,93.49,-0.01%,震荡,54,56,-3,101,93,-8,短期多头,金叉(零下) DIF-0.396/DEA-0.411,空头,K62.3/D54.2/J78.3,47.4,量比0.86,93.11,105.55,OK,131,量价平稳，MACD金叉零下，RSI47，J78
2,SZ002536,飞龙股份,53.82,+0.34%,震荡,54,54,+0,102,103,1,均线纠缠,空头(零上) DIF1.680/DEA2.347,空头,K33.6/D33.1/J34.7,52.1,量比1.33,47.00,63.97,OK,131,量价平稳，MACD空头零上，RSI52，J35
2,SH600378,昊华科技,47.75,-0.52%,震荡,54,54,+0,103,104,1,短期多头,多头(零下) DIF-0.172/DEA-0.264,多头,K65.9/D53.7/J90.3,47.1,量比0.88,47.13,54.65,OK,131,缩量下跌，MACD多头零下，RSI47，J90
2,SH603163,圣晖集成,83.60,-0.91%,震荡,54,64,-10,104,63,-41,均线纠缠,多头(零下) DIF-0.354/DEA-1.081,多头,K39.5/D36.2/J45.9,60.2,量比0.96,82.12,92.17,OK,131,缩量下跌，MACD多头零下，RSI60，J46
2,SH688146,中船特气,238.03,-0.49%,震荡,54,54,+0,105,105,0,短期多头,多头(零下) DIF-9.357/DEA-11.448,多头,K61.8/D46.9/J91.4,50.7,量比1.05,235.43,263.80,OK,128,量价平稳，MACD多头零下，RSI51，J91
2,SH688549,中巨芯-U,24.17,-0.78%,震荡,54,54,+0,106,106,0,短期多头,多头(零下) DIF-0.445/DEA-0.712,多头,K71.9/D61.9/J92.1,55.3,量比0.81,24.04,27.50,OK,131,缩量下跌，MACD多头零下，RSI55，J92
2,SH688167,炬光科技,299.51,-3.89%,震荡,52,52,+0,107,107,0,均线纠缠,空头(零上) DIF10.679/DEA11.516,死叉,K60.3/D56.6/J67.8,54.6,量比1.14,298.39,322.24,OK,131,缩量下跌，MACD空头零上，RSI55，J68
2,SZ300499,高澜股份,37.04,-1.80%,震荡,52,52,+0,108,110,2,均线纠缠,多头(零上) DIF1.989/DEA1.724,多头,K73.5/D77.6/J65.4,64.0,量比0.84,36.80,39.58,OK,131,缩量下跌，MACD多头零上，RSI64，J65
2,SZ000657,中钨高新,60.49,-2.06%,震荡,52,52,+0,109,111,2,均线纠缠,多头(零下) DIF-1.098/DEA-1.296,多头,K62.9/D56.9/J74.8,44.7,量比1.11,56.30,69.58,OK,131,缩量下跌，MACD多头零下，RSI45，J75
2,SZ301128,强瑞技术,121.95,-1.61%,震荡,52,52,+0,110,112,2,短期多头,多头(零上) DIF1.465/DEA0.567,多头,K69.8/D56.2/J97.1,54.5,量比0.71,119.77,129.42,OK,131,缩量下跌，MACD多头零上，RSI55，J97
2,SH603929,亚翔集成,159.47,-2.57%,震荡,52,52,+0,111,113,2,短期多头,多头(零下) DIF-2.445/DEA-3.680,多头,K65.2/D54.1/J87.5,52.6,量比1.12,158.89,171.97,OK,131,缩量下跌，MACD多头零下，RSI53，J87
2,SH688498,源杰科技,1838.56,+0.19%,上涨,51,51,+0,112,114,2,多头排列,多头(零上) DIF82.036/DEA63.618,多头,K78.6/D77.4/J80.9,84.9,量比1.02,1778.86,1888.00,OK,131,量价平稳，MACD多头零上，RSI85，J81
2,SH688126,沪硅产业,24.66,+1.02%,震荡,50,50,+0,113,115,2,短期多头,多头(零下) DIF-0.537/DEA-0.871,多头,K77.3/D56.5/J118.9,54.6,量比0.83,23.70,25.39,OK,131,缩量上涨，MACD多头零下，RSI55，J119
1,SH688690,纳微科技,46.95,-0.53%,上涨,50,50,+0,114,116,2,多头排列,多头(零上) DIF1.601/DEA0.764,多头,K87.9/D84.0/J95.6,76.4,量比1.27,44.92,47.87,OK,131,缩量下跌，MACD多头零上，RSI76，J96
2,BJ920045,蘅东光,553.22,-3.11%,震荡,49,47,+2,115,121,6,均线纠缠,死叉(零上) DIF46.105/DEA47.806,死叉,K58.7/D65.6/J44.8,64.6,量比0.96,526.00,619.97,OK,131,缩量下跌，MACD死叉零上，RSI65，J45
2,SZ301200,大族数控,261.96,-3.40%,震荡,49,49,+0,116,117,1,均线纠缠,多头(零下) DIF-3.410/DEA-3.822,多头,K54.8/D48.4/J67.4,46.7,量比1.39,248.10,284.89,OK,131,缩量下跌，MACD多头零下，RSI47，J67
2,SZ301536,星宸科技,125.92,+0.12%,震荡,48,48,+0,117,118,1,短期多头,金叉(零下) DIF-0.174/DEA-0.563,金叉,K63.6/D40.8/J109.1,43.0,量比1.28,119.37,137.93,OK,131,量价平稳，MACD金叉零下，RSI43，J109
2,SH688783,西安奕材-U,29.28,-0.61%,震荡,48,48,+0,118,119,1,短期多头,多头(零下) DIF-1.155/DEA-1.597,多头,K68.7/D50.3/J105.6,49.0,量比0.86,28.61,32.28,OK,131,缩量下跌，MACD多头零下，RSI49，J106
2,SZ300408,三环集团,129.84,-0.86%,上涨,48,54,-6,119,101,-18,多头排列,多头(零上) DIF3.344/DEA1.351,多头,K79.4/D80.5/J77.3,79.9,量比1.22,128.98,131.57,OK,131,缩量下跌，MACD多头零上，RSI80，J77
2,SH600487,亨通光电,71.75,+3.25%,震荡,47,47,+0,120,120,0,短期多头,多头(零上) DIF1.238/DEA0.568,多头,K70.5/D58.2/J95.0,58.0,量比1.07,67.51,72.21,OK,131,量价平稳，MACD多头零上，RSI58，J95
2,SH688300,联瑞新材,174.78,-1.14%,震荡,47,54,-8,121,95,-26,均线纠缠,空头(零上) DIF5.622/DEA6.387,空头,K50.4/D53.8/J43.6,49.2,量比0.67,130.22,202.88,OK,131,缩量下跌，MACD空头零上，RSI49，J44
2,SZ301205,联特科技,321.00,-0.82%,震荡,46,46,+0,122,122,0,短期多头,金叉(零上) DIF5.474/DEA4.358,金叉,K68.0/D49.4/J105.3,57.1,量比0.71,302.25,340.88,OK,131,缩量下跌，MACD金叉零上，RSI57，J105
2,SH688361,中科飞测,386.99,+0.16%,震荡,38,38,+0,123,123,0,短期多头,多头(零上) DIF3.951/DEA-3.842,多头,K77.6/D60.6/J111.7,61.8,量比0.94,355.97,397.80,OK,131,量价平稳，MACD多头零上，RSI62，J112
2,SH601133,柏诚股份,25.79,-0.62%,震荡,38,38,+0,124,124,0,短期多头,多头(零下) DIF-0.495/DEA-0.858,多头,K71.4/D51.6/J110.9,61.7,量比3.00,24.43,27.15,OK,131,放量下跌(警示)，MACD多头零下，RSI62，J111
2,SZ002415,海康威视,32.58,-1.09%,下跌,38,38,+0,125,125,0,空头排列,空头(零下) DIF-0.633/DEA-0.452,空头,K23.0/D25.2/J18.7,13.1,量比1.64,32.10,36.18,OK,131,放量下跌(警示)，MACD空头零下，RSI13，J19
2,SH688183,生益电子,120.86,-0.28%,下跌,34,34,+0,126,126,0,空头排列,空头(零上) DIF2.455/DEA3.381,空头,K29.2/D37.9/J11.8,48.0,量比0.97,99.11,138.47,OK,131,量价平稳，MACD空头零上，RSI48，J12
