板块,代码,名称,市场,收盘,当日涨跌,近5日,近1月,近3月,日趋势,周趋势,月趋势,日MA排列,周MA排列,月MA排列,MA5,MA10,MA20,MA60,BIAS20,RSI14,KDJ_K,KDJ_D,KDJ_J,日MACD,周MACD,月MACD,日DIF,日DEA,VR5,量比5_20,距52周高,五二周位置,ATRpct,背离,复权修正,是否ETF,今日除息
AI硬件,000636,风华高科,SZ,59.25,1.8,0.59,14.14,-26.19,→,→,↑,均线交织,均线交织,多头排列,58.038,55.551,53.721,55.1528,10.29,65.3,76.69,69.8,90.46,金叉,死叉,金叉,0.8706,-0.0217,1.13,1.19,-29.46,64.3,5.16,,,,
AI硬件,000657,中钨高新,SZ,60.49,-2.06,2.23,-9.39,-36.71,→,↓,↑,均线交织,空头排列,多头(价回MA5下),61.484,60.489,61.5785,65.4587,-1.77,44.74,62.91,56.94,74.85,金叉,死叉,金叉,-1.1014,-1.3016,1.0,1.23,-46.93,45.2,4.51,,,,
AI硬件,001309,德明利,SZ,415.0,0.46,6.99,3.66,-57.22,↓,→,↑,空头(价上突),均线交织,多头(价回MA5下),402.4,404.733,408.0825,496.2298,1.7,48.89,51.71,39.08,76.97,金叉,死叉,金叉,-10.1845,-14.5689,0.99,0.9,-57.65,36.3,4.5,,,,
AI硬件,002008,大族激光,SZ,96.55,-3.06,4.63,12.14,-31.62,→,↓,↑,均线交织,空头(价上突),多头(价回MA5下),96.02,95.058,92.887,101.0937,3.94,53.22,69.68,66.88,75.29,金叉,死叉,金叉,0.0482,-0.9553,1.15,1.02,-42.56,46.7,5.45,,,,
AI硬件,002050,三花智控,SZ,36.18,2.46,4.27,1.32,-12.33,↓,↓,→,空头(价上突),空头(价上突),均线交织,34.732,35.11,35.616,38.3088,1.58,51.35,49.61,33.11,82.61,金叉,死叉,死叉,-0.7572,-0.8856,1.3,1.26,-40.46,12.1,2.86,,,,
AI硬件,002080,中材科技,SZ,66.24,10.0,25.48,34.01,-26.81,→,→,↑,均线交织,均线交织,多头排列,58.96,55.036,52.8295,57.2548,25.38,83.65,84.43,75.39,102.52,金叉,死叉,金叉,1.5241,-0.2258,1.42,1.71,-35.2,50.8,5.66,,,,
AI硬件,002384,东山精密,SZ,195.02,-0.58,5.35,0.73,-21.86,→,↓,↑,均线交织,空头(价上突),多头(价回MA5下),191.904,191.527,190.7595,206.0115,2.23,54.89,62.39,56.84,73.47,金叉,死叉,金叉,-1.7724,-3.1935,0.86,0.99,-30.37,61.5,4.94,,,,
AI硬件,002415,海康威视,SZ,32.58,-1.09,-1.75,-4.6,-1.24,↓,→,↑,空头排列,均线交织,多头(价回MA5下),32.67,33.067,34.11,34.8965,-4.49,13.05,23.0,25.12,18.75,死叉,死叉,金叉,-0.7105,-0.5497,1.39,0.8,-16.85,37.6,2.4,,,,
AI硬件,002428,云南锗业,SZ,93.49,-0.01,3.59,-1.97,-24.6,→,→,↑,均线交织,均线交织,多头(价回MA5下),92.958,91.499,93.1115,92.096,0.41,47.43,62.27,54.24,78.32,刚金叉,死叉,金叉,-0.397,-0.412,0.85,1.06,-29.64,63.8,4.7,,,,
AI硬件,002463,沪电股份,SZ,126.0,2.02,0.24,9.02,-10.68,→,→,↑,均线交织,均线交织,多头(价回MA5下),125.32,126.092,122.637,122.2655,2.74,57.05,57.78,64.27,44.81,金叉,死叉,金叉,1.6097,1.379,0.95,0.96,-20.35,67.4,4.87,,,,
AI硬件,002536,飞龙股份,SZ,53.82,0.34,0.99,10.29,20.54,→,↑,↑,均线交织,多头(价回MA5下),多头排列,53.718,54.43,54.857,48.728,-1.89,52.05,33.6,33.08,34.65,死叉,金叉,金叉,1.6775,2.3439,1.25,0.73,-15.87,76.8,7.21,,,,
AI硬件,002837,英维克,SZ,62.23,-1.66,3.7,13.66,-18.87,→,→,→,均线交织,均线交织,均线交织,61.826,61.62,63.308,61.4958,-1.7,39.46,48.76,36.56,73.18,死叉,死叉,死叉,0.5185,0.7145,0.99,0.58,-33.42,34.4,4.63,,是,,
AI硬件,002851,麦格米特,SZ,124.8,-1.58,4.51,4.14,-22.64,↓,→,↑,空头(价上突),均线交织,多头(价回MA5下),122.632,124.173,124.676,130.2412,0.1,50.47,43.33,35.76,58.45,金叉,死叉,金叉,-0.8172,-0.9385,0.85,0.94,-34.31,47.1,6.1,,,,
AI硬件,002886,沃特股份,SZ,26.95,2.08,6.35,31.59,2.01,↑,→,↑,多头排列,均线交织,多头排列,26.652,26.08,26.0795,22.3792,3.34,46.7,63.11,53.94,81.45,死叉,金叉,金叉,1.1752,1.2984,0.91,0.87,-22.45,59.5,7.52,,,,
AI硬件,002938,鹏鼎控股,SZ,90.5,0.69,2.56,2.9,-10.4,→,↓,↑,均线交织,空头(价上突),多头(价回MA5下),89.942,90.436,89.1305,91.9368,1.54,54.58,39.86,45.92,27.73,金叉,死叉,金叉,-0.3025,-0.6336,1.07,0.97,-26.48,59.7,5.01,,,,
AI硬件,002975,博杰股份,SZ,107.53,2.55,8.07,-1.24,-22.08,→,→,↑,均线交织,均线交织,多头(价回MA5下),104.322,101.939,102.3565,100.6827,5.05,56.41,68.71,58.79,88.54,金叉,死叉,金叉,1.2905,0.7104,0.97,0.74,-31.93,56.8,5.92,,是,,
AI硬件,300088,长信科技,SZ,7.28,0.69,5.2,4.15,-34.41,→,↓,↑,均线交织,空头(价上突),多头(价回MA5下),7.172,7.089,7.027,7.502,3.6,56.28,71.86,61.69,92.19,金叉,死叉,金叉,-0.0387,-0.0967,1.0,1.11,-41.05,23.3,3.61,,,,
AI硬件,300285,国瓷材料,SZ,67.38,0.33,2.4,5.12,-36.16,→,↓,↑,均线交织,空头(价上突),多头(价回MA5下),67.104,64.515,64.7185,68.2878,4.11,58.16,72.91,65.2,88.33,金叉,死叉,金叉,-0.0647,-0.7293,1.09,1.07,-40.31,50.5,5.14,,,,
AI硬件,300308,中际旭创,SZ,941.0,1.57,7.79,8.13,-22.87,→,↓,↑,均线交织,空头(价上突),多头(价回MA5下),907.048,903.561,875.802,972.804,7.44,61.36,72.89,67.13,84.41,金叉,死叉,金叉,-4.462,-16.9573,0.91,0.9,-33.59,55.9,4.5,,,,
AI硬件,300394,天孚通信,SZ,278.7630195804236,-1.9,8.68,11.93,-5.38,↑,→,↑,多头排列,均线交织,多头排列,273.1011,266.7634,261.688,245.568,6.52,65.9,72.06,66.6,82.98,金叉,死叉,金叉,7.0647,5.343,0.86,1.02,-25.41,65.2,5.85,,是,,
AI硬件,300395,菲利华,SZ,94.4,1.09,-0.63,12.39,-27.94,→,→,→,均线交织,均线交织,均线交织,95.744,96.398,93.7175,92.2753,0.73,50.38,35.1,47.94,9.42,刚死叉,死叉,刚死叉,1.4029,1.4471,0.8,0.91,-38.53,30.8,5.34,,,,
AI硬件,300408,三环集团,SZ,129.84,-0.86,3.19,19.18,-22.11,→,→,↑,均线交织,均线交织,多头(价回MA5下),128.98,124.573,117.728,120.274,10.29,79.92,79.42,80.49,77.28,金叉,死叉,金叉,3.3427,1.3492,1.29,1.01,-28.01,64.0,5.11,,,,
AI硬件,300476,胜宏科技,SZ,248.0,9.23,10.22,1.22,-21.36,→,↓,→,均线交织,空头(价上突),均线交织,230.874,230.083,233.8335,250.3152,6.06,59.07,56.0,42.61,82.76,金叉,死叉,死叉,-5.0557,-6.7901,1.83,1.18,-38.4,31.2,4.33,,,,
AI硬件,300489,光智科技,SZ,238.81,6.32,17.28,18.14,-22.88,→,↑,↑,均线交织,多头排列,多头排列,219.21,215.826,221.863,220.9277,7.64,52.46,56.86,39.44,91.71,刚金叉,死叉,金叉,0.9213,0.1741,1.19,1.12,-27.59,68.7,7.19,,,,
AI硬件,300499,高澜股份,SZ,37.04,-1.8,0.93,27.94,-0.19,↑,→,→,多头(价回MA5下),均线交织,均线交织,37.812,36.797,34.554,31.9493,7.19,63.96,73.54,77.61,65.42,金叉,金叉,刚金叉,1.9891,1.7239,0.88,0.91,-22.9,55.7,7.4,,,,
AI硬件,300502,新易盛,SZ,456.73,2.64,13.64,10.86,-18.0,→,↓,↑,均线交织,空头(价上突),多头(价回MA5下),429.354,421.377,410.043,452.2732,11.39,67.44,73.83,64.67,92.17,金叉,死叉,金叉,0.8781,-6.5834,1.01,1.0,-26.2,60.8,4.86,,是,,
AI硬件,300548,长芯博创,SZ,243.99,2.17,19.55,22.65,-3.63,↑,→,↑,多头排列,均线交织,多头排列,230.87,220.757,212.7095,196.9357,14.71,70.6,79.84,70.09,99.33,金叉,刚金叉,金叉,10.5366,7.3342,0.9,1.06,-21.29,69.9,5.8,,,,
AI硬件,300570,太辰光,SZ,223.7,-2.46,12.81,10.25,-0.86,↑,→,↑,多头排列,均线交织,多头排列,213.962,207.534,202.3035,182.1122,10.58,65.62,70.29,68.59,73.69,金叉,金叉,金叉,10.2838,8.5136,0.91,1.2,-21.74,68.9,6.14,,,,
AI硬件,300620,光库科技,SZ,294.48,-0.99,2.13,-1.51,-19.36,→,→,↑,均线交织,均线交织,多头(价回MA5下),292.978,292.34,293.5805,282.8445,0.31,50.54,54.08,48.52,65.2,死叉,死叉,金叉,1.508,1.9804,1.05,1.09,-28.75,63.6,6.04,,,,
AI硬件,300684,中石科技,SZ,99.77,1.92,17.92,18.49,78.0,→,↑,↑,均线交织,多头排列,多头排列,94.822,89.991,90.8005,70.5435,9.88,53.62,69.5,52.2,104.1,死叉,金叉,金叉,5.934,6.1182,0.86,0.67,-6.48,90.5,7.88,,,,
AI硬件,300757,罗博特科,SZ,620.78,0.03,1.38,25.06,6.85,→,→,↑,均线交织,均线交织,多头排列,612.7,623.07,592.3305,515.1198,4.8,66.56,41.44,50.86,22.6,死叉,金叉,金叉,28.5958,30.83,0.9,0.79,-13.06,82.2,4.27,,,,
AI硬件,300857,协创数据,SZ,273.1,1.94,8.33,13.41,-16.69,↑,→,↑,多头排列,均线交织,多头排列,263.54,261.948,258.993,255.7033,5.45,59.31,66.14,54.61,89.2,金叉,死叉,金叉,3.8943,2.9907,1.0,0.81,-23.19,65.6,5.07,,,,
AI硬件,301128,强瑞技术,SZ,121.95,-1.61,13.6,14.94,-16.5,→,→,↑,均线交织,均线交织,多头(价回MA5下),119.774,115.762,117.006,117.3218,4.23,54.54,69.82,56.18,97.11,金叉,死叉,金叉,1.464,0.5656,0.69,0.94,-36.42,48.5,6.37,,是,,
AI硬件,301200,大族数控,SZ,261.96,-3.4,2.3,-1.89,-23.73,→,↓,↑,均线交织,空头排列,多头(价回MA5下),263.112,261.905,265.377,278.8945,-1.29,46.75,54.75,48.41,67.42,金叉,死叉,金叉,-3.4124,-3.8255,1.19,1.19,-33.74,56.7,5.3,,,,
AI硬件,301205,联特科技,SZ,321.0,-0.82,16.01,5.6,7.0,→,→,↑,均线交织,均线交织,多头排列,302.252,298.563,301.593,277.4438,6.43,57.13,68.04,49.42,105.28,刚金叉,刚金叉,金叉,5.4707,4.3523,0.73,0.93,-15.08,80.5,6.12,,,,
AI硬件,301217,铜冠铜箔,SZ,111.53,-1.55,2.6,0.38,-30.59,→,→,↑,均线交织,均线交织,多头(价回MA5下),112.968,110.195,110.4505,114.9103,0.98,46.48,63.89,60.78,70.1,金叉,死叉,金叉,-0.2255,-0.8269,0.76,1.03,-44.83,48.3,6.12,,,,
AI硬件,301377,鼎泰高科,SZ,399.85,-2.21,3.86,1.74,-27.8,→,↓,↑,均线交织,空头(价上突),多头(价回MA5下),403.844,397.682,397.3115,423.517,0.64,55.57,63.59,59.23,72.32,金叉,死叉,金叉,-4.2292,-6.5778,1.1,1.02,-39.96,55.8,4.75,,,,
AI硬件,301511,德福科技,SZ,110.61,0.1,1.45,35.1,-20.68,↑,→,↑,多头排列,均线交织,多头排列,110.374,108.476,98.9555,97.4838,11.78,68.69,65.18,72.39,50.78,金叉,死叉,金叉,5.4318,4.1135,0.85,0.89,-38.17,54.8,6.83,,,,
AI硬件,301526,国际复材,SZ,31.32,0.45,1.52,4.09,-34.5,→,↓,↑,均线交织,空头(价上突),多头(价回MA5下),31.702,30.414,29.67,33.354,5.56,66.99,60.76,60.82,60.63,金叉,死叉,N/A,-0.2734,-0.7814,0.76,1.21,-42.11,53.2,6.85,,,,
AI硬件,301536,星宸科技,SZ,125.92,0.12,14.65,10.16,4.21,→,→,↑,均线交织,均线交织,多头排列,117.64,115.975,119.3735,118.5927,5.48,42.97,63.55,40.76,109.14,刚金叉,死叉,N/A,-0.1745,-0.5636,1.16,0.87,-14.12,77.8,4.86,,,,
AI硬件,301591,肯特股份,SZ,45.919339901477834,3.56,5.67,22.56,-3.52,→,→,↑,均线交织,均线交织,多头排列,44.9153,44.9493,47.1479,37.4404,-2.61,36.34,40.75,34.17,53.92,死叉,金叉,N/A,1.7198,2.5179,0.83,0.69,-23.93,61.4,8.06,,是,,
AI硬件,515880,通信ETF国泰,SH,7.12,1.14,8.37,9.88,-58.48,→,→,↓,均线交织,均线交织,空头排列,6.88,6.791,6.6885,7.4113,6.45,65.24,77.17,67.95,95.61,金叉,刚金叉,死叉,-0.0526,-0.1642,2.11,0.42,-78.71,6.1,3.5,,,是,
AI硬件,600176,中国巨石,SH,45.87,1.89,1.28,15.05,-35.38,→,→,↑,均线交织,均线交织,多头(价回MA5下),46.504,44.999,43.5355,45.8292,5.36,58.85,54.35,61.97,39.13,金叉,死叉,金叉,0.8799,0.4355,0.84,1.34,-40.58,49.8,6.39,,,,
AI硬件,600183,生益科技,SH,146.27,1.63,0.18,15.81,-14.54,↑,→,↑,多头(价回MA5下),均线交织,多头排列,148.192,147.679,144.703,138.3253,1.08,51.89,47.47,55.75,30.89,死叉,死叉,金叉,3.1861,3.4982,0.87,1.03,-23.77,68.6,6.49,,,,
AI硬件,600330,天通股份,SH,29.41,0.14,-2.71,12.81,-2.42,↑,→,↑,多头(价回MA5下),均线交织,多头排列,29.664,29.381,28.513,24.7202,3.15,57.41,69.01,68.28,70.49,死叉,刚金叉,金叉,1.2012,1.2656,0.79,0.99,-21.3,72.1,6.54,,,,
AI硬件,600378,昊华科技,SH,47.75,-0.52,4.81,8.03,-30.32,→,→,↑,均线交织,均线交织,多头(价回MA5下),47.662,47.126,47.734,50.4213,0.03,47.09,65.9,53.71,90.28,金叉,死叉,金叉,-0.1744,-0.2669,0.86,0.82,-45.8,32.9,6.06,,,,
AI硬件,600487,亨通光电,SH,71.75,3.25,13.53,18.73,-33.59,→,→,↑,均线交织,均线交织,多头(价回MA5下),67.51,65.963,66.1095,65.401,8.53,58.02,70.47,58.21,94.98,金叉,死叉,金叉,1.2349,0.5636,0.99,1.0,-42.67,49.7,5.16,,,,
AI硬件,600522,中天科技,SH,36.95,2.7,9.0,13.59,-37.2,→,→,↑,均线交织,均线交织,多头(价回MA5下),35.808,34.736,34.297,36.1738,7.74,62.65,85.48,76.9,102.62,金叉,死叉,金叉,0.3605,-0.1253,0.89,1.26,-45.74,40.9,4.09,,,,
AI硬件,600641,先导基电,SH,39.76,6.6,24.64,23.59,9.71,→,→,↑,均线交织,均线交织,多头排列,35.726,33.075,32.702,33.8928,21.58,67.74,86.9,71.37,117.98,金叉,死叉,金叉,1.0248,0.1235,1.1,1.31,-22.02,68.3,5.21,,,,
AI硬件,601133,柏诚股份,SH,25.79,-0.81,12.82,2.34,-38.76,→,↓,↑,均线交织,空头(价上突),多头(价回MA5下),24.474,23.923,24.376,27.9222,5.8,61.2,71.36,51.61,110.85,金叉,死叉,金叉,-0.4998,-0.8601,2.06,1.13,-43.57,40.4,4.13,,,,是
AI硬件,601138,工业富联,SH,63.6,1.42,3.3,5.3,-8.63,↓,→,↑,空头(价上突),均线交织,多头(价回MA5下),62.142,63.025,63.0955,63.2688,0.8,51.84,37.19,33.42,44.73,死叉,死叉,金叉,-0.2938,-0.2117,1.2,0.84,-25.13,43.2,3.36,,,,
AI硬件,601208,东材科技,SH,52.75,2.83,9.24,20.65,-21.65,↑,→,↑,多头排列,均线交织,多头排列,52.006,49.921,48.9205,48.1383,7.83,60.88,69.61,65.29,78.24,金叉,死叉,金叉,1.3834,0.8789,0.91,1.25,-34.44,56.6,5.84,,,,
AI硬件,601869,长飞光纤,SH,458.99,0.88,-0.15,21.04,-12.92,↑,→,↑,多头(价回MA5下),均线交织,多头排列,460.802,453.228,428.1575,390.1793,7.2,66.0,74.02,77.66,66.76,金叉,死叉,金叉,23.8882,21.2669,0.78,0.85,-23.5,73.3,5.92,,,,
AI硬件,603163,圣晖集成,SH,83.6,-0.91,5.13,4.37,-43.95,→,→,→,均线交织,均线交织,均线交织,81.93,82.283,80.5415,88.224,3.8,59.91,38.74,35.9,44.41,金叉,死叉,金叉,-0.385,-1.0927,0.92,1.05,-46.75,36.6,5.27,,,,
AI硬件,603186,华正新材,SH,231.7,2.17,1.31,40.19,1.82,↑,↑,↑,多头(价回MA5下),多头排列,多头排列,238.808,227.331,203.04,172.4397,14.12,71.76,64.56,73.17,47.35,金叉,金叉,金叉,19.6524,17.2055,0.77,0.9,-14.14,83.7,8.3,,,,
AI硬件,603228,景旺电子,SH,110.16,5.47,1.8,20.21,60.61,→,↑,↑,均线交织,多头排列,多头排列,105.97,107.638,100.6765,86.0302,9.42,75.27,53.23,60.04,39.62,死叉,金叉,金叉,5.1948,5.2835,1.13,0.86,-3.03,94.4,5.69,,,,
AI硬件,603256,宏和科技,SH,148.92,0.09,13.97,11.22,-44.29,→,↓,↑,均线交织,空头(价上突),多头(价回MA5下),144.88,136.9,135.8535,158.0337,9.62,61.18,79.56,67.98,102.72,金叉,死叉,金叉,-1.2041,-4.5795,0.88,1.6,-51.01,43.8,5.96,,,,
AI硬件,603738,泰晶科技,SH,38.57,1.79,9.48,7.35,-34.67,→,→,↑,均线交织,均线交织,多头(价回MA5下),37.234,36.32,37.0855,38.4617,4.0,54.79,77.99,64.03,105.9,金叉,死叉,金叉,-0.0972,-0.388,0.93,0.87,-44.38,44.2,4.79,,,,
AI硬件,603893,瑞芯微,SH,198.0,4.19,10.77,13.4,9.51,→,→,↑,均线交织,均线交织,多头排列,185.356,184.444,186.261,195.6095,6.3,44.87,58.51,37.76,100.02,金叉,死叉,死叉,-1.7831,-2.9278,1.3,0.85,-15.54,59.1,3.57,,,,
AI硬件,603929,亚翔集成,SH,159.47,-2.57,4.77,-3.83,-42.26,→,↓,↑,均线交织,空头(价上突),多头(价回MA5下),158.888,157.938,158.7505,174.854,0.45,52.36,62.65,52.61,82.71,金叉,死叉,金叉,-2.4343,-3.5494,1.04,0.97,-44.05,49.3,4.37,,,,
AI硬件,688008,澜起科技,SH,210.1,3.74,13.78,9.52,-29.03,→,↓,↑,均线交织,空头(价上突),多头(价回MA5下),198.936,195.757,197.957,217.7075,6.13,58.33,72.4,55.68,105.85,金叉,死叉,金叉,-2.783,-5.0669,1.16,1.04,-36.89,45.4,4.2,,,,
AI硬件,688025,杰普特,SH,447.0,1.0,13.74,9.21,1.13,↑,→,↑,多头排列,均线交织,多头排列,432.562,414.448,403.6845,377.1715,10.73,66.79,79.73,73.21,92.77,金叉,死叉,金叉,15.769,11.0746,0.83,1.12,-11.03,85.2,5.79,,,,
AI硬件,688048,长光华芯,SH,362.23,5.92,24.65,23.21,-13.41,→,→,↑,均线交织,均线交织,多头排列,333.488,318.589,303.082,326.0848,19.52,76.32,82.07,71.85,102.51,金叉,死叉,金叉,9.147,1.379,1.29,1.23,-28.85,67.0,5.78,,,,
AI硬件,688126,沪硅产业,SH,24.66,1.02,12.4,-0.28,-36.77,→,↓,↑,均线交织,空头(价上突),多头(价回MA5下),23.696,23.033,23.493,26.9935,4.97,54.56,77.32,56.51,118.94,金叉,死叉,金叉,-0.5375,-0.8716,0.79,1.32,-43.79,29.5,3.59,,,,
AI硬件,688143,长盈通,SH,205.07,4.88,4.1,36.51,13.93,↑,→,↑,多头排列,均线交织,多头排列,195.198,187.903,178.8265,141.9968,14.68,66.63,81.11,75.0,93.31,金叉,金叉,金叉,15.3711,14.2399,1.07,0.79,-19.58,77.3,8.56,,,,
AI硬件,688146,中船特气,SH,238.03,-0.49,9.12,-4.82,-35.67,→,↓,↑,均线交织,空头(价上突),多头(价回MA5下),233.34,229.005,235.4325,268.1062,1.1,50.65,61.76,46.91,91.44,金叉,死叉,金叉,-9.3595,-11.4525,0.98,1.26,-42.92,52.8,4.88,,,,
AI硬件,688167,炬光科技,SH,299.51,-3.89,4.44,9.99,-10.19,→,→,↑,均线交织,均线交织,多头排列,298.17,298.391,292.5175,261.088,2.39,54.61,60.31,56.56,67.81,死叉,死叉,金叉,10.6783,11.5152,1.1,0.81,-29.51,63.5,7.37,,是,,
AI硬件,688183,生益电子,SH,120.86,-0.28,-2.69,18.14,-2.7,→,→,↑,均线交织,均线交织,多头(价回MA5下),122.5,124.26,122.809,114.7587,-1.59,47.99,29.22,37.91,11.83,死叉,死叉,金叉,2.4523,3.3761,0.93,0.94,-21.49,61.3,6.26,,,,
AI硬件,688195,腾景科技,SH,190.1,-4.7,4.83,11.63,3.34,→,→,↑,均线交织,均线交织,多头排列,188.766,192.834,189.7745,160.4553,0.17,50.92,36.73,37.38,35.42,死叉,金叉,金叉,7.1958,9.069,1.34,0.81,-37.94,53.2,7.26,,是,,
AI硬件,688205,德科立,SH,243.12,10.58,12.5,55.85,24.37,↑,→,↑,多头排列,均线交织,多头排列,220.814,220.161,198.3095,166.4775,22.6,77.37,71.74,68.32,78.57,金叉,金叉,金叉,17.8272,15.7026,1.39,0.79,-21.8,69.6,6.55,,,,
AI硬件,688256,寒武纪,SH,1112.77,-0.03,7.0,14.83,-24.91,→,↓,↑,均线交织,空头(价上突),多头(价回MA5下),1108.74,1078.149,1075.0075,1175.86,3.51,50.77,68.57,61.01,83.68,金叉,死叉,金叉,-4.8055,-16.3027,0.72,1.11,-31.31,47.8,4.23,,是,,
AI硬件,688300,联瑞新材,SH,174.78,-1.14,-0.69,25.61,-28.66,↑,→,↑,多头(价回MA5下),均线交织,多头(价回MA5下),178.478,177.992,175.52,161.2345,-0.42,49.18,50.37,53.75,43.6,死叉,死叉,金叉,5.6207,6.3847,0.72,0.79,-41.21,50.2,7.92,,,,
AI硬件,688313,仕佳光子,SH,171.5,0.66,18.25,11.33,-2.17,↑,→,↑,多头排列,均线交织,多头排列,162.022,155.155,153.375,140.7338,11.82,66.5,77.79,65.76,101.86,金叉,刚金叉,金叉,5.6903,4.0455,0.94,1.16,-17.02,77.0,5.72,,,,
AI硬件,688361,中科飞测,SH,386.99,0.16,27.3,10.73,2.86,→,↑,↑,均线交织,多头排列,多头排列,355.97,332.204,337.3435,352.0507,14.72,61.81,77.61,60.56,111.7,金叉,死叉,金叉,3.9501,-3.8438,0.87,1.31,-15.68,80.8,5.83,,,,
AI硬件,688432,有研硅,SH,54.59,-3.92,18.29,30.79,159.95,↑,↑,↑,多头排列,多头排列,多头排列,53.104,49.001,46.494,40.3023,17.41,56.98,73.96,68.05,85.78,金叉,金叉,金叉,3.9303,2.9364,0.86,1.09,-10.18,87.5,10.75,,,,
AI硬件,688498,源杰科技,SH,1838.56,0.19,8.62,19.31,6.59,↑,↑,↑,多头排列,多头排列,多头排列,1778.862,1743.997,1643.716,1551.4818,11.85,84.94,78.57,77.42,80.87,金叉,刚金叉,金叉,82.0314,63.6113,0.99,0.95,-6.58,92.6,4.98,,是,,
AI硬件,688549,中巨芯,SH,24.17,-0.78,5.18,-4.2,-36.06,→,↓,↑,均线交织,空头(价上突),多头排列,24.036,23.188,23.422,26.1528,3.19,55.29,71.95,61.89,92.06,金叉,死叉,金叉,-0.4446,-0.7119,0.83,1.26,-45.07,44.9,5.78,,,,
AI硬件,688627,精智达,SH,490.0,-2.58,10.35,5.31,-30.5,→,→,↑,均线交织,均线交织,多头(价回MA5下),484.472,475.158,477.9665,502.7312,2.52,53.37,65.86,55.17,87.23,金叉,死叉,金叉,-0.2052,-3.1905,0.95,0.88,-33.46,61.0,6.68,,,,
AI硬件,688630,芯碁微装,SH,422.9,-3.85,5.28,-0.76,-22.84,→,↑,↑,均线交织,多头排列,多头排列,427.94,416.878,412.742,416.762,2.46,56.21,75.48,72.78,80.86,金叉,死叉,金叉,3.8963,1.007,1.04,1.0,-26.79,67.2,5.53,,,,
AI硬件,688668,鼎通科技,SH,266.15,-1.28,7.84,7.32,-26.98,→,→,↑,均线交织,均线交织,多头(价回MA5下),261.338,258.582,258.1085,263.574,3.12,57.93,66.0,56.35,85.3,金叉,死叉,金叉,1.4913,0.176,1.01,0.88,-40.06,50.8,5.94,,,,
AI硬件,688783,西安奕材,SH,29.28,-0.61,11.63,-7.37,-52.26,→,↓,→,均线交织,空头(价上突),数据不足,28.346,27.431,28.6055,35.1298,2.36,48.95,68.75,50.3,105.64,金叉,死叉,N/A,-1.1549,-1.5973,0.82,1.27,-56.19,18.2,5.1,,,,
AI硬件,688800,瑞可达,SH,69.87,0.79,5.69,8.83,-22.25,↑,→,↑,多头排列,均线交织,多头(价回MA5下),68.622,67.933,65.257,65.0933,7.07,66.04,73.71,70.65,79.82,金叉,死叉,金叉,1.7589,1.1421,1.04,0.76,-33.75,40.3,5.27,,是,,
AI硬件,688825,长鑫科技,SH,56.88,2.41,4.39,0.49,,→,→,→,数据不足,数据不足,数据不足,55.042,55.889,56.343,,0.95,51.02,36.86,30.74,49.08,死叉,N/A,N/A,0.171,0.4666,1.1,0.96,,,4.11,,,,
AI硬件,920045,蘅东光,BJ,553.22,-3.11,-4.78,22.8,-4.24,↑,→,→,多头(价回MA5下),均线交织,数据不足,569.082,561.134,526.005,414.9812,5.17,64.59,58.67,65.61,44.8,刚死叉,金叉,N/A,43.8911,44.5806,1.05,0.86,-27.68,61.9,9.0,,,,
关注个股,000504,南华生物,SZ,11.01,9.99,28.02,35.26,48.58,↑,↑,↓,多头排列,多头排列,空头(价上突),9.348,8.973,8.6255,8.299,27.64,79.53,83.23,68.78,112.14,金叉,金叉,刚金叉,0.3618,0.1379,0.61,1.42,0.0,100.0,4.36,,,,
关注个股,000739,普洛药业,SZ,24.82,5.71,9.44,25.93,45.74,↑,↑,↑,多头排列,多头排列,多头排列,23.27,22.801,22.1785,20.9205,11.91,76.23,82.29,74.19,98.5,金叉,金叉,金叉,0.6388,0.4498,1.51,0.87,-0.24,99.4,3.49,,,,
关注个股,002653,海思科,SZ,67.4,6.07,5.31,5.05,10.38,→,→,↑,均线交织,均线交织,多头排列,63.962,63.712,65.3275,67.5382,3.17,52.51,46.42,31.93,75.4,死叉,死叉,金叉,-0.6932,-0.6835,2.01,0.77,-16.62,65.1,3.69,,,,
关注个股,002821,凯莱英,SZ,190.99,3.13,7.54,21.98,13.85,↑,↑,↑,多头排列,多头排列,多头排列,184.42,178.155,172.309,167.6795,10.84,73.62,82.57,78.16,91.38,金叉,金叉,金叉,5.1931,3.121,1.01,1.02,-4.5,91.9,4.74,,,,
关注个股,300298,三诺生物,SZ,16.44,5.18,7.1,3.33,16.93,→,→,↓,均线交织,均线交织,空头(价上突),15.708,15.6,15.8105,15.696,3.98,56.08,61.51,41.78,100.95,刚金叉,金叉,死叉,-0.0558,-0.09,1.86,1.14,-22.34,39.4,2.1,,,,
关注个股,300347,泰格医药,SZ,58.99,2.79,4.59,20.0,20.0,↑,↑,↓,多头排列,多头排列,空头(价上突),57.2,55.699,53.2495,51.2088,10.78,71.5,85.94,81.22,95.39,金叉,金叉,金叉,1.6682,1.0593,1.13,0.96,-13.06,72.6,4.11,,,,
关注个股,300363,博腾股份,SZ,23.96,5.13,11.6,17.11,36.91,↑,↑,↓,多头排列,多头排列,空头(价上突),22.42,21.749,20.744,19.1523,15.5,77.87,84.89,76.59,101.5,金叉,金叉,金叉,0.846,0.5887,1.12,0.87,-21.18,62.5,4.75,,,,
关注个股,300633,开立医疗,SZ,19.69,3.63,3.52,3.04,7.6,↓,↓,↓,空头(价上突),空头(价上突),空头排列,18.968,19.47,19.6015,19.618,0.45,48.33,25.83,23.06,31.37,死叉,金叉,死叉,-0.2229,-0.1395,1.04,0.98,-46.64,12.6,3.6,,,,
关注个股,300725,药石科技,SZ,50.32,6.57,12.95,4.16,39.08,→,→,↑,均线交织,均线交织,多头排列,46.7,44.943,45.014,43.079,11.79,68.24,81.36,68.55,106.96,金叉,金叉,金叉,0.4668,0.0176,1.23,1.18,-12.26,73.4,4.25,,,,
关注个股,300759,康龙化成,SZ,45.13,4.23,5.81,0.6,56.7,→,→,↑,均线交织,均线交织,多头排列,43.538,42.662,42.975,40.5873,5.01,59.24,74.83,64.27,95.96,刚金叉,金叉,金叉,0.1858,0.1271,1.34,1.08,-15.76,74.1,3.92,,,,
关注个股,300760,迈瑞医疗,SZ,158.05,0.75,-1.28,-0.4,14.95,→,↑,↓,均线交织,多头(价回MA5下),空头(价上突),158.01,161.373,163.618,153.9708,-3.4,23.63,10.45,16.0,-0.66,死叉,金叉,死叉,0.4002,1.9812,1.29,0.62,-36.52,23.1,2.22,,,,
关注个股,301047,义翘神州,SZ,117.34,2.87,13.64,6.35,81.25,↑,↑,↑,多头排列,多头排列,多头排列,108.492,103.571,101.594,91.256,15.5,69.48,76.57,65.42,98.86,金叉,金叉,金叉,2.8546,1.5161,1.32,1.18,-15.88,72.8,6.25,,,,
关注个股,301080,百普赛斯,SZ,116.2,6.14,26.66,25.45,143.35,↑,↑,↑,多头排列,多头排列,多头排列,101.416,94.132,89.0025,70.7293,30.56,74.42,79.64,73.21,92.5,金叉,金叉,金叉,7.6078,5.5314,1.41,1.12,-4.37,93.8,8.22,顶背离,,,
关注个股,301230,泓博医药,SZ,38.82,10.25,30.22,14.72,0.26,→,→,→,均线交织,均线交织,均线交织,33.186,31.624,31.4075,32.5327,23.6,72.25,72.51,56.8,103.93,金叉,刚金叉,死叉,0.3495,-0.4223,1.73,1.47,-42.89,35.8,5.58,,,,
关注个股,600188,兖矿能源,SH,20.44,3.86,0.34,-6.37,10.97,→,↑,↑,均线交织,多头(价回MA5下),多头(价回MA5下),20.092,20.761,21.438,20.5615,-4.66,34.16,17.43,16.41,19.48,死叉,死叉,金叉,-0.3332,-0.0953,1.13,0.84,-26.47,50.3,4.5,,,,
关注个股,600546,山煤国际,SH,13.61,1.64,3.73,-0.37,21.41,→,↑,↑,均线交织,多头排列,多头排列,13.302,13.363,13.455,12.848,1.15,47.55,47.97,39.16,65.59,死叉,金叉,金叉,0.0702,0.0985,1.09,0.78,-13.48,65.1,3.52,,,,
关注个股,601088,中国神华,SH,46.8,1.23,-0.85,-0.19,17.06,→,↑,↑,均线交织,多头(价回MA5下),多头排列,46.718,46.923,47.285,45.0725,-1.03,37.11,42.43,45.91,35.46,死叉,金叉,金叉,0.2516,0.4609,0.98,0.7,-8.56,67.6,2.33,,,,
关注个股,601101,昊华能源,SH,13.5,4.49,3.61,-0.07,24.2,→,↑,↑,均线交织,多头(价回MA5下),多头排列,13.108,13.309,13.656,12.426,-1.14,36.71,25.65,18.83,39.3,死叉,金叉,金叉,0.0799,0.2168,1.31,0.51,-11.88,77.8,4.14,,,,
关注个股,601225,陕西煤业,SH,25.7,1.98,-0.96,-3.02,22.38,→,↑,↑,均线交织,多头(价回MA5下),多头排列,25.566,25.817,26.186,24.9202,-1.86,37.25,28.78,28.56,29.22,死叉,金叉,金叉,0.0132,0.17,1.16,0.76,-8.87,70.5,2.82,,,,
关注个股,601699,潞安环能,SH,15.61,2.76,0.39,-7.36,4.62,→,↑,↑,均线交织,多头(价回MA5下),多头(价回MA5下),15.476,15.775,16.3375,15.7232,-4.45,29.5,14.5,12.36,18.77,死叉,死叉,金叉,-0.2189,-0.062,1.08,0.7,-21.0,48.3,3.61,,,,
关注个股,601898,中煤能源,SH,14.27,2.96,-1.04,-3.65,11.57,→,→,→,均线交织,均线交织,均线交织,14.138,14.48,14.8015,14.0038,-3.59,34.66,17.7,16.44,20.22,死叉,金叉,金叉,-0.068,0.0752,1.26,0.66,-27.82,37.4,3.53,,,,
关注个股,603127,昭衍新药,SH,46.74,2.14,9.21,0.75,18.03,→,→,↑,均线交织,均线交织,多头排列,44.554,43.687,44.718,45.7792,4.52,56.51,68.99,53.77,99.41,金叉,死叉,金叉,-0.6396,-0.9125,1.32,1.09,-16.06,69.6,3.98,,,,
关注个股,603259,药明康德,SH,167.96,4.98,5.73,7.78,33.12,↑,↑,↑,多头排列,多头排列,多头排列,160.566,157.866,157.2565,143.7375,6.81,68.89,79.67,68.66,101.7,刚金叉,金叉,金叉,3.1635,2.9821,1.4,1.04,-3.25,93.5,3.08,顶背离,,,
关注个股,688016,心脉医疗,SH,86.08,1.56,3.35,-4.76,-4.74,↓,↓,↓,空头(价上突),空头排列,空头排列,84.536,84.688,86.8225,90.3148,-0.86,36.88,47.89,30.34,82.99,刚金叉,死叉,金叉,-1.8455,-1.8967,1.37,0.66,-25.79,11.1,1.55,,,,
关注个股,688046,药康生物,SH,36.78,4.25,12.07,8.56,52.74,↑,↑,↑,多头排列,多头排列,多头排列,34.606,33.031,32.585,30.1133,12.87,69.96,80.32,68.72,103.5,金叉,金叉,金叉,0.7757,0.4187,1.06,1.11,-15.39,78.1,5.23,,,,
关注个股,688073,毕得医药,SH,71.76,5.28,19.3,8.56,32.3,↑,↑,↓,多头排列,多头排列,空头(价上突),65.916,63.188,62.1745,59.6308,15.42,66.31,79.26,66.04,105.69,金叉,金叉,刚金叉,0.9397,0.0883,1.16,1.16,-19.26,62.5,5.86,,,,
关注个股,688131,皓元医药,SH,102.18,3.43,13.17,11.48,4.15,↑,↑,↑,多头排列,多头排列,多头排列,95.676,93.513,93.3715,88.4983,9.43,66.04,77.18,61.66,108.21,金叉,金叉,金叉,1.5928,0.9602,1.22,0.96,-2.16,95.0,4.19,顶背离,,,是
关注个股,688161,威高骨科,SH,21.85,2.39,1.58,0.64,1.96,→,→,↓,均线交织,均线交织,空头排列,21.202,21.656,21.8625,21.8227,-0.06,48.41,29.51,26.18,36.17,死叉,金叉,死叉,-0.1801,-0.1069,1.21,0.82,-41.42,11.6,3.0,,,,
关注个股,688202,美迪西,SH,109.85,3.44,13.26,16.0,42.02,↑,↑,↑,多头排列,多头排列,多头排列,104.366,99.302,98.106,90.454,11.97,70.18,82.94,73.06,102.7,金叉,金叉,金叉,3.0219,1.9557,1.05,0.97,-3.3,94.1,5.06,,,,
关注个股,688222,成都先导,SH,45.48,13.79,39.98,31.14,38.53,↑,↑,↑,多头排列,多头排列,多头排列,38.372,35.096,33.938,33.154,34.01,82.97,83.93,70.36,111.07,金叉,金叉,金叉,1.569,0.3569,1.48,1.55,-2.32,95.7,5.2,顶背离,,,
关注个股,688235,百济神州,SH,267.62,4.54,4.29,-3.27,4.58,→,→,→,均线交织,均线交织,均线交织,256.988,255.944,263.743,270.1938,1.47,50.82,56.86,39.26,92.07,死叉,金叉,死叉,-4.8884,-4.8652,1.78,0.91,-18.7,50.2,2.77,,,,
关注个股,688271,联影医疗,SH,102.58,1.56,0.22,-2.68,0.54,↓,↓,↓,空头(价上突),空头排列,空头排列,101.48,102.572,104.223,108.0747,-1.58,41.28,18.56,15.83,24.01,死叉,死叉,死叉,-1.9324,-1.7706,1.2,0.84,-35.51,10.6,2.19,,,,
关注个股,688293,奥浦迈,SH,75.45,6.72,12.48,29.68,81.37,↑,↑,↑,多头排列,多头排列,多头排列,69.508,68.585,62.234,56.8835,21.24,76.08,79.9,72.25,95.2,金叉,金叉,金叉,3.7033,2.5895,1.2,1.24,-0.91,98.4,7.27,,,,
关注个股,688331,荣昌生物,SH,125.0,8.85,5.99,7.37,-5.0,↓,→,↑,空头(价上突),均线交织,多头排列,116.86,117.17,119.793,125.1427,4.35,56.67,52.04,37.08,81.95,刚金叉,死叉,金叉,-1.8586,-1.9551,1.95,0.91,-20.79,60.4,3.91,,,,
关注个股,688428,诺诚健华,SH,30.44,7.33,3.29,10.53,6.4,→,↑,↑,均线交织,多头排列,多头排列,29.132,28.807,29.0845,28.9587,4.66,56.84,58.96,50.02,76.83,死叉,金叉,刚金叉,0.0094,0.015,1.77,0.89,-8.67,79.3,5.62,,,,
关注个股,688578,艾力斯,SH,102.09,1.67,0.94,-9.0,-4.6,↓,→,↑,空头(价上突),均线交织,多头(价回MA5下),99.846,101.416,106.431,115.1445,-4.08,36.41,25.15,16.86,41.73,死叉,死叉,死叉,-3.933,-3.4595,1.3,1.21,-26.18,39.1,3.04,,,,
关注个股,688617,惠泰医疗,SH,243.49,1.45,-1.93,-5.83,27.41,→,↑,↓,均线交织,多头(价回MA5下),空头(价上突),243.064,242.517,245.19,223.9288,-0.69,43.52,49.0,46.3,54.39,死叉,金叉,死叉,3.2605,4.816,1.62,0.82,-27.79,41.8,3.53,,,,
关注个股,688621,阳光诺和,SH,74.99,2.28,6.19,15.37,36.27,↑,↑,→,多头排列,多头排列,均线交织,73.468,71.535,69.6725,62.5382,7.63,72.44,84.46,77.5,98.4,金叉,金叉,金叉,2.6201,2.4345,1.3,0.91,-12.75,72.1,4.11,顶背离,,,
关注个股,688690,纳微科技,SH,46.95,-0.53,9.7,15.73,2.18,↑,↑,↑,多头排列,多头排列,多头排列,44.924,43.445,40.496,39.5758,15.94,76.45,87.91,84.04,95.65,金叉,金叉,金叉,1.6007,0.7634,1.2,0.97,-2.8,94.7,4.92,,,,
关注个股,688710,益诺思,SH,95.6,0.72,9.51,6.35,40.42,↑,↑,↑,多头排列,多头排列,多头排列,91.05,87.709,86.52,81.766,10.49,72.27,87.58,78.18,106.37,金叉,金叉,N/A,1.8204,0.782,1.17,0.78,-7.8,87.9,4.84,,,,
关注个股,688758,赛分科技,SH,32.9,0.3,15.2,23.92,52.1,↑,↑,↑,多头排列,多头排列,多头排列,30.99,29.464,28.218,26.0332,16.59,73.1,88.53,80.12,105.33,金叉,金叉,N/A,1.3095,0.8008,1.19,1.28,-1.29,97.5,5.61,,,,
关注个股,688796,百奥赛图,SH,138.0,2.78,11.92,10.47,24.82,↑,→,→,多头排列,均线交织,数据不足,129.172,126.663,124.029,123.947,11.26,65.4,74.52,60.02,103.52,金叉,金叉,N/A,1.4359,0.0962,1.22,1.1,-10.96,84.1,6.19,,,,
