合约代码,今开盘,最高价,最低价,成交量,成交金额,持仓量,持仓变化,今收盘,今结算,前结算,涨跌1,涨跌2,Delta
HO2606-C-2400,564.4,593.2,564.4,3,17.49,0,-49,593.2,595.2,539.8,53.4,55.4,--
HO2606-C-2450,null,null,null,0,0,0,-13,472.8,545.2,489.8,-17,55.4,--
HO2606-C-2500,423,447.2,422.8,15,66.328,0,-68,443.2,495.2,441,2.2,54.2,--
HO2606-C-2550,null,null,null,0,0,0,-23,388,445.2,391.2,-3.2,54,--
HO2606-C-2600,331.6,396.2,331.6,59,210.776,0,-41,396.2,395.2,341.2,55,54,--
HO2606-C-2650,294.8,343.8,293.4,90,290.648,0,-53,343.8,345.2,289.6,54.2,55.6,--
HO2606-C-2700,236.8,293.8,233.4,95,248.882,0,-171,293.8,295.2,239.6,54.2,55.6,--
HO2606-C-2750,184.2,243.8,183.6,417,888.286,0,-194,243.8,245.2,190.4,53.4,54.8,--
HO2606-C-2800,116.6,195.2,116.6,646,1073.022,0,-367,194.4,195.2,140,54.4,55.2,--
HO2606-C-2850,90.6,145.2,70.6,1350,1515.184,0,-871,145.2,145.2,90.6,54.6,54.6,--
HO2606-C-2900,33.2,95.6,25,4297,2259.764,0,-1968,94.8,95.2,44.2,50.6,51,--
HO2606-C-2950,5.2,45.4,1.2,12880,1841.678,0,-2745,45,45.2,9.8,35.2,35.4,--
HO2606-C-3000,0.8,2.2,0.2,6412,53.866,0,-3808,0.2,0,1.4,-1.2,-1.4,--
HO2606-C-3050,0.2,0.2,0.2,150,0.324,0,-1504,0.2,0,0.4,-0.2,-0.4,--
HO2606-C-3100,0.2,0.2,0.2,53,0.106,0,-2365,0.2,0,0.2,0,-0.2,--
HO2606-C-3150,0.2,0.2,0.2,25,0.05,0,-958,0.2,0,0.2,0,-0.2,--
HO2606-C-3200,0.2,0.2,0.2,16,0.032,0,-983,0.2,0,0.2,0,-0.2,--
HO2606-C-3250,0.2,0.2,0.2,30,0.06,0,-266,0.2,0,0.2,0,-0.2,--
HO2606-C-3300,0.2,0.2,0.2,20,0.04,0,-932,0.2,0,0.2,0,-0.2,--
HO2606-C-3350,0.2,0.2,0.2,12,0.024,0,-168,0.2,0,0.2,0,-0.2,--
HO2606-C-3400,0.2,0.2,0.2,17,0.034,0,-927,0.2,0,0.2,0,-0.2,--
HO2606-C-3500,0.2,0.2,0.2,25,0.05,0,-2024,0.2,0,0.2,0,-0.2,--
HO2606-P-2400,0.2,0.2,0.2,18,0.036,0,-711,0.2,0,0.2,0,-0.2,--
HO2606-P-2450,0.2,0.2,0.2,18,0.036,0,-111,0.2,0,0.2,0,-0.2,--
HO2606-P-2500,0.2,0.2,0.2,17,0.034,0,-206,0.2,0,0.2,0,-0.2,--
HO2606-P-2550,0.2,0.2,0.2,16,0.032,0,-207,0.2,0,0.2,0,-0.2,--
HO2606-P-2600,0.2,0.2,0.2,18,0.036,0,-432,0.2,0,0.2,0,-0.2,--
HO2606-P-2650,0.2,0.2,0.2,24,0.048,0,-935,0.2,0,0.2,0,-0.2,--
HO2606-P-2700,0.2,0.2,0.2,37,0.074,0,-1279,0.2,0,0.2,0,-0.2,--
HO2606-P-2750,0.2,0.2,0.2,24,0.048,0,-957,0.2,0,0.2,0,-0.2,--
HO2606-P-2800,0.4,0.4,0.2,185,0.396,0,-1595,0.2,0,0.2,0,-0.2,--
HO2606-P-2850,0.4,0.8,0.2,657,1.784,0,-2393,0.2,0,1,-0.8,-1,--
HO2606-P-2900,2,5.4,0.2,3369,48.256,0,-2207,0.2,0,3.6,-3.4,-3.6,--
HO2606-P-2950,18,33,0.2,7666,727.968,0,-1346,0.2,0,18,-17.8,-18,--
HO2606-P-3000,74.4,78.8,4.4,4524,1258.69,0,-1123,4.4,4.8,60.8,-56.4,-56,--
HO2606-P-3050,114.6,128,54.8,889,752.598,0,-332,55.4,54.8,110.8,-55.4,-56,--
HO2606-P-3100,178.8,178.8,105.2,819,1174.288,0,-713,106.2,104.8,160.6,-54.4,-55.8,--
HO2606-P-3150,214.2,214.2,154.4,77,152.852,0,-90,154.4,154.8,210.4,-56,-55.6,--
HO2606-P-3200,265.8,265.8,205.2,121,286.274,0,-326,205.2,204.8,260.4,-55.2,-55.6,--
HO2606-P-3250,308,308,268.2,17,51.134,0,-84,268.2,254.8,310.4,-42.2,-55.6,--
HO2606-P-3300,350,357,316.4,45,156.86,0,-278,316.4,304.8,360.4,-44,-55.6,--
HO2606-P-3350,375,375,375,9,34.812,0,-18,375,354.8,410.4,-35.4,-55.6,--
HO2606-P-3400,424.8,424.8,424.8,1,4.248,0,-144,424.8,404.8,460.4,-35.6,-55.6,--
HO2606-P-3500,553.6,553.6,507.4,9,48.168,0,-178,507.4,504.8,560.8,-53.4,-56,--
HO2607-C-2500,426.6,490.2,410,76,338.15,57,30,490.2,490,416,74.2,74,0.9530
HO2607-C-2550,371,418.8,361.2,47,177.05,42,9,414.8,440.2,366.8,48,73.4,0.9840
HO2607-C-2600,314.2,388,314.2,83,279.244,49,3,387.6,390.6,313,74.6,77.6,0.9780
HO2607-C-2650,259.2,341.2,259.2,45,129.546,48,-6,341.2,341.4,267.6,73.6,73.8,0.9690
HO2607-C-2700,217,293,216,130,332.23,248,12,290,292.8,220.6,69.4,72.2,0.9530
HO2607-C-2750,177,246,165,203,416.712,394,-18,246,243.2,178.4,67.6,64.8,0.9000
HO2607-C-2800,123.8,201,122.8,738,1208.126,864,-122,198.6,198.6,137,61.6,61.6,0.8520
HO2607-C-2850,100.2,157.4,87.2,1536,1919.58,1280,-60,154.6,154.8,100.8,53.8,54,0.7930
HO2607-C-2900,68,118.6,58.2,3389,3056.21,2872,-554,116.4,116.4,68,48.4,48.4,0.7040
HO2607-C-2950,47,86.2,38.2,5825,3719.194,8314,-441,82.2,82.2,47,35.2,35.2,0.5950
HO2607-C-3000,25.2,59.6,23.2,5971,2491.03,2833,813,56.8,56.8,29.4,27.4,27.4,0.4710
HO2607-C-3050,15.8,40.4,13.6,2493,721.536,1370,284,39,39,18,21,21,0.3570
HO2607-C-3100,9.8,28.4,7.8,2226,442.02,1377,514,27.4,27.4,11.2,16.2,16.2,0.2660
HO2607-C-3150,6.2,20,4.2,1732,220.524,1223,731,18.6,18.6,7.2,11.4,11.4,0.1930
HO2607-C-3200,4.2,15.2,2.4,984,95.564,717,376,14.2,14.2,4.6,9.6,9.6,0.1470
HO2607-C-3250,2.6,11.8,1.6,837,67.204,703,324,10.6,10.6,3.4,7.2,7.2,0.1110
HO2607-C-3300,1.2,9,1,625,35.336,425,168,8.6,8.6,2.2,6.4,6.4,0.0880
HO2607-C-3350,1.2,7.6,1,360,10.16,437,109,6.6,6.6,1.8,4.8,4.8,0.0680
HO2607-C-3400,1.4,6.6,1,694,26.986,1138,182,5.8,5.8,1.8,4,4,0.0580
HO2607-P-2500,1.6,1.6,0.6,146,1.578,260,41,1,1,1.4,-0.4,-0.4,-0.0120
HO2607-P-2550,2.4,2.4,1,150,2.07,221,29,1.4,1.4,2,-0.6,-0.6,-0.0170
HO2607-P-2600,2.8,3.2,1.4,355,6.314,510,-44,1.6,1.6,2.6,-1,-1,-0.0210
HO2607-P-2650,4.4,5,1.8,403,9.448,661,9,2,2.2,4.4,-2.4,-2.2,-0.0300
HO2607-P-2700,8,8.4,3,625,28.334,660,21,3.8,3.8,7.8,-4,-4,-0.0490
HO2607-P-2750,13.4,14.8,5.2,1295,112.542,978,-89,5.4,5.6,13.4,-8,-7.8,-0.0720
HO2607-P-2800,21.6,24.4,9,1273,174.79,1670,100,10.8,10.8,21.8,-11,-11,-0.1250
HO2607-P-2850,38.2,39.2,15.2,1587,370.032,1850,181,15.6,15.6,34.6,-19,-19,-0.1810
HO2607-P-2900,59.8,60,25,2955,1070.42,2604,216,26,26,56,-30,-30,-0.2750
HO2607-P-2950,87.4,90.6,42.2,2571,1438.242,2527,746,44.6,44.6,80.8,-36.2,-36.2,-0.4000
HO2607-P-3000,124.8,124.8,65.6,1520,1214.392,1152,632,68,68,115.4,-47.4,-47.4,-0.5310
HO2607-P-3050,153,153,98.2,487,562.082,391,176,100.4,100.4,153.6,-53.2,-53.2,-0.6530
HO2607-P-3100,195.8,208.8,135.4,253,410.77,192,14,138.8,138.8,196.4,-57.6,-57.6,-0.7510
HO2607-P-3150,238,243.6,177,349,786.528,381,148,181.4,178.2,242,-60.6,-63.8,-0.8420
HO2607-P-3200,291.8,291.8,222.2,38,94.26,134,12,222.2,223.2,293.6,-71.4,-70.4,-0.8960
HO2607-P-3250,342,342,269.2,83,255.618,85,-3,273.4,270.2,342.2,-68.8,-72,-0.9320
HO2607-P-3300,383,383,318.2,23,78.996,105,0,318.2,318,391.4,-73.2,-73.4,-0.9590
HO2607-P-3350,452,452,386,29,123.508,129,7,389.2,366.4,440.8,-51.6,-74.4,-0.9820
HO2607-P-3400,481.4,484.8,418.2,22,103.944,222,3,418.2,422,490.6,-72.4,-68.6,-0.9350
HO2608-C-2500,null,null,null,0,0,1,0,389.2,483.6,408,-18.8,75.6,0.9550
HO2608-C-2550,null,null,null,0,0,3,0,257.8,435.4,360.8,-103,74.6,0.9430
HO2608-C-2600,308.6,367.2,308.6,13,41.942,10,7,366.8,386.8,314.8,52,72,0.9310
HO2608-C-2650,321.2,342,320.6,9,28.572,9,-5,342,340.6,272.4,69.6,68.2,0.9050
HO2608-C-2700,242.2,286.4,242.2,7,18.76,19,1,286.4,296,229.4,57,66.6,0.8710
HO2608-C-2750,197.8,254.8,197.8,9,19.282,31,0,252.8,254.8,190.8,62,64,0.8230
HO2608-C-2800,160.6,219,158,42,79.166,170,-25,219,216.2,158.2,60.8,58,0.7670
HO2608-C-2850,129,178.4,124.4,83,123.544,212,-35,178.4,179.6,128,50.4,51.6,0.7060
HO2608-C-2900,100.2,145.2,97,37,42.266,134,3,143.8,144.8,100.8,43,44,0.6380
HO2608-C-2950,79.4,120,76,94,90.642,150,-6,115,118,77.8,37.2,40.2,0.5610
HO2608-C-3000,55.8,96.2,55.8,267,190.706,327,-9,91.8,91.8,61.8,30,30,0.4830
HO2608-C-3050,43.6,76,42,259,149.844,237,-8,72.4,72.4,46.6,25.8,25.8,0.4090
HO2608-C-3100,31,57.6,31,181,78.736,179,64,53.8,53.8,36.2,17.6,17.6,0.3350
HO2608-C-3150,23.6,43,23.6,116,41.24,206,79,43,43.8,27.2,15.8,16.6,0.2790
HO2608-C-3200,18.8,35.2,18.8,99,27.296,105,79,34.2,34.2,20.8,13.4,13.4,0.2280
HO2608-C-3250,13.4,27.8,13.4,34,7.662,51,18,27,27,16,11,11,0.1860
HO2608-C-3300,15.2,23,9.2,182,31.026,283,124,21,21.4,12.2,8.8,9.2,0.1520
HO2608-P-2500,4,4.4,3.2,42,1.594,73,-15,3.2,3.8,4,-0.8,-0.2,-0.0320
HO2608-P-2550,7.2,7.2,4.6,127,7.328,53,-58,4.6,5.2,6.2,-1.6,-1,-0.0450
HO2608-P-2600,10.8,10.8,7,81,7.828,122,15,7,7.4,10,-3,-2.6,-0.0620
HO2608-P-2650,15.2,15.2,10.6,42,4.87,132,18,11.4,10.8,15.8,-4.4,-5,-0.0860
HO2608-P-2700,24,24,15,95,20.65,275,43,15,16,24.4,-9.4,-8.4,-0.1210
HO2608-P-2750,33,33,21.6,156,37.304,234,73,22.4,22.2,34.4,-12,-12.2,-0.1610
HO2608-P-2800,50,50,29.8,85,31.054,75,40,32,32,49.8,-17.8,-17.8,-0.2160
HO2608-P-2850,65.4,65.4,44.2,88,45.562,81,34,45.8,45.2,69.8,-24,-24.6,-0.2820
HO2608-P-2900,85.6,86.2,59.8,57,39.938,129,26,62.8,62.8,93.4,-30.6,-30.6,-0.3560
HO2608-P-2950,108.2,108.2,79.6,22,19.68,55,6,84,84,122,-38,-38,-0.4350
HO2608-P-3000,115,115,105,16,18.33,24,13,105,109.6,153.6,-48.6,-44,-0.5160
HO2608-P-3050,178,182,137,18,28.672,15,3,137,140.6,188.6,-51.6,-48,-0.5920
HO2608-P-3100,215.8,220.4,175.8,14,28.25,10,1,175.8,174.4,228.6,-52.8,-54.2,-0.6620
HO2608-P-3150,229,229.8,213.6,5,11.636,7,0,213.6,212,268.4,-54.8,-56.4,-0.7240
HO2608-P-3200,null,null,null,0,0,15,0,318.2,253.4,313.4,4.8,-60,-0.7730
HO2608-P-3250,345.4,346.8,345.4,3,10.504,2,0,346.8,294.6,358.2,-11.4,-63.6,-0.8210
HO2608-P-3300,null,null,null,0,0,17,0,399.4,338.6,404.4,-5,-65.8,-0.8580
HO2609-C-2500,409,491.6,409,44,194.176,192,-4,490,485.6,413,77,72.6,0.9250
HO2609-C-2600,322,398,321,134,477.938,483,-72,393.6,392.2,325.4,68.2,66.8,0.8890
HO2609-C-2700,251.4,315.6,251.4,85,244.798,460,36,309,309,245.8,63.2,63.2,0.8160
HO2609-C-2800,170.8,240.4,170.8,1973,3963.344,4968,711,233.6,234,177.8,55.8,56.2,0.7230
HO2609-C-2900,121,172.8,116,436,632.614,1629,-109,166,166.6,122.6,43.4,44,0.6130
HO2609-C-3000,79.2,118,79,684,696.056,1580,45,115.6,115.6,83.4,32.2,32.2,0.4890
HO2609-C-3100,51.2,81,50.4,494,325.17,1445,-8,78.6,80,55,23.6,25,0.3740
HO2609-C-3200,35.2,58,34.6,492,228.046,1194,3,57.6,57.6,40.2,17.4,17.4,0.2840
HO2609-C-3300,26,41.2,25.2,170,61.93,613,-25,40.8,40.8,29,11.8,11.8,0.2120
HO2609-C-3400,19.2,30,18.2,369,95.582,1610,-60,30,30.6,21.8,8.2,8.8,0.1620
HO2609-C-3500,15,23.6,14,307,59.85,1519,-26,22.2,22.8,16.6,5.6,6.2,0.1230
HO2609-P-2500,9.4,11.8,6.8,375,36.954,1538,-25,7.4,7.4,9.2,-1.8,-1.8,-0.0510
HO2609-P-2600,19.6,23.6,14.2,125,22.242,1010,4,14.2,14.6,20,-5.8,-5.4,-0.0940
HO2609-P-2700,44.2,44.2,27.6,94,33.15,664,-12,28.8,29.6,40.4,-11.6,-10.8,-0.1670
HO2609-P-2800,88,88,51.2,801,542.79,1835,355,51.4,51.8,73.4,-22,-21.6,-0.2620
HO2609-P-2900,117.4,117.4,85.4,289,288.926,1184,107,85.4,86.6,114.2,-28.8,-27.6,-0.3810
HO2609-P-3000,181.6,181.6,132.2,142,218.774,649,68,135,137.2,177,-42,-39.8,-0.5090
HO2609-P-3100,244.8,244.8,194,33,71.738,357,5,197,195.4,252.8,-55.8,-57.4,-0.6350
HO2609-P-3200,320.4,326.4,269.6,54,162.25,247,5,269.6,274.4,332.6,-63,-58.2,-0.7280
HO2609-P-3300,413,413,368.6,5,19.012,202,0,370.2,358.6,420.2,-50,-61.6,-0.8000
HO2609-P-3400,501.2,505.4,458.2,14,67.91,334,0,464.4,448.4,513.6,-49.2,-65.2,-0.8520
HO2609-P-3500,604.2,612.8,536.8,263,1523.952,490,0,538.8,541.2,607.2,-68.4,-66,-0.8890
HO2612-C-2500,400.2,478.4,400.2,12,52.614,118,-1,472.4,479.6,403.6,68.8,76,0.8740
HO2612-C-2600,327.4,387.8,327.4,39,130.05,187,32,387.8,394.6,323.8,64,70.8,0.8220
HO2612-C-2700,255.6,313.6,250.6,127,360.184,240,-65,313.6,324.6,256.2,57.4,68.4,0.7440
HO2612-C-2800,190,250.8,189.6,179,392.364,768,6,242,250,196,46,54,0.6690
HO2612-C-2900,145.2,195.2,144.4,49,87.876,877,3,194.8,198.6,148.2,46.6,50.4,0.5760
HO2612-C-3000,112.2,152.8,109.8,237,316.612,2292,-89,150.8,150.8,113.6,37.2,37.2,0.4840
HO2612-C-3100,85.6,115.2,82,53,57.27,661,-3,115.2,115.2,85.8,29.4,29.4,0.3990
HO2612-C-3200,72,73.2,72,11,8.012,473,-11,73.2,89.2,67.6,5.6,21.6,0.3260
HO2612-C-3300,52.6,70.6,50,71,39.006,453,-21,70.6,69.6,51.8,18.8,17.8,0.2650
HO2612-C-3400,40.8,54.6,38,69,30.484,493,-14,54.4,54.2,40.8,13.6,13.4,0.2140
HO2612-C-3500,31,45.4,30,136,49.122,939,28,45.4,45.4,33.8,11.6,11.6,0.1800
HO2612-P-2500,23,24.2,19,145,31.218,1471,-8,19,19,23,-4,-4,-0.0960
HO2612-P-2600,42.6,42.6,33.2,74,28.566,523,23,33.2,33.4,42.2,-9,-8.8,-0.1520
HO2612-P-2700,67,70.6,56.2,76,48.354,811,2,56.6,55.6,69.8,-13.2,-14.2,-0.2270
HO2612-P-2800,105.8,110.8,82.6,83,83.512,945,-5,84.4,85.4,110.2,-25.8,-24.8,-0.3150
HO2612-P-2900,155,159.6,125.4,26,37.666,900,-11,132.6,132.6,161,-28.4,-28.4,-0.4150
HO2612-P-3000,233.4,233.4,180.2,26,53.104,545,0,182,186,229.2,-47.2,-43.2,-0.5120
HO2612-P-3100,296.8,296.8,244.2,3,7.852,388,0,244.2,250.6,302.8,-58.6,-52.2,-0.6020
HO2612-P-3200,375.8,377,375.8,2,7.528,243,0,377,325.4,381.2,-4.2,-55.8,-0.6760
HO2612-P-3300,459.8,459.8,416,3,12.918,249,0,416,399.8,463.6,-47.6,-63.8,-0.7500
HO2612-P-3400,545.6,545.6,545.6,1,5.456,207,0,545.6,484,552,-6.4,-68,-0.8040
HO2612-P-3500,636.8,636.8,578.4,2,12.152,269,0,578.4,574.2,647.2,-68.8,-73,-0.8420
HO2703-C-2500,436.6,478.2,430.2,16,69.908,105,9,478.2,506.8,432.6,45.6,74.2,0.7940
HO2703-C-2600,365.8,407.8,365.8,6,22.304,89,3,407.8,427.8,359.4,48.4,68.4,0.7470
HO2703-C-2700,335.8,335.8,335.8,4,12.604,33,-2,335.8,357,294.4,41.4,62.6,0.6900
HO2703-C-2800,242.6,270.8,236.2,23,55.606,378,9,270.8,293.6,237.4,33.4,56.2,0.6260
HO2703-C-2900,192.2,245.2,189.2,45,89.004,1355,10,245.2,242.4,191.8,53.4,50.6,0.5570
HO2703-C-3000,152.8,194,150.8,20,33.46,114,4,194,194,150,44,44,0.4870
HO2703-C-3100,117,154,116.2,56,69.486,448,22,154,154.8,117.8,36.2,37,0.4200
HO2703-C-3200,91.2,126.4,91.2,55,57.854,66,-24,126.4,126.4,91.4,35,35,0.3600
HO2703-C-3300,72,96,69,36,29.514,105,-11,96,96,70.2,25.8,25.8,0.2980
HO2703-C-3400,51.6,72.6,50,152,88.256,595,23,72.6,74.8,54.4,18.2,20.4,0.2460
HO2703-P-2500,42.8,43.8,37,27,11.362,877,9,37,36,42.4,-5.4,-6.4,-0.1390
HO2703-P-2600,69.4,69.4,56.8,12,7.62,475,-1,56.8,57,68.6,-11.8,-11.6,-0.2000
HO2703-P-2700,99.6,99.6,88.8,66,63.01,202,-11,88.8,85.4,102.4,-13.6,-17,-0.2710
HO2703-P-2800,140.4,142.8,124.4,19,26.264,373,-1,124.4,119.8,143.8,-19.4,-24,-0.3490
HO2703-P-2900,191.8,195.2,171.2,31,58.808,246,17,171.2,165.6,194.2,-23,-28.6,-0.4340
HO2703-P-3000,222.8,222.8,220,4,8.864,104,4,220,219.6,253.8,-33.8,-34.2,-0.5180
HO2703-P-3100,310,310,290.6,2,6.006,31,-1,290.6,277.2,321.6,-31,-44.4,-0.6020
HO2703-P-3200,null,null,null,0,0,26,0,405.4,342.6,390.8,14.6,-48.2,-0.6830
HO2703-P-3300,null,null,null,0,0,34,0,482.6,415,467.6,15,-52.6,-0.7590
HO2703-P-3400,543.2,546.8,497.2,8,40.732,39,-6,497.2,491.2,549,-51.8,-57.8,-0.8330
小计,,,,99002,49549.254,86519,-30207,,,,,,--
IC2606,8692.8,8778.8,8607.4,29050,5050723.472,0,-40211,8778.2,8777.53,8685.4,92.8,92.13,--
IC2607,8660,8793.4,8540.6,46843,8101710.26,64169,12189,8770,8749.8,8618,152,131.8,--
IC2609,8536,8677,8432,112647,19241731.88,171790,9686,8650,8634.2,8513.6,136.4,120.6,--
IC2612,8369,8492,8254.2,21508,3594007.072,55986,479,8469.2,8447.6,8337.8,131.4,109.8,--
小计,,,,210048,35988172.684,291945,-17857,,,,,,--
IF2606,4956,5030.2,4925.2,25670,3823473.654,0,-35979,5029.2,5028.84,4950.2,79,78.64,--
IF2607,4926,5030,4888.2,44696,6641882.142,58431,13326,5027.2,5017.2,4907,120.2,110.2,--
IF2609,4852.4,4987.4,4838.8,88185,12978709.512,161226,14138,4983.8,4975.2,4853.4,130.4,121.8,--
IF2612,4790,4919,4761,16035,2328102.084,49785,2555,4918,4905.4,4775.6,142.4,129.8,--
小计,,,,174586,25772167.392,269442,-5960,,,,,,--
IH2606,2936,2996,2918.2,16134,1428824.376,0,-18677,2995.6,2995.2,2939.6,56,55.6,--
IH2607,2918,2991.2,2894,21705,1914801.558,28010,6959,2988.4,2984.2,2910.6,77.8,73.6,--
IH2609,2896,2982.2,2883.4,49450,4350457.866,76460,12335,2978,2975.2,2898.6,79.4,76.6,--
IH2612,2880,2963.8,2861.8,8765,764739.81,20463,1770,2961.4,2955,2876,85.4,79,--
小计,,,,96054,8458823.61,124933,2387,,,,,,--
IM2606,8790,8802.4,8620.4,44990,7842914.288,0,-57977,8774.2,8774.84,8759.8,14.4,15.04,--
IM2607,8720,8739.8,8533.4,64293,11097862.612,88681,19651,8706.2,8700,8667.6,38.6,32.4,--
IM2609,8546,8558,8367,158991,26912673.04,221871,17344,8524.2,8521.6,8505.6,18.6,16,--
IM2612,8301,8310,8126.4,31029,5101936.32,94592,1656,8281,8279,8262.8,18.2,16.2,--
小计,,,,299303,50955386.26,405144,-19326,,,,,,--
IO2606-C-3400,1621.2,1644.4,1621.2,5,80.59,0,-163,1644.4,1628.84,1550.4,94,78.44,--
IO2606-C-3500,1521.4,1544.8,1521.4,2,30.662,0,-146,1544.8,1528.84,1450.4,94.4,78.44,--
IO2606-C-3600,1350,1444.2,1350,3,42.156,0,-156,1444.2,1428.84,1350.2,94,78.64,--
IO2606-C-3700,1267.8,1343.8,1267.8,4,52.358,0,-185,1343.8,1328.84,1254,89.8,74.84,--
IO2606-C-3800,1167.6,1242.8,1167.6,5,59.494,0,-142,1242.8,1228.84,1150.2,92.6,78.64,--
IO2606-C-3900,1067.6,1142,1067.6,7,76.01,0,-141,1142,1128.84,1050.2,91.8,78.64,--
IO2606-C-3950,1017.4,1091.8,1017.4,6,62.332,0,-115,1091.8,1078.84,1000.2,91.6,78.64,--
IO2606-C-4000,932,1026.8,930.8,32,311.396,0,-124,1026.8,1028.84,950.2,76.6,78.64,--
IO2606-C-4050,917.6,991.4,917.6,9,83.408,0,-112,991.4,978.84,900.2,91.2,78.64,--
IO2606-C-4100,872.8,936.4,846.2,30,260.042,0,-123,936.4,928.84,850.2,86.2,78.64,--
IO2606-C-4150,817,889.8,817,15,123.33,0,-95,889.8,878.84,800.2,89.6,78.64,--
IO2606-C-4200,730.4,829,730.4,49,376.016,0,-110,828.8,828.84,750.2,78.6,78.64,--
IO2606-C-4250,699.6,790,699.6,16,114.872,0,-74,790,778.84,700.2,89.8,78.64,--
IO2606-C-4300,652,730,651,77,541.124,0,-247,730,728.84,650.2,79.8,78.64,--
IO2606-C-4350,592,689.2,592,28,172.592,0,-69,689.2,678.84,600.2,89,78.64,--
IO2606-C-4400,528.6,638.4,528.6,102,581.548,0,-514,638.4,628.84,550.2,88.2,78.64,--
IO2606-C-4450,488.4,588.8,488.4,40,205.69,0,-164,588.8,578.84,500.2,88.6,78.64,--
IO2606-C-4500,438.2,528.2,435.2,627,2945.768,0,-761,528,528.84,450.2,77.8,78.64,--
IO2606-C-4550,388.2,483.2,388.2,438,1809.15,0,-274,483.2,478.84,404.4,78.8,74.44,--
IO2606-C-4600,338.4,433.2,335.4,976,3561.464,0,-1283,433.2,428.84,350.4,82.8,78.44,--
IO2606-C-4650,288.4,385.2,285.2,686,2163.304,0,-387,385.2,378.84,300.6,84.6,78.24,--
IO2606-C-4700,250.2,333,224,1426,3873.998,0,-1697,333,328.84,251.2,81.8,77.64,--
IO2606-C-4750,195.6,279,176.8,1072,2289.64,0,-830,279,278.84,202.4,76.6,76.44,--
IO2606-C-4800,153.6,230.4,126,2591,4331.292,0,-2596,229.6,228.84,155.4,74.2,73.44,--
IO2606-C-4850,105,181.8,76.8,3476,3995.748,0,-1811,181.8,178.84,106.2,75.6,72.64,--
IO2606-C-4900,65,129.6,35,13912,8866.698,0,-3527,128.4,128.84,60.8,67.6,68.04,--
IO2606-C-4950,19.6,79.6,6.8,21296,5596.082,0,-3157,78.2,78.84,25.8,52.4,53.04,--
IO2606-C-5000,8,29.4,0.4,23386,2007.742,0,-4367,28.6,28.84,8.6,20,20.24,--
IO2606-C-5100,0.6,1,0.2,1441,4.024,0,-2906,0.2,0,0.8,-0.6,-0.8,--
IO2606-C-5200,0.2,0.2,0.2,57,0.114,0,-3016,0.2,0,0.2,0,-0.2,--
IO2606-C-5300,0.2,0.4,0.2,409,0.824,0,-1288,0.2,0,0.2,0,-0.2,--
IO2606-C-5400,0.2,0.2,0.2,98,0.196,0,-3634,0.2,0,0.2,0,-0.2,--
IO2606-C-5500,0.2,0.2,0.2,83,0.166,0,-1460,0.2,0,0.2,0,-0.2,--
IO2606-P-3400,0.2,0.2,0.2,19,0.038,0,-1410,0.2,0,0.2,0,-0.2,--
IO2606-P-3500,0.2,0.2,0.2,22,0.044,0,-455,0.2,0,0.2,0,-0.2,--
IO2606-P-3600,0.2,0.2,0.2,19,0.038,0,-416,0.2,0,0.2,0,-0.2,--
IO2606-P-3700,0.2,0.2,0.2,19,0.038,0,-315,0.2,0,0.2,0,-0.2,--
IO2606-P-3800,0.2,0.2,0.2,18,0.036,0,-799,0.2,0,0.2,0,-0.2,--
IO2606-P-3900,0.2,0.2,0.2,27,0.054,0,-453,0.2,0,0.2,0,-0.2,--
IO2606-P-3950,0.2,0.2,0.2,21,0.042,0,-226,0.2,0,0.2,0,-0.2,--
IO2606-P-4000,0.2,0.2,0.2,31,0.062,0,-1179,0.2,0,0.2,0,-0.2,--
IO2606-P-4050,0.2,0.2,0.2,19,0.038,0,-161,0.2,0,0.2,0,-0.2,--
IO2606-P-4100,0.2,0.2,0.2,19,0.038,0,-378,0.2,0,0.2,0,-0.2,--
IO2606-P-4150,0.2,0.2,0.2,21,0.042,0,-213,0.2,0,0.2,0,-0.2,--
IO2606-P-4200,0.2,0.2,0.2,33,0.066,0,-1000,0.2,0,0.2,0,-0.2,--
IO2606-P-4250,0.2,0.2,0.2,12,0.024,0,-326,0.2,0,0.2,0,-0.2,--
IO2606-P-4300,0.2,0.2,0.2,14,0.028,0,-635,0.2,0,0.2,0,-0.2,--
IO2606-P-4350,0.2,0.2,0.2,18,0.036,0,-429,0.2,0,0.2,0,-0.2,--
IO2606-P-4400,0.2,0.2,0.2,118,0.236,0,-1963,0.2,0,0.2,0,-0.2,--
IO2606-P-4450,0.2,0.2,0.2,360,0.72,0,-1333,0.2,0,0.2,0,-0.2,--
IO2606-P-4500,0.2,0.2,0.2,56,0.112,0,-3724,0.2,0,0.2,0,-0.2,--
IO2606-P-4550,0.2,0.2,0.2,28,0.056,0,-1225,0.2,0,0.2,0,-0.2,--
IO2606-P-4600,0.2,0.2,0.2,83,0.166,0,-2581,0.2,0,0.2,0,-0.2,--
IO2606-P-4650,0.2,0.4,0.2,149,0.33,0,-1503,0.2,0,0.2,0,-0.2,--
IO2606-P-4700,0.2,0.4,0.2,507,1.088,0,-3277,0.2,0,0.2,0,-0.2,--
IO2606-P-4750,0.2,0.4,0.2,419,1.042,0,-1872,0.2,0,0.6,-0.4,-0.6,--
IO2606-P-4800,0.6,1,0.2,1050,4.026,0,-3258,0.2,0,1.6,-1.4,-1.6,--
IO2606-P-4850,1.2,2.8,0.2,1906,19.892,0,-1912,0.2,0,3.4,-3.2,-3.4,--
IO2606-P-4900,5,9.8,0.2,9018,252.784,0,-2874,0.2,0,8.8,-8.6,-8.8,--
IO2606-P-4950,19,32.4,0.2,17182,1779.662,0,-2174,0.2,0,23.6,-23.4,-23.6,--
IO2606-P-5000,59.8,76,0.2,13538,3802.558,0,-1074,0.2,0,60,-59.8,-60,--
IO2606-P-5100,154.6,173,69.4,1561,1935.85,0,-357,71.6,71.16,153.4,-81.8,-82.24,--
IO2606-P-5200,254.4,275.4,167.8,296,689.268,0,-390,167.8,171.16,250.2,-82.4,-79.04,--
IO2606-P-5300,361.2,361.2,267,97,327.24,0,-52,267,271.16,349.8,-82.8,-78.64,--
IO2606-P-5400,461.4,461.4,367,81,347.602,0,-235,367,371.16,449.6,-82.6,-78.44,--
IO2606-P-5500,550.4,550.4,467,54,287.924,0,-100,467,471.16,549.6,-82.6,-78.44,--
IO2607-C-4200,720.8,826.4,704.8,48,363.95,62,25,824.2,829.4,716.6,107.6,112.8,0.9470
IO2607-C-4250,671.6,731,671.6,7,47.522,47,-2,731,779.8,668.8,62.2,111,0.9430
IO2607-C-4300,624,719.8,608,27,173.428,85,0,719.8,730.6,619.6,100.2,111,0.9380
IO2607-C-4350,574.4,574.4,574.4,6,34.368,47,0,574.4,681.4,571.2,3.2,110.2,0.9330
IO2607-C-4400,526,620.8,526,10,56.466,191,1,620.8,632.4,522.2,98.6,110.2,0.9260
IO2607-C-4450,458.6,567,456,72,353.968,71,11,567,583.4,473.4,93.6,110,0.9580
IO2607-C-4500,426.8,535,420.4,116,554.554,178,-13,535,535.2,426.4,108.6,108.8,0.9480
IO2607-C-4550,370.2,487.8,366.8,91,367.556,135,-5,485.4,485.4,380.4,105,105,0.9010
IO2607-C-4600,325.2,443,321,274,1082.542,532,65,437.8,437.8,333.2,104.6,104.6,0.8860
IO2607-C-4650,291.2,395,278.4,209,684.898,344,-30,392,389.2,289.8,102.2,99.4,0.8720
IO2607-C-4700,242.4,351.8,231.2,1311,3532.746,1213,-188,344.8,347.8,250.4,94.4,97.4,0.8360
IO2607-C-4750,217.8,309.6,194.6,1008,2373.06,1048,84,301,301.2,211.8,89.2,89.4,0.8110
IO2607-C-4800,174.4,267.8,158.8,3428,7191.448,2391,-213,260,260,175.8,84.2,84.2,0.7700
IO2607-C-4850,135.6,227.8,128.4,2313,3749.346,1961,-30,221,223,143.4,77.6,79.6,0.7180
IO2607-C-4900,116.8,193.8,101.6,5605,7319.566,4379,-404,185.8,185.8,116.8,69,69,0.6640
IO2607-C-4950,92.6,161.8,79.2,7133,7920.454,7604,379,155.6,155.6,92.6,63,63,0.6000
IO2607-C-5000,73,132.2,59.4,11981,11043.052,5201,239,124.8,124.8,72.8,52,52,0.5350
IO2607-C-5100,40,86,33,8723,5148.1,4331,498,79.8,79.8,42.6,37.2,37.2,0.3990
IO2607-C-5200,27.8,55.8,18.2,5175,1968.356,3443,883,50,50,24.4,25.6,25.6,0.2810
IO2607-C-5300,13.2,35.6,10.2,3194,729.262,2125,686,31.8,31.8,14.8,17,17,0.1930
IO2607-C-5400,7,23.8,5.8,2617,413.274,1737,816,19.8,19.8,8.6,11.2,11.2,0.1290
IO2607-C-5500,4.8,16.2,3.6,2299,229.334,2134,802,13.2,13.2,5.4,7.8,7.8,0.0880
IO2607-P-4200,3.2,3.2,2.2,211,5.632,682,96,2.4,2.4,3.6,-1.2,-1.2,-0.0160
IO2607-P-4250,3.6,4,2.8,197,6.602,761,-42,2.8,2.8,4.4,-1.6,-1.6,-0.0180
IO2607-P-4300,4.6,4.6,3.2,336,12.668,728,-44,3.4,3.4,5.4,-2,-2,-0.0230
IO2607-P-4350,5.6,6.4,3.6,227,11.234,525,16,4.2,4.2,6.8,-2.6,-2.6,-0.0280
IO2607-P-4400,7.2,7.6,4.6,622,37.124,1058,19,5.4,5.4,8.6,-3.2,-3.2,-0.0360
IO2607-P-4450,9.4,9.4,6,313,24.13,938,-23,6.2,6.2,10.6,-4.4,-4.4,-0.0420
IO2607-P-4500,13,13.2,7.8,1193,114.804,1737,-104,7.8,7.8,14,-6.2,-6.2,-0.0520
IO2607-P-4550,15,17.4,10,1024,129.52,1207,-46,10.2,10.2,18,-7.8,-7.8,-0.0670
IO2607-P-4600,21,22.6,12.8,1324,220.676,1783,224,13.2,13.2,23.2,-10,-10,-0.0860
IO2607-P-4650,25,29.2,16,1190,250.964,2029,152,16.2,16.2,29.6,-13.4,-13.4,-0.1050
IO2607-P-4700,36,39,21,2831,794.25,2914,267,21.4,21.4,38.2,-16.8,-16.8,-0.1350
IO2607-P-4750,44.4,50.8,27.4,1728,640.39,1902,347,28,28,49,-21,-21,-0.1710
IO2607-P-4800,54.6,66.8,36,4322,2133.304,3283,593,36,36,62.8,-26.8,-26.8,-0.2130
IO2607-P-4850,80.8,86.2,47,3297,2126.176,2921,416,47.2,47.2,80.8,-33.6,-33.6,-0.2650
IO2607-P-4900,106.6,109.6,61,4701,3830.068,2763,1029,61,61,103,-42,-42,-0.3250
IO2607-P-4950,175,175,76.4,3222,3376.012,1937,724,76.4,76.4,129.4,-53,-53,-0.3900
IO2607-P-5000,158.8,166,99,2454,3020.17,1266,585,99,99,159.2,-60.2,-60.2,-0.4630
IO2607-P-5100,236,236,153.2,760,1391.864,509,276,154.2,154.2,227.8,-73.6,-73.6,-0.6090
IO2607-P-5200,316,324,222.6,368,932.914,271,117,225.2,223.8,307.8,-82.6,-84,-0.7390
IO2607-P-5300,386.2,403,304,83,280.13,139,19,306,306,402.2,-96.2,-96.2,-0.8340
IO2607-P-5400,487.2,491.8,422.6,7,32.496,81,2,432.2,389.8,501,-68.8,-111.2,-0.9290
IO2607-P-5500,571.8,597,486,180,908.046,233,105,486,486,598,-112,-112,-0.9620
IO2608-C-4200,769.2,814.8,769.2,26,202.104,33,16,814.8,821.2,700.8,114,120.4,0.9090
IO2608-C-4250,742.8,748.6,742.8,9,67.124,25,9,748.6,773,653.4,95.2,119.6,0.9020
IO2608-C-4300,673.8,717.6,673.8,20,134.352,53,8,715,725.2,606.6,108.4,118.6,0.8930
IO2608-C-4350,627,666.8,627,5,30.42,69,0,666.8,677.8,560.6,106.2,117.2,0.8830
IO2608-C-4400,578.4,627.6,578.4,7,38.952,27,-1,627.6,631,515.4,112.2,115.6,0.8710
IO2608-C-4450,562.2,577.2,562.2,7,37.08,28,1,577.2,585,471.4,105.8,113.6,0.8570
IO2608-C-4500,490.8,519.6,489,22,105.262,36,3,519.6,540.6,428.6,91,112,0.8400
IO2608-C-4550,456.4,488,456.4,17,73.754,22,1,488,496.6,387.4,100.6,109.2,0.8200
IO2608-C-4600,358,445.8,338,40,150.778,40,10,443.2,453.8,348,95.2,105.8,0.7980
IO2608-C-4650,306.6,407.2,303.4,15,52.478,44,4,407.2,412.6,309,98.2,103.6,0.7720
IO2608-C-4700,271.6,363.4,268.4,34,101.946,57,-1,363.4,373.6,275.4,88,98.2,0.7430
IO2608-C-4750,234.8,325,234.8,38,107.566,76,13,325,335,242.8,82.2,92.2,0.7110
IO2608-C-4800,210,299.6,203.2,166,453.228,253,84,289.6,300.6,212.6,77,88,0.6750
IO2608-C-4850,173.4,262.6,172.6,115,254.392,212,2,262,266.2,185.2,76.8,81,0.6370
IO2608-C-4900,153,233.6,148,208,423.062,360,-59,233.4,233.4,160.4,73,73,0.5970
IO2608-C-4950,127.4,207.2,127.4,202,353.758,209,-39,205.2,205.2,137.4,67.8,67.8,0.5550
IO2608-C-5000,111.6,181.2,110,423,662.54,520,-23,179,179,118.4,60.6,60.6,0.5120
IO2608-C-5100,83.8,137.2,75.8,592,640.714,628,86,132.4,132.4,84.4,48,48,0.4240
IO2608-C-5200,60.4,102.8,54.2,376,305.636,737,110,98.4,100,61.8,36.6,38.2,0.3450
IO2608-C-5300,42.4,75,39.2,318,205.218,524,169,72.4,72.4,44.6,27.8,27.8,0.2710
IO2608-C-5400,30.6,56.2,28.2,215,88.748,314,112,55.2,55.2,32.8,22.4,22.4,0.2160
IO2608-C-5500,21.6,41.6,19.4,328,104.346,381,99,39.4,40.6,24.6,14.8,16,0.1670
IO2608-P-4200,14,14.4,10.8,110,14.118,415,-1,11.6,12,14.6,-3,-2.6,-0.0500
IO2608-P-4250,15,16.6,12.6,108,16.074,406,5,14.8,14.2,17,-2.2,-2.8,-0.0590
IO2608-P-4300,21,21.2,15.8,204,35.582,1241,5,16.8,16.2,20.2,-3.4,-4,-0.0680
IO2608-P-4350,20.4,22.8,17.8,326,65.826,1219,-142,19.4,18.4,23.8,-4.4,-5.4,-0.0780
IO2608-P-4400,27.2,28.6,20.4,112,27.558,500,-30,22.6,21.8,29.8,-7.2,-8,-0.0920
IO2608-P-4450,33.8,34.4,25.4,151,43.388,296,20,25.8,25.2,35,-9.2,-9.8,-0.1060
IO2608-P-4500,42.6,42.8,30.6,247,86.726,271,-25,30.8,30.8,42.6,-11.8,-11.8,-0.1260
IO2608-P-4550,43.4,49.6,36.4,303,133.808,470,0,36.6,36.6,50,-13.4,-13.4,-0.1470
IO2608-P-4600,58.6,61,43.2,209,110.772,401,98,44,43.4,61,-17,-17.6,-0.1710
IO2608-P-4650,67.4,70.8,51,86,48.988,242,29,52,52,73.6,-21.6,-21.6,-0.2000
IO2608-P-4700,78,88.8,62.4,97,70.182,280,46,62.8,62.8,88.6,-25.8,-25.8,-0.2330
IO2608-P-4750,107,107.6,74.4,104,87.722,253,57,75.2,73.2,105.6,-30.4,-32.4,-0.2660
IO2608-P-4800,128,128.2,87.8,236,228.968,307,94,88.6,88.6,125.8,-37.2,-37.2,-0.3070
IO2608-P-4850,150.6,150.6,103.4,209,252.196,199,128,104.6,104.6,146.2,-41.6,-41.6,-0.3490
IO2608-P-4900,178,178,123,61,90.674,120,22,125.6,125.6,171.2,-45.6,-45.6,-0.3950
IO2608-P-4950,185,194.2,144.8,42,73.05,72,24,146.8,146.8,199,-52.2,-52.2,-0.4410
IO2608-P-5000,219.6,229,170,78,152.4,123,39,170.8,170.8,229.2,-58.4,-58.4,-0.4880
IO2608-P-5100,281.4,288.2,226,89,230.642,70,19,228,226.6,296.6,-68.6,-70,-0.5810
IO2608-P-5200,332.4,333.2,293.6,58,190.156,66,26,294.8,287.6,372.4,-77.6,-84.8,-0.6750
IO2608-P-5300,395.8,395.8,364.8,25,103.524,54,-10,364.8,360.6,454.8,-90,-94.2,-0.7560
IO2608-P-5400,547.2,547.2,456.8,17,86.818,64,7,456.8,441.2,540,-83.2,-98.8,-0.8240
IO2608-P-5500,534.4,534.4,534.4,3,16.032,38,3,534.4,521.2,633.4,-99,-112.2,-0.8990
IO2609-C-3900,967.2,1097.8,967.2,25,268.632,180,-5,1094,1094,975.2,118.8,118.8,0.9370
IO2609-C-4000,900,1000,872.8,83,767.136,247,-19,989.4,985,877,112.4,108,0.9510
IO2609-C-4100,800.2,896.8,779.4,11,88.964,153,-4,896.2,889.4,785.8,110.4,103.6,0.9370
IO2609-C-4200,700,811,687.6,44,316.554,326,-24,805.2,811.8,690.6,114.6,121.2,0.8900
IO2609-C-4300,608,680,608,39,243.446,210,-17,680,720.2,605.2,74.8,115,0.8670
IO2609-C-4400,510,630,510,64,358.678,523,-16,630,622.4,517,113,105.4,0.8500
IO2609-C-4500,420.6,548,420.2,265,1236.676,1798,104,542.4,542.4,436,106.4,106.4,0.8060
IO2609-C-4600,355,466,347.2,173,689.504,1283,-38,464.8,464.8,366.2,98.6,98.6,0.7570
IO2609-C-4700,289,394.4,285.8,2158,7105.838,5600,758,392,392,306,86,86,0.7020
IO2609-C-4800,155.6,323.6,155.6,460,1229.182,1981,87,319.4,319.4,241.8,77.6,77.6,0.6430
IO2609-C-4900,190,265.8,178.2,530,1111.916,1398,95,263,263,195,68,68,0.5740
IO2609-C-5000,140,216,138.8,892,1569,2561,61,214,214,156,58,58,0.5040
IO2609-C-5200,90,138.4,83.4,1556,1679.236,3356,-158,135.2,135.8,93.6,41.6,42.2,0.3690
IO2609-C-5400,59.6,90,51.4,1820,1332.158,4988,-368,85.6,85.6,60.2,25.4,25.4,0.2590
IO2609-C-5600,38.2,59.2,30.8,1297,627.33,1316,-153,56.4,56.4,37.8,18.6,18.6,0.1810
IO2609-P-3900,11,11.6,9.4,57,5.968,542,9,10,10,10.8,-0.8,-0.8,-0.0350
IO2609-P-4000,15.4,17.4,12.4,175,25.418,1246,-26,13.2,13.2,15,-1.8,-1.8,-0.0460
IO2609-P-4100,21.2,23.6,17,82,15.806,928,-17,17.8,17.8,20.2,-2.4,-2.4,-0.0600
IO2609-P-4200,27.2,30.8,22.4,102,26.544,815,16,24.2,23.8,28.6,-4.4,-4.8,-0.0800
IO2609-P-4300,38.4,43.2,31.2,333,126.412,1114,165,31.2,31.4,38.6,-7.4,-7.2,-0.1040
IO2609-P-4400,52,57.4,40.8,304,155.192,1056,178,42.8,42.8,54.6,-11.8,-11.8,-0.1360
IO2609-P-4500,75,77.4,55.6,263,180.294,1152,46,57.4,57.4,74.4,-17,-17,-0.1760
IO2609-P-4600,100,104.4,75,607,559.368,1031,-49,76.8,76.8,100.6,-23.8,-23.8,-0.2250
IO2609-P-4700,133.8,139.4,101,499,609.524,1719,92,103,103,132.4,-29.4,-29.4,-0.2830
IO2609-P-4800,179,179,131.6,362,547.53,1214,123,135.8,135.8,175.4,-39.6,-39.6,-0.3500
IO2609-P-4900,229.8,230.6,172.4,278,570.032,810,26,175.6,175.6,226.4,-50.8,-50.8,-0.4210
IO2609-P-5000,283.6,289,221.6,199,493.732,606,79,226.6,224.6,286.4,-59.8,-61.8,-0.4950
IO2609-P-5200,407.2,420,343.2,50,191.26,278,25,343.2,341.8,423,-79.8,-81.2,-0.6420
IO2609-P-5400,580,580,494.4,16,85.996,521,1,496,491.6,589.2,-93.2,-97.6,-0.7620
IO2609-P-5600,746.2,766,662.8,8,56.142,409,0,666,662.2,765.6,-99.6,-103.4,-0.8470
IO2612-C-3900,915,1032,915,8,78.436,174,-2,1029.4,1037.2,911.4,118,125.8,0.9050
IO2612-C-4000,889.8,905,889.8,9,80.394,158,9,905,945.6,823,82,122.6,0.8880
IO2612-C-4100,740,852.6,740,41,326.358,214,-19,852.6,852.6,733.6,119,119,0.8710
IO2612-C-4200,655,746.6,655,8,55.188,130,0,746.6,773.2,654.6,92,118.6,0.8370
IO2612-C-4300,621,621,621,2,12.42,213,-1,621,681.2,577.4,43.6,103.8,0.8150
IO2612-C-4400,505,607.2,502,84,457.794,389,16,607.2,602,506.6,100.6,95.4,0.7780
IO2612-C-4500,430.4,522.6,429.4,124,562.438,1071,-5,522.6,539.2,437.2,85.4,102,0.7280
IO2612-C-4600,398,469.2,367,159,678.82,1163,53,465,470,376.6,88.4,93.4,0.6830
IO2612-C-4700,308.6,406.4,307,155,549.85,901,-4,406.4,403,321.8,84.6,81.2,0.6350
IO2612-C-4800,261.8,351,260.8,196,603.37,731,7,344,347.6,277.2,66.8,70.4,0.5820
IO2612-C-4900,240,299,226.8,91,233.766,613,13,297.6,304.6,234,63.6,70.6,0.5300
IO2612-C-5000,194,255.2,187.4,162,353.042,522,-10,251.8,261.6,201,50.8,60.6,0.4790
IO2612-C-5200,140.4,191.2,138.4,192,323.888,735,-78,191.2,191.2,144.6,46.6,46.6,0.3830
IO2612-C-5400,102,142.2,99.4,271,340.884,1324,-110,142.2,142.2,105,37.2,37.2,0.3030
IO2612-C-5600,75.4,109.8,75,405,395.922,698,26,105.4,105.4,81,24.4,24.4,0.2370
IO2612-P-3900,28,30.8,26.8,87,24.214,863,0,26.8,27.6,29.2,-2.4,-1.6,-0.0710
IO2612-P-4000,38.8,43,36.2,55,21.63,219,-6,36.4,35.8,39.4,-3,-3.6,-0.0900
IO2612-P-4100,51.8,53,47,20,9.912,1075,-3,47,46.2,53.4,-6.4,-7.2,-0.1130
IO2612-P-4200,68.4,71,60.8,72,48.94,630,5,60.8,59.2,70.8,-10,-11.6,-0.1410
IO2612-P-4300,90,94,75.8,25,20.62,772,2,77.8,76,90.6,-12.8,-14.6,-0.1740
IO2612-P-4400,119,119,97,52,56.28,1018,19,97,97,117.2,-20.2,-20.2,-0.2130
IO2612-P-4500,151.2,151.2,120,99,130.48,996,6,121.6,123.8,147.2,-25.6,-23.4,-0.2570
IO2612-P-4600,189.8,189.8,150.2,142,233.566,728,-18,152.8,152.4,185.8,-33,-33.4,-0.3030
IO2612-P-4700,226,228.2,186,79,158.252,687,2,188,188,230.2,-42.2,-42.2,-0.3550
IO2612-P-4800,275,282.6,229.6,78,193.358,461,-9,231.8,231.8,282.4,-50.6,-50.6,-0.4090
IO2612-P-4900,338.6,338.6,283.8,22,68.69,208,-2,284.6,284.6,340.8,-56.2,-56.2,-0.4640
IO2612-P-5000,405,405,360.4,10,38.276,203,0,360.4,339.4,405.2,-44.8,-65.8,-0.5180
IO2612-P-5200,472.6,475.2,467.8,64,308.782,240,-30,467.8,469.2,547.6,-79.8,-78.4,-0.6180
IO2612-P-5400,714.6,715.2,714.6,2,14.298,477,0,715.2,617.8,708.6,6.6,-90.8,-0.7030
IO2612-P-5600,880,880,787.8,6,50.014,158,2,787.8,779.2,879.2,-91.4,-100,-0.7730
IO2703-C-3900,992.8,993,992.8,5,49.648,279,5,993,1033.4,912.6,80.4,120.8,0.8330
IO2703-C-4000,850.8,905.6,835.8,11,94.786,169,2,897.8,938.4,828.8,69,109.6,0.8190
IO2703-C-4100,856,856,856,3,25.68,111,3,856,862.2,747.6,108.4,114.6,0.7920
IO2703-C-4200,689.8,788.2,684.4,36,256.586,244,25,783.8,781.8,673.4,110.4,108.4,0.7660
IO2703-C-4300,619.6,619.6,619.6,2,12.392,162,2,619.6,706.8,601.6,18,105.2,0.7360
IO2703-C-4400,549.4,601,544.4,8,46.216,244,5,601,635.4,537.8,63.2,97.6,0.7030
IO2703-C-4500,470.2,535.8,470.2,32,154.572,244,-5,535.8,557.6,471.8,64,85.8,0.6700
IO2703-C-4600,414.6,475.4,414.6,22,94.892,135,-7,475.4,506.8,419,56.4,87.8,0.6290
IO2703-C-4700,359.8,413.8,359,12,44.574,153,-1,411.4,450.8,362.6,48.8,88.2,0.5890
IO2703-C-4800,314.8,399,314.8,55,184.93,212,-11,392.8,395.2,325,67.8,70.2,0.5480
IO2703-C-4900,276,321,275.2,118,344.156,126,-14,319.2,351.8,285.4,33.8,66.4,0.5080
IO2703-C-5000,250.8,284,250.2,6,15.612,208,1,284,311.8,252.8,31.2,59,0.4680
IO2703-C-5200,189.6,242,189.6,17,37.468,317,1,242,243.4,194.4,47.6,49,0.3930
IO2703-C-5400,141.6,166.2,141.6,7,10.962,252,3,166.2,190,151.4,14.8,38.6,0.3260
IO2703-C-5600,115.8,150,110.6,281,370.688,497,-125,147.2,149.4,116.2,31,33.2,0.2690
IO2703-P-3900,53.2,56.8,49,127,68.62,902,44,49.4,49.4,54,-4.6,-4.6,-0.1050
IO2703-P-4000,66.6,66.6,63,31,20.124,487,11,63.2,61,67.2,-4,-6.2,-0.1280
IO2703-P-4100,82.2,88.4,74,53,42.14,1486,22,74,74,86.6,-12.6,-12.6,-0.1520
IO2703-P-4200,103.4,111.2,93,54,56.038,641,2,93,93,107.6,-14.6,-14.6,-0.1840
IO2703-P-4300,128.8,134.6,123.8,36,47.518,215,-13,123.8,116.6,134.6,-10.8,-18,-0.2210
IO2703-P-4400,161.4,165.2,141.4,121,184.318,426,45,145.8,143.2,166.4,-20.6,-23.2,-0.2600
IO2703-P-4500,197.2,206.4,176.4,50,98.668,211,-6,176.4,174.8,204,-27.6,-29.2,-0.3030
IO2703-P-4600,235.2,235.2,226.8,7,16.162,184,-5,226.8,211.4,247,-20.2,-35.6,-0.3480
IO2703-P-4700,285,285,277.2,16,44.802,131,3,277.2,253.8,296,-18.8,-42.2,-0.3960
IO2703-P-4800,347,349.6,308,47,156.846,163,1,308,299.8,349.8,-41.8,-50,-0.4440
IO2703-P-4900,405,405,361.8,11,42.45,198,-3,361.8,351.8,408.6,-46.8,-56.8,-0.4930
IO2703-P-5000,470.6,470.6,410.6,21,93.728,114,4,410.6,414.2,477.4,-66.8,-63.2,-0.5400
IO2703-P-5200,616,616,571.2,8,48.196,164,-1,571.2,536.6,612.8,-41.6,-76.2,-0.6330
IO2703-P-5400,765.4,765.4,687,15,110.334,188,1,687,681.8,773,-86,-91.2,-0.7150
IO2703-P-5600,940,940,840.8,32,279.294,264,24,844.2,837.2,931.4,-87.2,-94.2,-0.7880
小计,,,,228230,168201.846,146940,-63776,,,,,,--
MO2606-C-5200,3501.4,3570.6,3436.2,52,1812.218,0,-173,3569.4,3574.84,3560,9.4,14.84,--
MO2606-C-5400,3237.6,3237.6,3237.6,1,32.376,0,-122,3237.6,3374.84,3360,-122.4,14.84,--
MO2606-C-5600,3066.4,3073.4,3035.4,82,2504.716,0,-184,3036,3174.84,3159.8,-123.8,15.04,--
MO2606-C-5800,2851.6,2862.6,2819.6,26,741.32,0,-170,2845.4,2974.84,2959.8,-114.4,15.04,--
MO2606-C-6000,2761.6,2761.6,2637.2,36,967.166,0,-245,2637.2,2774.84,2759.8,-122.6,15.04,--
MO2606-C-6200,2518,2518,2518,1,25.18,0,-247,2518,2574.84,2559.8,-41.8,15.04,--
MO2606-C-6400,2260.4,2260.4,2260.4,2,46.2,0,-218,2260.4,2374.84,2359.6,-99.2,15.24,--
MO2606-C-6600,2108.2,2108.2,2108.2,1,21.082,0,-207,2108.2,2174.84,2159.6,-51.4,15.24,--
MO2606-C-6700,1961,1961,1961,1,19.61,0,-59,1961,2074.84,2059.6,-98.6,15.24,--
MO2606-C-6800,1945,1945,1859.4,26,496.402,0,-391,1902.6,1974.84,1959.6,-57,15.24,--
MO2606-C-6900,1859.2,1859.2,1745.4,4,72.252,0,-159,1745.4,1874.84,1859.6,-114.2,15.24,--
MO2606-C-7000,1760.8,1760.8,1620.2,18,307.994,0,-463,1760,1774.84,1759.6,0.4,15.24,--
MO2606-C-7100,1561,1664.6,1561,5,82.084,0,-131,1664.6,1674.84,1659.6,5,15.24,--
MO2606-C-7200,1560.8,1571.6,1418.6,40,612.294,0,-805,1571.6,1574.84,1560.6,11,14.24,--
MO2606-C-7300,1446.8,1446.8,1446.8,1,14.468,0,-133,1446.8,1474.84,1459.6,-12.8,15.24,--
MO2606-C-7400,1357.8,1370.2,1226.2,66,872.718,0,-955,1370.2,1374.84,1359.8,10.4,15.04,--
MO2606-C-7500,1254.2,1277.4,1127.2,39,478.004,0,-216,1277.4,1274.84,1259.8,17.6,15.04,--
MO2606-C-7600,1143.8,1143.8,1023.6,29,314.484,0,-1075,1093.4,1174.84,1159.8,-66.4,15.04,--
MO2606-C-7700,1078.4,1078.4,926.4,50,509.66,0,-355,1074.2,1074.84,1059.8,14.4,15.04,--
MO2606-C-7800,942.2,970.8,822.2,215,1915.898,0,-1097,968.4,974.84,959.8,8.6,15.04,--
MO2606-C-7900,849.2,876,722,121,980.674,0,-1007,876,874.84,860,16,14.84,--
MO2606-C-8000,768.4,775.2,620.8,1125,7931.944,0,-2564,775.2,774.84,760.2,15,14.64,--
MO2606-C-8100,670,684.8,520,1070,6466.232,0,-1015,674,674.84,660.6,13.4,14.24,--
MO2606-C-8200,570,575,420,2127,10763.094,0,-2557,572,574.84,560.2,11.8,14.64,--
MO2606-C-8300,475.8,476.8,321.4,3071,12739.38,0,-2265,474.2,474.84,460.8,13.4,14.04,--
MO2606-C-8400,371.8,385,220,4052,12403.448,0,-3459,374.6,374.84,367.6,7,7.24,--
MO2606-C-8500,268.2,292.6,122.2,7527,14991.968,0,-3858,274,274.84,262,12,12.84,--
MO2606-C-8600,180,199,36.8,25649,23699.694,0,-4137,173,174.84,170,3,4.84,--
MO2606-C-8700,115,115,4.2,56725,19251.846,0,-4265,74.4,74.84,88.8,-14.4,-13.96,--
MO2606-C-8800,34.8,44,0.2,37368,3028.478,0,-5606,0.2,0,33.6,-33.4,-33.6,--
MO2606-C-8900,8,13.8,0.2,10574,320.002,0,-6028,0.2,0,10.8,-10.6,-10.8,--
MO2606-C-9000,2.4,3.6,0.2,4742,40.14,0,-9072,0.2,0,3.6,-3.4,-3.6,--
MO2606-C-9100,1.6,1.6,0.2,1349,6.258,0,-3423,0.2,0,1.6,-1.4,-1.6,--
MO2606-C-9200,0.4,0.4,0.2,415,1.022,0,-2829,0.2,0,0.6,-0.4,-0.6,--
MO2606-C-9300,0.4,0.4,0.2,345,1.116,0,-1481,0.2,0,0.6,-0.4,-0.6,--
MO2606-C-9400,0.4,0.4,0.2,282,0.768,0,-1928,0.2,0,0.6,-0.4,-0.6,--
MO2606-C-9500,0.4,0.4,0.2,282,0.666,0,-1550,0.2,0,0.4,-0.2,-0.4,--
MO2606-C-9600,0.2,0.4,0.2,236,0.528,0,-1867,0.2,0,0.4,-0.2,-0.4,--
MO2606-C-9700,0.4,0.4,0.2,144,0.378,0,-1916,0.2,0,0.4,-0.2,-0.4,--
MO2606-C-9800,0.4,0.4,0.2,275,0.59,0,-2889,0.2,0,0.4,-0.2,-0.4,--
MO2606-C-9900,0.2,0.2,0.2,301,0.61,0,-4759,0.2,0,0.4,-0.2,-0.4,--
MO2606-P-5200,0.2,0.4,0.2,61,0.134,0,-1775,0.2,0,0.2,0,-0.2,--
MO2606-P-5400,0.2,0.2,0.2,17,0.034,0,-649,0.2,0,0.2,0,-0.2,--
MO2606-P-5600,0.2,0.2,0.2,13,0.026,0,-1127,0.2,0,0.2,0,-0.2,--
MO2606-P-5800,0.2,0.2,0.2,12,0.024,0,-1125,0.2,0,0.2,0,-0.2,--
MO2606-P-6000,0.2,0.2,0.2,20,0.04,0,-973,0.2,0,0.2,0,-0.2,--
MO2606-P-6200,0.2,0.2,0.2,20,0.04,0,-922,0.2,0,0.2,0,-0.2,--
MO2606-P-6400,0.2,0.2,0.2,22,0.044,0,-1356,0.2,0,0.2,0,-0.2,--
MO2606-P-6600,0.2,0.2,0.2,34,0.068,0,-944,0.2,0,0.2,0,-0.2,--
MO2606-P-6700,0.2,0.2,0.2,18,0.036,0,-388,0.2,0,0.2,0,-0.2,--
MO2606-P-6800,0.2,0.2,0.2,42,0.084,0,-1864,0.2,0,0.2,0,-0.2,--
MO2606-P-6900,0.2,0.2,0.2,19,0.038,0,-616,0.2,0,0.2,0,-0.2,--
MO2606-P-7000,0.2,0.2,0.2,43,0.086,0,-2373,0.2,0,0.2,0,-0.2,--
MO2606-P-7100,0.2,0.2,0.2,20,0.04,0,-531,0.2,0,0.2,0,-0.2,--
MO2606-P-7200,0.2,0.2,0.2,59,0.118,0,-1369,0.2,0,0.2,0,-0.2,--
MO2606-P-7300,0.2,0.2,0.2,115,0.23,0,-1260,0.2,0,0.2,0,-0.2,--
MO2606-P-7400,0.2,0.2,0.2,39,0.078,0,-2311,0.2,0,0.2,0,-0.2,--
MO2606-P-7500,0.2,0.2,0.2,42,0.09,0,-2770,0.2,0,0.4,-0.2,-0.4,--
MO2606-P-7600,0.2,0.4,0.2,223,0.526,0,-5303,0.2,0,0.4,-0.2,-0.4,--
MO2606-P-7700,0.2,0.4,0.2,267,0.536,0,-3580,0.2,0,0.2,0,-0.2,--
MO2606-P-7800,0.2,0.6,0.2,420,0.844,0,-4752,0.2,0,0.2,0,-0.2,--
MO2606-P-7900,0.4,0.4,0.2,475,0.992,0,-3407,0.2,0,0.2,0,-0.2,--
MO2606-P-8000,0.2,0.4,0.2,1324,2.716,0,-8955,0.2,0,0.2,0,-0.2,--
MO2606-P-8100,0.2,0.4,0.2,813,1.76,0,-5200,0.2,0,0.2,0,-0.2,--
MO2606-P-8200,0.4,0.4,0.2,1305,3.174,0,-7138,0.2,0,0.8,-0.6,-0.8,--
MO2606-P-8300,0.6,0.6,0.2,1985,5.552,0,-8367,0.2,0,1.2,-1,-1.2,--
MO2606-P-8400,0.8,1.6,0.2,2959,13.146,0,-7064,0.2,0,2.6,-2.4,-2.6,--
MO2606-P-8500,2,2.8,0.2,8457,105.314,0,-7758,0.2,0,5,-4.8,-5,--
MO2606-P-8600,6,18,0.2,31984,2180.506,0,-5957,0.2,0,12,-11.8,-12,--
MO2606-P-8700,20,84.2,0.2,54725,17321.562,0,-4181,0.2,0,31.2,-31,-31.2,--
MO2606-P-8800,50,179.6,24,26924,24122.678,0,-2809,24.8,25.16,78,-53.2,-52.84,--
MO2606-P-8900,115.6,279.4,115.6,6078,11487.012,0,-846,125.2,125.16,150.6,-25.4,-25.44,--
MO2606-P-9000,206.8,378.4,203,1698,5049.906,0,-762,225,225.16,243.4,-18.4,-18.24,--
MO2606-P-9100,332.2,475,328.8,438,1699.206,0,-223,350.6,325.16,343.2,7.4,-18.04,--
MO2606-P-9200,423.8,573.6,423.8,320,1542.05,0,-225,450.2,425.16,442.4,7.8,-17.24,--
MO2606-P-9300,531.8,673.4,531.8,147,854.51,0,-122,563.2,525.16,541,22.2,-15.84,--
MO2606-P-9400,659.2,775.2,643,70,484.046,0,-146,643,625.16,640.4,2.6,-15.24,--
MO2606-P-9500,748.8,873.2,748.8,38,300.432,0,-119,763.6,725.16,745.6,18,-20.44,--
MO2606-P-9600,847.6,948,847.6,37,330.536,0,-160,850.6,825.16,840.2,10.4,-15.04,--
MO2606-P-9700,997,1073,951,15,146.322,0,-61,951,925.16,940,11,-14.84,--
MO2606-P-9800,1096.8,1173.2,1051,22,237.67,0,-59,1051,1025.16,1040,11,-14.84,--
MO2606-P-9900,1190.2,1273.2,1163.6,10,119.854,0,-47,1164,1125.16,1140,24,-14.84,--
MO2607-C-7200,1467,1513.4,1400,21,307.18,256,2,1513.4,1503,1483.2,30.2,19.8,0.9830
MO2607-C-7300,1372.4,1404.2,1265.6,33,448.142,95,4,1384.2,1404.6,1384.6,-0.4,20,0.9780
MO2607-C-7400,1271.2,1310.6,1155.6,83,1048.34,325,17,1296.6,1323.6,1288.2,8.4,35.4,0.9720
MO2607-C-7500,1178.6,1212.8,1066.6,49,566.452,180,9,1212.8,1226.2,1192,20.8,34.2,0.9640
MO2607-C-7600,1087.6,1149.4,963.2,113,1179.204,171,4,1149.4,1131,1098,51.4,33,0.9200
MO2607-C-7700,988.6,1003.6,870,99,938.036,137,13,1003.6,1043.6,1001,2.6,42.6,0.8960
MO2607-C-7800,895.4,961.8,787.8,105,923.276,314,17,961.8,954.2,906.6,55.2,47.6,0.8750
MO2607-C-7900,806.6,862,693,176,1376.708,257,-4,862,862,816,46,46,0.8560
MO2607-C-8000,749.4,782.2,605.6,593,3967.71,964,52,770,770,730,40,40,0.8350
MO2607-C-8100,661.2,689.2,525.6,928,5472.016,1155,13,687,685.6,643.4,43.6,42.2,0.8040
MO2607-C-8200,599.4,610.4,450.2,1675,8749.71,3028,51,600.8,600.8,570.2,30.6,30.6,0.7710
MO2607-C-8300,516,529.8,378.2,2772,12366.614,6625,-538,524.4,518,488.6,35.8,29.4,0.7330
MO2607-C-8400,442,455.4,313.2,2924,10936.814,4343,-61,448.2,448.2,410,38.2,38.2,0.6830
MO2607-C-8500,368.2,387.8,257.8,5895,18455.784,4442,375,378,378,356.8,21.2,21.2,0.6320
MO2607-C-8600,310,325.8,207.4,10361,26212.524,4879,557,308.4,308.4,296,12.4,12.4,0.5760
MO2607-C-8700,266,269.6,166,15345,32183.172,6393,1175,263.4,263.4,246.2,17.2,17.2,0.5150
MO2607-C-8800,223,223,2.2,16221,27744.264,6288,1564,215.4,215.4,202,13.4,13.4,0.4540
MO2607-C-8900,168,179,101.2,9434,12852.552,3365,983,174,174,162.2,11.8,11.8,0.3940
MO2607-C-9000,131,145.2,78.6,16428,17734.292,10454,2401,140,140,130.8,9.2,9.2,0.3380
MO2607-C-9100,110,115.2,57.6,6862,5621.79,3265,472,108,108,100.8,7.2,7.2,0.2820
MO2607-C-9200,87,88.4,43.8,6819,4321.588,2745,167,85,85,79.6,5.4,5.4,0.2350
MO2607-C-9300,64,69,32.8,3128,1585.352,1829,157,66.2,66.2,62,4.2,4.2,0.1930
MO2607-C-9400,50,53,24.2,2924,1102.284,2232,648,49.8,49.8,48.2,1.6,1.6,0.1540
MO2607-C-9500,42,42,18.4,3227,904.314,2042,597,38.2,38.2,37.8,0.4,0.4,0.1240
MO2607-C-9600,24.2,32.8,13.8,2645,639.93,1824,691,29.2,29.2,28.6,0.6,0.6,0.0990
MO2607-C-9700,22.2,24,10.4,1912,321.728,1243,358,21,21,22.2,-1.2,-1.2,0.0750
MO2607-C-9800,18,18,7.8,2113,273.722,1626,513,15.6,15.6,17.4,-1.8,-1.8,0.0580
MO2607-C-9900,13.2,14.4,6,3274,338.022,2919,478,12.2,12.2,13.6,-1.4,-1.4,0.0460
MO2607-P-7200,8,10,5,1363,100.17,1800,184,5.2,5.2,9,-3.8,-3.8,-0.0170
MO2607-P-7300,9.2,11.8,5.8,1149,98.954,795,174,6.2,6.2,10.8,-4.6,-4.6,-0.0210
MO2607-P-7400,12.2,15.8,8.4,1685,199.292,3283,-101,8.8,8.8,14.4,-5.6,-5.6,-0.0290
MO2607-P-7500,15.2,18.8,10,1310,188.288,2495,36,10.6,10.6,17.6,-7,-7,-0.0350
MO2607-P-7600,17.6,22.6,12.4,2087,369.194,2600,265,13.8,13.8,20.6,-6.8,-6.8,-0.0460
MO2607-P-7700,22.8,28.6,16.4,2242,524.036,2030,401,18,18,26.8,-8.8,-8.8,-0.0580
MO2607-P-7800,35.2,38,22.8,3354,1083.482,4054,-14,24.4,24.4,35,-10.6,-10.6,-0.0770
MO2607-P-7900,39,48.8,29.2,3041,1224.888,2666,390,31.4,31.4,44,-12.6,-12.6,-0.0970
MO2607-P-8000,48.8,64.4,39,9711,5248.21,5571,1075,42.6,42.6,56.2,-13.6,-13.6,-0.1260
MO2607-P-8100,50,83,50,5786,4001.002,4194,250,55,55,71.4,-16.4,-16.4,-0.1580
MO2607-P-8200,82.8,107.4,67.4,6897,6253.374,4607,127,74.8,74.8,91,-16.2,-16.2,-0.2010
MO2607-P-8300,110.4,137.4,86.8,7505,8651.688,5239,293,94,94,114,-20,-20,-0.2450
MO2607-P-8400,137,173,111.6,7334,10759.928,4046,343,117,117,143.6,-26.6,-26.6,-0.2950
MO2607-P-8500,178,216,143,11228,20673.694,4883,631,155,155,179.8,-24.8,-24.8,-0.3570
MO2607-P-8600,209.6,266.8,180.2,11342,25720.174,4033,872,195.2,195.2,220,-24.8,-24.8,-0.4200
MO2607-P-8700,246.2,324.4,224.4,9000,24813.246,3352,1407,240,240,266.4,-26.4,-26.4,-0.4860
MO2607-P-8800,306,389,276,4556,15023.08,2244,862,294.6,294.6,320,-25.4,-25.4,-0.5510
MO2607-P-8900,359,459.6,335.2,941,3689.414,540,165,352,352,384.8,-32.8,-32.8,-0.6170
MO2607-P-9000,424,535.6,400,938,4462.768,1139,289,406.4,410.4,450,-43.6,-39.6,-0.6860
MO2607-P-9100,486.6,615.6,471.6,427,2301.668,222,98,475.4,481.2,530.4,-55,-49.2,-0.7470
MO2607-P-9200,596.2,700.6,548.2,381,2356.052,164,65,553,553,608,-55,-55,-0.8110
MO2607-P-9300,686.8,784.8,652.4,159,1125.508,120,7,653.2,642.4,684.2,-31,-41.8,-0.8450
MO2607-P-9400,780,872.2,711.2,90,695.436,151,6,718.6,718.6,770.2,-51.6,-51.6,-0.9110
MO2607-P-9500,864.8,965.4,801,76,677.064,148,3,801,814,859.2,-58.2,-45.2,-0.8770
MO2607-P-9600,950,1060.6,904.4,30,295.626,122,1,904.4,904.6,950.6,-46.2,-46,-0.9010
MO2607-P-9700,1056.4,1157.4,1030.6,46,491.816,149,2,1157.4,1003.8,1043,114.4,-39.2,-0.9720
MO2607-P-9800,1151.2,1246.2,1077,31,363.084,195,0,1077,1116.6,1138,-61,-21.4,-0.9350
MO2607-P-9900,1246.2,1343.8,1200.6,25,312.518,192,6,1200.6,1212.8,1234.2,-33.6,-21.4,-0.9470
MO2608-C-7200,null,null,null,0,0,6,0,1441.8,1471.8,1442.8,-1,29,0.8890
MO2608-C-7300,1348.6,1348.6,1256,3,39.532,7,3,1256,1378.8,1350.6,-94.6,28.2,0.8770
MO2608-C-7400,1165.8,1166.6,1165.8,3,35.924,4,1,1166.6,1285.8,1260,-93.4,25.8,0.8650
MO2608-C-7500,1164.6,1169.8,1164.6,3,35.056,22,-1,1169.8,1195.6,1171.2,-1.4,24.4,0.8500
MO2608-C-7600,1082.2,1088.6,1027.6,9,95.846,64,3,1088.6,1108.6,1083.2,5.4,25.4,0.8320
MO2608-C-7700,1001.4,1001.4,891.6,14,134.228,23,2,988.6,1028.4,1007.2,-18.6,21.2,0.8090
MO2608-C-7800,955,955,955,3,28.65,76,3,955,952.4,917.4,37.6,35,0.7820
MO2608-C-7900,840.4,840.4,736,16,129.05,126,0,753.4,859.6,838.2,-84.8,21.4,0.7640
MO2608-C-8000,740,774,700.2,44,322.54,359,11,774,783.6,761.8,12.2,21.8,0.7360
MO2608-C-8100,684.8,714.2,645,13,88.446,105,0,714.2,714.2,689.8,24.4,24.4,0.7040
MO2608-C-8200,614.8,642.6,528.4,47,273.046,252,0,642.6,642.6,621,21.6,21.6,0.6710
MO2608-C-8300,543.6,556.6,462.2,61,318.408,139,14,556.6,570.2,556.4,0.2,13.8,0.6380
MO2608-C-8400,477.8,520,407.8,136,634.274,224,5,516.6,516.6,496,20.6,20.6,0.6000
MO2608-C-8500,438,461.8,357.6,375,1507.626,475,29,456.6,456.6,435.8,20.8,20.8,0.5620
MO2608-C-8600,370,407.4,310.8,235,817.556,472,25,407.4,398,388.6,18.8,9.4,0.5220
MO2608-C-8700,339.2,359.2,268.4,335,1019.27,530,156,355.8,354.8,336.6,19.2,18.2,0.4830
MO2608-C-8800,323.6,323.6,234,426,1140.774,532,187,313.6,313.6,297,16.6,16.6,0.4440
MO2608-C-8900,279,279,200.8,145,351.304,358,1,273.6,273.6,259.8,13.8,13.8,0.4060
MO2608-C-9000,230,239.8,172.2,487,1004.65,618,52,234.8,234.8,224.8,10,10,0.3670
MO2608-C-9100,198,206.8,146.6,164,288.39,396,18,206.4,203.8,195,11.4,8.8,0.3320
MO2608-C-9200,167.4,179.6,126.8,260,384.826,399,96,179.6,179.6,171.6,8,8,0.3000
MO2608-C-9300,137,156,108.8,118,158.804,285,6,154,153.8,148.6,5.4,5.2,0.2680
MO2608-C-9400,127.2,135.4,93.2,159,186.094,289,31,133.6,133.6,129.6,4,4,0.2400
MO2608-C-9500,98.8,118.6,82,147,154.412,216,-4,116,116,109.4,6.6,6.6,0.2140
MO2608-C-9600,84.4,102.2,68.6,281,231.83,274,41,101.6,100,96.6,5,3.4,0.1900
MO2608-C-9700,80.6,88.4,58.2,492,367.206,809,129,86,86,82.2,3.8,3.8,0.1680
MO2608-P-7200,44.2,47.6,33.8,358,152.106,758,92,35.2,35.2,46.4,-11.2,-11.2,-0.0700
MO2608-P-7300,50.4,55.6,41,159,78.41,345,30,42.8,42.8,55.6,-12.8,-12.8,-0.0830
MO2608-P-7400,57.4,66.6,48.4,131,76.416,307,101,50,50,63.4,-13.4,-13.4,-0.0970
MO2608-P-7500,72,80,58.6,167,119.422,874,-3,59.2,59.2,77.2,-18,-18,-0.1130
MO2608-P-7600,83.2,96.2,70.4,410,358.938,932,33,70.4,70.4,86.8,-16.4,-16.4,-0.1320
MO2608-P-7700,95,111,82.4,248,239.646,221,8,82.4,83.4,102.8,-20.4,-19.4,-0.1530
MO2608-P-7800,111.8,131.2,97.6,324,375.49,397,31,99.2,99.2,121.4,-22.2,-22.2,-0.1780
MO2608-P-7900,133.6,153.2,116.4,155,210.352,249,44,118.2,118.2,140.2,-22,-22,-0.2070
MO2608-P-8000,152.6,181.8,138.6,462,754.108,621,86,139.8,139.8,166,-26.2,-26.2,-0.2380
MO2608-P-8100,180.8,213,162.8,223,417.35,465,29,164,164,193.2,-29.2,-29.2,-0.2710
MO2608-P-8200,211.4,247,196.6,253,552.006,338,70,196.6,195.6,225,-28.4,-29.4,-0.3090
MO2608-P-8300,242,286.8,223.8,354,930.446,313,105,225.6,226,257.6,-32,-31.6,-0.3480
MO2608-P-8400,275.2,329,257.8,274,808.334,229,54,262,262.2,295.8,-33.8,-33.6,-0.3890
MO2608-P-8500,319,377.8,305.2,433,1516.07,418,35,305.2,305.2,340.6,-35.4,-35.4,-0.4330
MO2608-P-8600,367,434,348,338,1326.926,380,12,352.2,352.2,391,-38.8,-38.8,-0.4780
MO2608-P-8700,431.6,489.6,399.6,169,769.946,313,71,401.8,401.8,440.8,-39,-39,-0.5230
MO2608-P-8800,484.6,551.8,454.4,98,485.216,178,28,457.6,457.6,497.4,-39.8,-39.8,-0.5690
MO2608-P-8900,568.4,612.6,529,24,137.044,233,0,529,520.4,559,-30,-38.6,-0.6120
MO2608-P-9000,607.6,683.4,577,39,246.648,407,16,577,577,625,-48,-48,-0.6600
MO2608-P-9100,677.8,758.2,677.8,47,337.29,428,21,758.2,656.4,694.8,63.4,-38.4,-0.6940
MO2608-P-9200,757.6,796.8,742.4,15,114.156,23,5,742.4,729.2,768.2,-25.8,-39,-0.7330
MO2608-P-9300,895,895,817,2,17.12,23,0,817,805.8,845.2,-28.2,-39.4,-0.7680
MO2608-P-9400,915.2,918.2,912.8,10,91.704,25,2,912.8,885,925,-12.2,-40,-0.8020
MO2608-P-9500,null,null,null,0,0,28,0,1106.2,966.2,1013,93.2,-46.8,-0.8340
MO2608-P-9600,null,null,null,0,0,28,0,1228.6,1045,1093.8,134.8,-48.8,-0.8710
MO2608-P-9700,null,null,null,0,0,45,0,1200,1140.6,1179.8,20.2,-39.2,-0.8830
MO2609-C-10000,100,104.4,76,2301,2004.622,4576,445,100.4,100.4,97.2,3.2,3.2,0.1600
MO2609-C-6200,2337.8,2365,2206,57,1304.152,368,15,2365,2365,2339.6,25.4,25.4,0.9370
MO2609-C-6400,2135.4,2150.6,2050.8,8,170.618,220,3,2145.4,2166,2145.2,0.2,20.8,0.9320
MO2609-C-6600,1941.2,1962.2,1833,6,115.168,391,1,1962.2,1970.2,1956.2,6,14,0.9240
MO2609-C-6800,1714.2,1783.2,1688,5,86.19,548,-1,1783.2,1785.8,1769,14.2,16.8,0.9060
MO2609-C-7000,1587.8,1597.8,1514,9,141.082,996,2,1586,1602,1586.4,-0.4,15.6,0.8850
MO2609-C-7200,1410,1410,1339,5,68.872,613,1,1396.2,1421.8,1409,-12.8,12.8,0.8610
MO2609-C-7400,1230,1265,1129.4,50,603.766,776,-2,1265,1250,1236,29,14,0.8280
MO2609-C-7600,1088.8,1090.6,970.2,56,592.236,1193,-18,1089.2,1086.2,1080.6,8.6,5.6,0.7890
MO2609-C-7800,922.4,949.4,822,173,1548.006,1634,-37,949.4,946.6,927.6,21.8,19,0.7370
MO2609-C-8000,809,812.6,694.4,2033,15351.634,9282,-17,808,807.4,790,18,17.4,0.6840
MO2609-C-8200,656,678.2,574,768,4754.008,2511,49,676.2,676.2,665.2,11,11,0.6270
MO2609-C-8400,430,561.4,430,452,2296.842,3511,-23,557.2,560.6,540.8,16.4,19.8,0.5660
MO2609-C-8600,460,460,379,1161,4808.88,4584,60,458,458,441.4,16.6,16.6,0.5020
MO2609-C-8800,359,389.8,303.4,872,2954.326,3047,158,372,372,359.8,12.2,12.2,0.4390
MO2609-C-9000,299,308.2,240.2,1399,3714.572,3163,334,305,305,290.2,14.8,14.8,0.3800
MO2609-C-9200,240.8,242.8,190.8,514,1101.87,2144,33,241,238.8,232.8,8.2,6,0.3220
MO2609-C-9400,188.8,195,150.6,753,1289.652,1951,122,194,191.8,183.6,10.4,8.2,0.2720
MO2609-C-9600,154.6,156.4,117.6,1608,2150.1,3164,308,154.6,154,147.4,7.2,6.6,0.2280
MO2609-C-9800,117.4,125.4,93,829,876.522,1780,219,124,124,118.6,5.4,5.4,0.1910
MO2609-P-10000,1544.4,1673.6,1544.4,111,1777.84,343,86,1555.8,1534.4,1558,-2.2,-23.6,-0.8770
MO2609-P-6200,19.4,20.8,14.2,526,94.352,1453,7,14.4,14.4,20.6,-6.2,-6.2,-0.0250
MO2609-P-6400,25.2,26.4,19,216,51.358,882,-26,19.6,19.6,26.8,-7.2,-7.2,-0.0340
MO2609-P-6600,33.4,37.4,26.6,528,176.104,889,-151,27,27,36.4,-9.4,-9.4,-0.0460
MO2609-P-6800,47.8,52.2,37.6,639,298.394,1444,-171,37.8,37.8,49,-11.2,-11.2,-0.0620
MO2609-P-7000,62.8,71.4,51.2,841,526.532,2499,127,53.2,54,65,-11.8,-11,-0.0850
MO2609-P-7200,75,96.8,72.4,537,458.18,2489,18,72.8,72.8,88.2,-15.4,-15.4,-0.1120
MO2609-P-7400,102.4,130.8,98.4,631,726.136,2279,91,99.8,100,115.8,-16,-15.8,-0.1470
MO2609-P-7600,150,174,132,574,881.242,2549,72,132.6,136.2,153.2,-20.6,-17,-0.1900
MO2609-P-7800,189,228,177,469,948.11,2627,164,180,181,199,-19,-18,-0.2400
MO2609-P-8000,244.8,300,234.4,1269,3440.75,4787,268,239.8,239.8,261,-21.2,-21.2,-0.2980
MO2609-P-8200,308,378.2,302.6,439,1498.834,1669,132,310,310,332.2,-22.2,-22.2,-0.3620
MO2609-P-8400,400,472.6,385.4,671,2907.81,2230,176,393.8,393.8,414.8,-21,-21,-0.4290
MO2609-P-8600,493.6,584.4,488.8,728,3901.178,2409,220,488.8,491.6,518.6,-29.8,-27,-0.4990
MO2609-P-8800,610,707,599.4,306,1996.532,1111,39,602.8,602.8,626.6,-23.8,-23.8,-0.5690
MO2609-P-9000,706.6,842.8,706.6,369,2879.924,840,147,722.2,739.2,764.8,-42.6,-25.6,-0.6320
MO2609-P-9200,900.8,989,888.8,77,717.996,432,36,893,879.4,898.8,-5.8,-19.4,-0.6940
MO2609-P-9400,1026,1153.4,1025.4,89,963.046,385,64,1080,1027.2,1050,30,-22.8,-0.7510
MO2609-P-9600,1205.8,1317.6,1195.6,79,1000.294,391,58,1195.6,1191.6,1212.4,-16.8,-20.8,-0.7970
MO2609-P-9800,1386,1472.6,1376.6,33,464.222,127,22,1377.2,1359.4,1382,-4.8,-22.6,-0.8400
MO2612-C-10000,164.8,170.2,137.8,619,938.7,883,94,167.4,167.4,162.4,5,5,0.1980
MO2612-C-6400,1889.6,1970,1835,12,223.62,362,11,1970,1981,1967,3,14,0.8820
MO2612-C-6600,1690,1812.4,1690,8,139.352,104,0,1812.4,1812.4,1794,18.4,18.4,0.8570
MO2612-C-6800,1609.8,1652,1609.8,10,162.526,119,0,1652,1652,1625.8,26.2,26.2,0.8290
MO2612-C-7000,1400,1435.6,1400,4,57.068,557,4,1435.6,1476.8,1465,-29.4,11.8,0.8050
MO2612-C-7200,1294.2,1294.2,1235,86,1103.594,704,-66,1235,1322,1313.6,-78.6,8.4,0.7710
MO2612-C-7400,1148.2,1152.4,1068.4,32,363.428,516,-19,1089.8,1178.8,1170.2,-80.4,8.6,0.7330
MO2612-C-7600,969.2,1032.2,935.2,10,99.014,1081,-1,1029,1042.8,1036.2,-7.2,6.6,0.6920
MO2612-C-7800,898.2,904,819.8,48,420.114,800,-16,900,913.6,900,0,13.6,0.6490
MO2612-C-8000,794,807.8,710,142,1077.268,1110,22,807.8,807.8,797.4,10.4,10.4,0.6020
MO2612-C-8200,676.6,700,612.8,164,1085.904,1493,42,696,700.2,684.6,11.4,15.6,0.5550
MO2612-C-8400,571.4,597.6,529.6,201,1148.292,1072,28,597.6,599.2,606,-8.4,-6.8,0.5070
MO2612-C-8600,501.6,518.2,453.4,128,615.508,1636,6,518.2,514.2,517.2,1,-3,0.4600
MO2612-C-8800,459.4,459.4,382.4,140,577.96,1083,17,443.6,445.8,436.4,7.2,9.4,0.4150
MO2612-C-9000,369,380.6,326.8,120,421.614,1197,-14,379.8,379.8,375.2,4.6,4.6,0.3710
MO2612-C-9200,311.4,320,277.2,95,275.838,822,-44,320,315.2,323,-3,-7.8,0.3270
MO2612-C-9400,248.8,273,231.8,71,177.768,1234,-6,272.4,272.4,266.6,5.8,5.8,0.2920
MO2612-C-9600,230,230.8,195.6,265,554.766,1567,-21,230.6,229.4,228,2.6,1.4,0.2560
MO2612-C-9800,194.8,197.4,163.8,166,298.12,560,5,196.8,196.8,194.4,2.4,2.4,0.2260
MO2612-P-10000,1830,1830,1830,1,18.3,90,0,1830,1812,1831.8,-1.8,-19.8,-0.8410
MO2612-P-6400,75,85.8,70,342,271.05,1634,-3,71.2,71.2,78.8,-7.6,-7.6,-0.0850
MO2612-P-6600,100,114,93.8,210,221.072,902,36,94.8,94.8,103.6,-8.8,-8.8,-0.1080
MO2612-P-6800,130.6,146.4,120.4,172,232.206,831,62,120.4,120.8,131.2,-10.8,-10.4,-0.1340
MO2612-P-7000,166.4,189.8,155.4,397,685.904,1042,204,155.4,155.4,170.2,-14.8,-14.8,-0.1660
MO2612-P-7200,211,239.8,206,134,297.052,1012,-9,206,203.2,216.2,-10.2,-13,-0.2050
MO2612-P-7400,271.4,299.4,252.2,91,249.252,1322,17,252.2,252.2,265,-12.8,-12.8,-0.2450
MO2612-P-7600,333,371,313.8,140,477.96,1005,-34,315.8,315.8,330.2,-14.4,-14.4,-0.2900
MO2612-P-7800,400,452.2,391.6,160,677.932,813,15,393.2,389.8,407,-13.8,-17.2,-0.3380
MO2612-P-8000,489.4,542,472.4,145,726.266,893,-17,472.4,472.2,493.4,-21,-21.2,-0.3880
MO2612-P-8200,592,642.8,560,155,922.242,1171,-30,571.6,571.6,586.6,-15,-15,-0.4390
MO2612-P-8400,667,745.6,667,52,359.364,527,7,680.8,678.2,686.8,-6,-8.6,-0.4900
MO2612-P-8600,805,872.8,786.2,81,686.854,704,19,786.2,790.8,809,-22.8,-18.2,-0.5410
MO2612-P-8800,969.6,1008.4,915.6,57,549.148,820,28,915.6,914.4,926.8,-11.2,-12.4,-0.5900
MO2612-P-9000,1055,1125,1040.8,45,481.39,906,-26,1048.4,1037.8,1063,-14.6,-25.2,-0.6410
MO2612-P-9200,1245.8,1282.2,1226.6,5,62.27,597,-2,1226.6,1178.4,1199.2,27.4,-20.8,-0.6870
MO2612-P-9400,null,null,null,0,0,189,0,1347.2,1325.2,1347,0.2,-21.8,-0.7310
MO2612-P-9600,1490,1600,1490,5,77.97,606,-1,1600,1482.6,1494.2,105.8,-11.6,-0.7700
MO2612-P-9800,null,null,null,0,0,117,0,1690.2,1644,1666.2,24,-22.2,-0.8080
MO2703-C-10000,229.2,232.8,200.2,970,2086.31,886,25,231.8,231.8,228.8,3,3,0.2240
MO2703-C-6600,1688,1704.2,1606,7,116.226,270,3,1704.2,1725.6,1724.2,-20,1.4,0.7870
MO2703-C-6800,1546.4,1546.4,1546.4,1,15.464,78,1,1546.4,1584.8,1574,-27.6,10.8,0.7580
MO2703-C-7000,1436,1440,1330.6,9,126.28,191,-4,1440,1440,1431.8,8.2,8.2,0.7280
MO2703-C-7200,1237,1284.6,1219.6,6,75.58,178,-2,1284.6,1307.2,1298.6,-14,8.6,0.6960
MO2703-C-7400,1120.8,1120.8,1120.8,1,11.208,161,-1,1120.8,1178.8,1169,-48.2,9.8,0.6620
MO2703-C-7600,1050,1050,959,24,245.578,304,1,1037.4,1055.2,1052.8,-15.4,2.4,0.6270
MO2703-C-7800,936.6,936.6,858.6,59,529.726,389,10,934.6,947,946.2,-11.6,0.8,0.5900
MO2703-C-8000,844.4,849.8,765.4,53,430.476,431,12,849.8,849.8,839.6,10.2,10.2,0.5530
MO2703-C-8200,748.6,748.6,678.4,10,71.528,502,3,719,745.8,748.8,-29.8,-3,0.5150
MO2703-C-8400,651.2,663.8,586.2,14,89.132,497,-5,663.8,665.4,664,-0.2,1.4,0.4780
MO2703-C-8600,571,587,530,67,374.236,725,-8,587,589.8,588,-1,1.8,0.4410
MO2703-C-8800,515.6,515.6,469,71,350.046,389,30,506.2,518.2,515.2,-9,3,0.4050
MO2703-C-9000,440,445.8,405.8,48,204.264,197,8,445.8,454.4,451.6,-5.8,2.8,0.3700
MO2703-C-9200,379.4,402.4,355,30,112.936,182,9,399.6,399.6,390,9.6,9.6,0.3370
MO2703-C-9400,340.4,346.8,314.4,50,162.394,192,-7,346.8,346.8,342,4.8,4.8,0.3050
MO2703-C-9600,302.2,302.2,264.4,33,93.008,289,9,298.8,304,295.8,3,8.2,0.2760
MO2703-C-9800,261.6,268.4,232,164,407.218,345,-32,268.4,268.4,261.4,7,7,0.2500
MO2703-P-10000,null,null,null,0,0,95,0,2097.6,2034.2,2050.8,46.8,-16.6,-0.8550
MO2703-P-6600,206.2,219.2,195.4,339,703.23,2026,17,195.4,195.4,209.6,-14.2,-14.2,-0.1700
MO2703-P-6800,257.2,266.4,240,244,617.026,622,-72,240.2,240.2,254.6,-14.4,-14.4,-0.2020
MO2703-P-7000,286,324.8,286,64,197.356,483,-32,295.8,295.8,304.8,-9,-9,-0.2370
MO2703-P-7200,375.8,389.4,356.2,25,94.004,495,1,356.2,359.8,372.4,-16.2,-12.6,-0.2750
MO2703-P-7400,441.6,463,427.4,82,364.312,387,-11,427.4,426.4,446.6,-19.2,-20.2,-0.3140
MO2703-P-7600,521.2,546.8,503.2,30,157.516,367,-1,503.2,504.8,520,-16.8,-15.2,-0.3560
MO2703-P-7800,607.8,641,581.8,59,358.906,401,-12,581.8,593.8,605.2,-23.4,-11.4,-0.3990
MO2703-P-8000,696.6,737.8,677.8,127,880.29,645,-59,678.2,678.2,700.4,-22.2,-22.2,-0.4430
MO2703-P-8200,801,834,784.8,69,548.664,473,41,788.2,787.4,810,-21.8,-22.6,-0.4870
MO2703-P-8400,936.2,965.4,893.8,62,570.348,389,6,897.4,897.4,918.2,-20.8,-20.8,-0.5320
MO2703-P-8600,1033.6,1085.4,1033.6,5,52.598,396,-3,1073.6,1018,1035.2,38.4,-17.2,-0.5760
MO2703-P-8800,1162,1216.4,1145,10,116.792,353,2,1145,1160.8,1163.6,-18.6,-2.8,-0.6140
MO2703-P-9000,null,null,null,0,0,72,0,1296,1277.2,1295,1,-17.8,-0.6620
MO2703-P-9200,1432.6,1432.6,1432.6,1,14.326,34,0,1432.6,1418.2,1433.2,-0.6,-15,-0.7030
MO2703-P-9400,1642.4,1642.4,1642.4,2,32.216,45,0,1642.4,1565.2,1579.2,63.2,-14,-0.7420
MO2703-P-9600,1718,1718,1712.4,2,34.304,42,1,1712.4,1712.4,1732.4,-20,-20,-0.7840
MO2703-P-9800,1964.8,1964.8,1964.8,1,19.648,41,0,1964.8,1877.8,1892.8,72,-15,-0.8150
小计,,,,546810,649266.866,274008,-151975,,,,,,--
T2609,109,109.11,108.93,88817,9683540.95,362023,1484,109.06,109.07,109.045,0.015,0.025,--
T2612,108.92,108.985,108.83,3421,372643.02,13176,244,108.94,108.95,108.93,0.01,0.02,--
T2703,108.76,108.885,108.76,71,7725.565,347,0,108.825,108.83,108.815,0.01,0.015,--
小计,,,,92309,10063909.535,375546,1728,,,,,,--
TF2609,106.32,106.355,106.24,64924,6901376.35,204137,268,106.32,106.325,106.305,0.015,0.02,--
TF2612,106.21,106.26,106.15,2089,221858.515,7373,-7,106.24,106.235,106.21,0.03,0.025,--
TF2703,106.085,106.185,106.085,77,8173.495,386,29,106.185,106.18,106.135,0.05,0.045,--
小计,,,,67090,7131408.36,211896,290,,,,,,--
TL2609,113.75,114.07,113.12,109880,12503327.2,183304,6992,113.99,114,113.82,0.17,0.18,--
TL2612,113.82,114.15,113.33,5371,611533.5,16239,498,114.09,114.1,113.89,0.2,0.21,--
TL2703,113.49,113.85,113.12,166,18849.06,836,11,113.8,113.79,113.6,0.2,0.19,--
小计,,,,115417,13133709.76,200379,7501,,,,,,--
TS2609,102.624,102.626,102.598,47490,9746181.404,76843,-334,102.618,102.618,102.612,0.006,0.006,--
TS2612,102.564,102.578,102.556,368,75490.196,1992,-19,102.572,102.572,102.566,0.006,0.006,--
TS2703,102.528,102.538,102.518,349,71566.492,189,72,102.536,102.534,102.526,0.01,0.008,--
小计,,,,48207,9893238.092,79024,-281,,,,,,--
合计,,,,1977056,162263833.659,2465776,-277476,,,,,,--
