date,total_margin_y,a_share_total_market_cap_yi,chinext_close,sh_sz_margin_to_all_a_market_cap_pct,chinext_normalized,date_alignment_status,market_cap_vendor_status,reporting_eligible
2014-01-30,3471.83997942,271043.62000000,1495.98,1.28091559,112.22655664,exact_date_with_local_tdx_chinext_calendar,date_validated_by_local_tdx_only,False
2014-02-28,3836.86330345,271128.22000000,1434.89,1.41514716,107.64366092,exact_date_with_local_tdx_chinext_calendar,date_validated_by_local_tdx_only,False
2014-03-31,3926.25476065,269331.27000000,1327.8,1.45777902,99.60990248,exact_date_with_local_tdx_chinext_calendar,date_validated_by_local_tdx_only,False
2014-04-30,3937.87481347,266684.01000000,1283.21,1.47660702,96.26481620,exact_date_with_local_tdx_chinext_calendar,date_validated_by_local_tdx_only,False
2014-05-30,3914.52445083,271597.43000000,1318.13,1.44129657,98.88447112,exact_date_with_local_tdx_chinext_calendar,date_validated_by_local_tdx_only,False
2014-06-30,4034.10904442,274414.86000000,1404.71,1.47007675,105.37959490,exact_date_with_local_tdx_chinext_calendar,date_validated_by_local_tdx_only,False
2014-07-31,4400.26555887,293234.52000000,1344.54,1.50059603,100.86571643,exact_date_with_local_tdx_chinext_calendar,date_validated_by_local_tdx_only,False
2014-08-29,5200.94215479,299044.53000000,1424.47,1.73918652,106.86196549,exact_date_with_local_tdx_chinext_calendar,date_validated_by_local_tdx_only,False
2014-09-30,6074.10666700,326394.03000000,1540.87,1.86097358,115.59414854,exact_date_with_local_tdx_chinext_calendar,date_validated_by_local_tdx_only,False
2014-10-31,6975.90568747,332657.79000000,1513.27,2.09702159,113.52363091,exact_date_with_local_tdx_chinext_calendar,date_validated_by_local_tdx_only,False
2014-11-28,8189.26666261,361746.70000000,1570.85,2.26381240,117.84321080,exact_date_with_local_tdx_chinext_calendar,date_validated_by_local_tdx_only,False
2014-12-31,10173.72873368,418573.66000000,1471.76,2.43057070,110.40960240,exact_date_with_local_tdx_chinext_calendar,date_validated_by_local_tdx_only,False
2015-01-30,11259.33019889,442453.16000000,1680.58,2.54475077,126.07501875,exact_date_with_local_tdx_chinext_calendar,date_validated_by_local_tdx_only,False
2015-02-27,11523.76881592,455947.24000000,1928.04,2.52743471,144.63915979,exact_date_with_local_tdx_chinext_calendar,date_validated_by_local_tdx_only,False
2015-03-31,14858.80151784,535395.20000000,2335.17,2.77529599,175.18154539,exact_date_with_local_tdx_chinext_calendar,date_validated_by_local_tdx_only,False
2015-04-30,18310.16561927,630746.91000000,2857.89,2.90293386,214.39534884,exact_date_with_local_tdx_chinext_calendar,date_validated_by_local_tdx_only,False
2015-05-29,20719.58219694,691506.55000000,3542.84,2.99629587,265.77944486,exact_date_with_local_tdx_chinext_calendar,date_validated_by_local_tdx_only,False
2015-06-30,20446.66506140,615300.61000000,2858.61,3.32303670,214.44936234,exact_date_with_local_tdx_chinext_calendar,date_validated_by_local_tdx_only,False
2015-07-31,13354.16630899,565086.19000000,2539.84,2.36320875,190.53563391,exact_date_with_local_tdx_chinext_calendar,date_validated_by_local_tdx_only,False
2015-08-31,10559.60525892,493142.85000000,1996.87,2.14128731,149.80270068,exact_date_with_local_tdx_chinext_calendar,date_validated_by_local_tdx_only,False
2015-09-30,9040.50976067,464575.79000000,2082.67,1.94597092,156.23930983,exact_date_with_local_tdx_chinext_calendar,date_validated_by_local_tdx_only,False
2015-10-30,10302.06852967,528014.39000000,2478.28,1.95109617,185.91747937,exact_date_with_local_tdx_chinext_calendar,date_validated_by_local_tdx_only,False
2015-11-30,11932.56611460,551927.42000000,2672.58,2.16198103,200.49362341,exact_date_with_local_tdx_chinext_calendar,date_validated_by_local_tdx_only,False
2015-12-31,11713.07207674,590784.71000000,2714.05,1.98262952,203.60465116,exact_date_with_local_tdx_chinext_calendar,date_validated_by_local_tdx_only,False
2016-01-29,9071.07782480,432085.90000000,1994.07,2.09936909,149.59264816,exact_date_with_local_tdx_chinext_calendar,date_validated_by_local_tdx_only,False
2016-02-29,8508.72121670,455216.55000000,1880.15,1.86915902,141.04651163,exact_date_with_local_tdx_chinext_calendar,date_validated_by_local_tdx_only,False
2016-03-31,8786.25903323,498392.45000000,2238.29,1.76291977,167.91372843,exact_date_with_local_tdx_chinext_calendar,date_validated_by_local_tdx_only,False
2016-04-29,8570.36701582,492961.32000000,2138.74,1.73854756,160.44561140,exact_date_with_local_tdx_chinext_calendar,date_validated_by_local_tdx_only,False
2016-05-31,8269.82165730,477068.08000000,2159.8,1.73346782,162.02550638,exact_date_with_local_tdx_chinext_calendar,date_validated_by_local_tdx_only,False
2016-06-30,8508.93091485,508106.28000000,2227.79,1.67463605,167.12603151,exact_date_with_local_tdx_chinext_calendar,date_validated_by_local_tdx_only,False
2016-07-29,8637.29060093,514452.38000000,2122.41,1.67892908,159.22055514,exact_date_with_local_tdx_chinext_calendar,date_validated_by_local_tdx_only,False
2016-08-31,8997.15256856,537671.85000000,2191.76,1.67335384,164.42310578,exact_date_with_local_tdx_chinext_calendar,date_validated_by_local_tdx_only,False
2016-09-30,8686.65604391,530126.18000000,2149.9,1.63860160,161.28282071,exact_date_with_local_tdx_chinext_calendar,date_validated_by_local_tdx_only,False
2016-10-31,9077.00177775,552816.37000000,2159.76,1.64195604,162.02250563,exact_date_with_local_tdx_chinext_calendar,date_validated_by_local_tdx_only,False
2016-11-30,9721.85621453,584897.63000000,2183.05,1.66214662,163.76969242,exact_date_with_local_tdx_chinext_calendar,date_validated_by_local_tdx_only,False
2016-12-30,9357.69676921,555714.83000000,1962.06,1.68390265,147.19129782,exact_date_with_local_tdx_chinext_calendar,date_validated_by_local_tdx_only,False
2017-01-26,8650.10437753,565833.27000000,1886.23,1.52873732,141.50262566,exact_date_with_local_tdx_chinext_calendar,date_validated_by_local_tdx_only,False
2017-02-28,9063.45261286,587720.42000000,1927.16,1.54213675,144.57314329,exact_date_with_local_tdx_chinext_calendar,date_validated_by_local_tdx_only,False
2017-03-31,9180.24668375,589428.80000000,1907.34,1.55748187,143.08627157,exact_date_with_local_tdx_chinext_calendar,date_validated_by_local_tdx_only,False
2017-04-28,9046.79025964,578640.30000000,1850.73,1.56345665,138.83945986,exact_date_with_local_tdx_chinext_calendar,date_validated_by_local_tdx_only,False
2017-05-31,8648.15002865,568293.78000000,1763.73,1.52177454,132.31282821,exact_date_with_local_tdx_chinext_calendar,date_validated_by_local_tdx_only,False
2017-06-30,8756.06340707,588972.68000000,1818.07,1.48666716,136.38934734,exact_date_with_local_tdx_chinext_calendar,date_validated_by_local_tdx_only,False
2017-07-31,8962.23311481,596692.62000000,1736.3,1.50198491,130.25506377,exact_date_with_local_tdx_chinext_calendar,date_validated_by_local_tdx_only,False
2017-08-31,9416.82282587,622119.48000000,1849.38,1.51366789,138.73818455,exact_date_with_local_tdx_chinext_calendar,date_validated_by_local_tdx_only,False
2017-09-29,9657.01460511,626290.34000000,1866.98,1.54193894,140.05851463,exact_date_with_local_tdx_chinext_calendar,date_validated_by_local_tdx_only,False
2017-10-31,9947.10410681,639020.54000000,1869.79,1.55661727,140.26931733,exact_date_with_local_tdx_chinext_calendar,date_validated_by_local_tdx_only,False
2017-11-30,10238.85170071,630452.15000000,1770.3,1.62404898,132.80570143,exact_date_with_local_tdx_chinext_calendar,date_validated_by_local_tdx_only,False
2017-12-29,10217.57693531,628304.35000000,1752.65,1.62621458,131.48162041,exact_date_with_local_tdx_chinext_calendar,date_validated_by_local_tdx_only,False
2018-01-31,10742.73557410,662029.14000000,1735.06,1.62269830,130.16204051,exact_date_with_local_tdx_chinext_calendar,date_validated_by_local_tdx_only,False
2018-02-28,9902.96561911,610981.44000000,1753.63,1.62082921,131.55513878,exact_date_with_local_tdx_chinext_calendar,date_validated_by_local_tdx_only,False
2018-03-30,9957.63369815,617333.40000000,1900.48,1.61300744,142.57164291,exact_date_with_local_tdx_chinext_calendar,date_validated_by_local_tdx_only,False
2018-04-27,9789.02710919,600547.37000000,1805.6,1.63001748,135.45386347,exact_date_with_local_tdx_chinext_calendar,date_validated_by_local_tdx_only,False
2018-05-31,9830.45521185,592713.68000000,1743.74,1.65855042,130.81320330,exact_date_with_local_tdx_chinext_calendar,date_validated_by_local_tdx_only,False
2018-06-29,9129.08972436,545434.70000000,1606.71,1.67372735,120.53338335,exact_date_with_local_tdx_chinext_calendar,date_validated_by_local_tdx_only,False
2018-07-31,8843.63774557,561596.92000000,1561.26,1.57473046,117.12378095,exact_date_with_local_tdx_chinext_calendar,date_validated_by_local_tdx_only,False
2018-08-31,8502.79823075,533652.31000000,1435.2,1.59332173,107.66691673,exact_date_with_local_tdx_chinext_calendar,date_validated_by_local_tdx_only,False
2018-09-28,8151.42886785,539306.04000000,1411.34,1.51146627,105.87696924,exact_date_with_local_tdx_chinext_calendar,date_validated_by_local_tdx_only,False
2018-10-31,7621.14076230,496028.67000000,1275.57,1.53643151,95.69167292,exact_date_with_local_tdx_chinext_calendar,date_validated_by_local_tdx_only,False
2018-11-30,7621.05530466,503995.32000000,1329.39,1.51212819,99.72918230,exact_date_with_local_tdx_chinext_calendar,date_validated_by_local_tdx_only,False
2018-12-28,7489.80879084,484979.27000000,1250.53,1.54435648,93.81320330,exact_date_with_local_tdx_chinext_calendar,date_validated_by_local_tdx_only,False
2019-01-31,7219.50469329,504213.86000000,1227.99,1.43183384,92.12228057,exact_date_with_local_tdx_chinext_calendar,date_validated_by_local_tdx_only,False
2019-02-28,7965.02575653,587065.94000000,1535.68,1.35675147,115.20480120,exact_date_with_local_tdx_chinext_calendar,date_validated_by_local_tdx_only,False
2019-03-29,9132.37386617,604701.69000000,1693.55,1.51022794,127.04801200,exact_date_with_local_tdx_chinext_calendar,date_validated_by_local_tdx_only,False
2019-04-30,9524.97290000,615814.23000000,1623.78,1.54672829,121.81395349,exact_date_with_local_tdx_chinext_calendar,date_validated_by_local_tdx_only,False
2019-05-30,9184.65511238,584007.41000000,1485.24,1.57269496,111.42085521,exact_date_with_local_tdx_chinext_calendar,date_validated_by_local_tdx_only,False
2019-06-27,9065.55495624,603306.48000000,1525.24,1.50264505,114.42160540,exact_date_with_local_tdx_chinext_calendar,date_validated_by_local_tdx_only,False
2019-07-31,8974.83914167,602653.65000000,1570.39,1.48922008,117.80870218,exact_date_with_local_tdx_chinext_calendar,date_validated_by_local_tdx_only,False
2019-08-29,9145.74711945,601582.18000000,1620.86,1.52028225,121.59489872,exact_date_with_local_tdx_chinext_calendar,date_validated_by_local_tdx_only,False
2019-09-26,9521.55883150,609214.55000000,1623.79,1.56292374,121.81470368,exact_date_with_local_tdx_chinext_calendar,date_validated_by_local_tdx_only,False
2019-10-31,9532.48068256,614681.44000000,1671.31,1.55080015,125.37959490,exact_date_with_local_tdx_chinext_calendar,date_validated_by_local_tdx_only,False
2019-11-29,9519.97894299,607847.50000000,1664.9,1.56617884,124.89872468,exact_date_with_local_tdx_chinext_calendar,date_validated_by_local_tdx_only,False
2019-12-30,10054.76117908,655607.33000000,1790.24,1.53365600,134.30157539,exact_date_with_local_tdx_chinext_calendar,date_validated_by_local_tdx_only,False
2020-01-22,10442.83349246,679464.21000000,1993.9,1.53692179,149.57989497,exact_date_with_local_tdx_chinext_calendar,date_validated_by_local_tdx_only,False
2020-02-27,11092.73824948,683933.76000000,2196.71,1.62190243,164.79444861,exact_date_with_local_tdx_chinext_calendar,date_validated_by_local_tdx_only,False
2020-03-31,10474.44346031,619797.54000000,1871.92,1.68997822,140.42910728,exact_date_with_local_tdx_chinext_calendar,date_validated_by_local_tdx_only,False
2020-04-29,10285.42583038,641607.10000000,2030.48,1.60307232,152.32408102,exact_date_with_local_tdx_chinext_calendar,date_validated_by_local_tdx_only,False
2020-05-28,10546.48865960,653897.61000000,2054.96,1.61286545,154.16054014,exact_date_with_local_tdx_chinext_calendar,date_validated_by_local_tdx_only,False
2020-06-30,11313.74169320,706201.94000000,2438.2,1.60205475,182.91072768,exact_date_with_local_tdx_chinext_calendar,date_validated_by_local_tdx_only,False
2020-07-30,13653.11054502,795052.79000000,2743.63,1.71725837,205.82370593,exact_date_with_local_tdx_chinext_calendar,date_validated_by_local_tdx_only,False
2020-08-31,14256.30910514,826124.15000000,2728.31,1.72568604,204.67441860,exact_date_with_local_tdx_chinext_calendar,date_validated_by_local_tdx_only,False
2020-09-29,14053.31333527,786840.44000000,2563.38,1.78604360,192.30157539,exact_date_with_local_tdx_chinext_calendar,date_validated_by_local_tdx_only,False
2020-10-29,14224.51316096,816485.87000000,2699.92,1.74216281,202.54463616,exact_date_with_local_tdx_chinext_calendar,date_validated_by_local_tdx_only,False
2020-11-30,14571.82537819,843162.55000000,2631.89,1.72823442,197.44111028,exact_date_with_local_tdx_chinext_calendar,date_validated_by_local_tdx_only,False
2020-12-30,14830.72760375,853210.37000000,2900.54,1.73822637,217.59489872,exact_date_with_local_tdx_chinext_calendar,date_validated_by_local_tdx_only,False
2021-01-28,15552.09859618,879295.83000000,3161.86,1.76869923,237.19879970,exact_date_with_local_tdx_chinext_calendar,date_validated_by_local_tdx_only,False
2021-02-25,15376.15248887,892636.29000000,2977.18,1.72255516,223.34433608,exact_date_with_local_tdx_chinext_calendar,date_validated_by_local_tdx_only,False
2021-03-31,15097.21561130,857349.79000000,2758.5,1.76091670,206.93923481,exact_date_with_local_tdx_chinext_calendar,date_validated_by_local_tdx_only,False
2021-04-29,15155.52716203,880261.37000000,3051.42,1.72170763,228.91372843,exact_date_with_local_tdx_chinext_calendar,date_validated_by_local_tdx_only,False
2021-05-31,15695.88081989,925084.04000000,3309.07,1.69669783,248.24231058,exact_date_with_local_tdx_chinext_calendar,date_validated_by_local_tdx_only,False
2021-06-30,16281.55901214,937488.17000000,3477.18,1.73672154,260.85371343,exact_date_with_local_tdx_chinext_calendar,date_validated_by_local_tdx_only,False
2021-07-29,16483.43336928,899569.40000000,3459.72,1.83236928,259.54388597,exact_date_with_local_tdx_chinext_calendar,date_validated_by_local_tdx_only,False
2021-08-31,17066.76485741,937860.33000000,3214.12,1.81975549,241.11927982,exact_date_with_local_tdx_chinext_calendar,date_validated_by_local_tdx_only,False
2021-09-29,17054.48293662,925650.37000000,3175.15,1.84243247,238.19579895,exact_date_with_local_tdx_chinext_calendar,date_validated_by_local_tdx_only,False
2021-10-28,17005.38118787,929461.90000000,3278.36,1.82959422,245.93848462,exact_date_with_local_tdx_chinext_calendar,date_validated_by_local_tdx_only,False
2021-11-30,17239.53293728,967147.35000000,3495.59,1.78251359,262.23480870,exact_date_with_local_tdx_chinext_calendar,date_validated_by_local_tdx_only,False
2021-12-30,17213.63204509,982732.52000000,3322.79,1.75160908,249.27156789,exact_date_with_local_tdx_chinext_calendar,date_validated_by_local_tdx_only,False
2022-01-27,16484.04453734,926091.04000000,2906.76,1.77995940,218.06151538,exact_date_with_local_tdx_chinext_calendar,date_validated_by_local_tdx_only,False
2022-02-28,16311.15584992,948549.66000000,2881.31,1.71958902,216.15228807,exact_date_with_local_tdx_chinext_calendar,date_validated_by_local_tdx_only,False
2022-03-31,15806.91357675,888802.52000000,2659.49,1.77845058,199.51162791,exact_date_with_local_tdx_chinext_calendar,date_validated_by_local_tdx_only,False
2022-04-28,14444.56820773,802700.40000000,2227.65,1.79949682,167.11552888,exact_date_with_local_tdx_chinext_calendar,date_validated_by_local_tdx_only,False
2022-05-31,14445.64453720,871249.80000000,2405.08,1.65803706,180.42610653,exact_date_with_local_tdx_chinext_calendar,date_validated_by_local_tdx_only,False
2022-06-30,15097.69354702,939532.41000000,2810.6,1.60693696,210.84771193,exact_date_with_local_tdx_chinext_calendar,date_validated_by_local_tdx_only,False
2022-07-28,15312.64615643,918727.89000000,2705.9,1.66672269,202.99324831,exact_date_with_local_tdx_chinext_calendar,date_validated_by_local_tdx_only,False
2022-08-31,15106.46316582,898381.81000000,2570.41,1.68151926,192.82895724,exact_date_with_local_tdx_chinext_calendar,date_validated_by_local_tdx_only,False
2022-09-29,14598.72885035,851566.14000000,2333,1.71433881,175.01875469,exact_date_with_local_tdx_chinext_calendar,date_validated_by_local_tdx_only,False
2022-10-31,14428.17041461,822303.72000000,2265.08,1.75460357,169.92348087,exact_date_with_local_tdx_chinext_calendar,date_validated_by_local_tdx_only,False
2022-11-30,14643.57168827,890834.48000000,2345.31,1.64380387,175.94223556,exact_date_with_local_tdx_chinext_calendar,date_validated_by_local_tdx_only,False
2022-12-29,14524.47457136,871678.49000000,2349.38,1.66626511,176.24756189,exact_date_with_local_tdx_chinext_calendar,date_validated_by_local_tdx_only,False
2023-01-31,14450.64425461,934604.75000000,2580.84,1.54617706,193.61140285,exact_date_with_local_tdx_chinext_calendar,date_validated_by_local_tdx_only,False
2023-02-28,14880.08992796,942163.15000000,2429.03,1.57935384,182.22280570,exact_date_with_local_tdx_chinext_calendar,date_validated_by_local_tdx_only,False
2023-03-30,15165.84131113,939388.42000000,2383.04,1.61443775,178.77269317,exact_date_with_local_tdx_chinext_calendar,date_validated_by_local_tdx_only,False
2023-04-27,15240.01082557,941959.13000000,2307.27,1.61790574,173.08852213,exact_date_with_local_tdx_chinext_calendar,date_validated_by_local_tdx_only,False
2023-05-31,15186.86855870,925771.90000000,2193.41,1.64045469,164.54688672,exact_date_with_local_tdx_chinext_calendar,date_validated_by_local_tdx_only,False
2023-06-30,14952.90061307,933304.02000000,2215,1.60214681,166.16654164,exact_date_with_local_tdx_chinext_calendar,date_validated_by_local_tdx_only,False
2023-07-31,14860.71136146,954791.79000000,2236.67,1.55643477,167.79219805,exact_date_with_local_tdx_chinext_calendar,date_validated_by_local_tdx_only,False
2023-08-31,14771.13583904,911843.88000000,2102.58,1.61991939,157.73293323,exact_date_with_local_tdx_chinext_calendar,date_validated_by_local_tdx_only,False
2023-09-28,15094.32280146,905515.14000000,2003.91,1.66693213,150.33083271,exact_date_with_local_tdx_chinext_calendar,date_validated_by_local_tdx_only,False
2023-10-31,15491.44933520,883944.13000000,1968.23,1.75253716,147.65416354,exact_date_with_local_tdx_chinext_calendar,date_validated_by_local_tdx_only,False
2023-11-30,15915.84265718,887908.95000000,1922.59,1.79250842,144.23030758,exact_date_with_local_tdx_chinext_calendar,date_validated_by_local_tdx_only,False
2023-12-29,15781.54322438,876279.59000000,1891.37,1.80097122,141.88822206,exact_date_with_local_tdx_chinext_calendar,date_validated_by_local_tdx_only,False
2024-01-31,14994.23529046,798800.00000000,1573.37,1.87709505,118.03225806,exact_date_with_local_tdx_chinext_calendar,date_validated_by_local_tdx_only,False
2024-02-29,14397.37075911,866858.20000000,1807.03,1.66086804,135.56114029,exact_date_with_local_tdx_chinext_calendar,date_validated_by_local_tdx_only,False
2024-03-29,14952.69424661,880516.41000000,1818.2,1.69817326,136.39909977,exact_date_with_local_tdx_chinext_calendar,date_validated_by_local_tdx_only,False
2024-04-30,14728.55448265,891833.09000000,1858.39,1.65149226,139.41410353,exact_date_with_local_tdx_chinext_calendar,date_validated_by_local_tdx_only,False
2024-05-31,14871.88566475,884322.56000000,1805.11,1.68172637,135.41710428,exact_date_with_local_tdx_chinext_calendar,date_validated_by_local_tdx_only,False
2024-06-28,14482.80458743,849455.15000000,1683.43,1.70495224,126.28882221,exact_date_with_local_tdx_chinext_calendar,date_validated_by_local_tdx_only,False
2024-07-31,14126.70600975,839997.51000000,1688.14,1.68175570,126.64216054,exact_date_with_local_tdx_chinext_calendar,date_validated_by_local_tdx_only,False
2024-08-30,13804.25674291,813379.78000000,1580.46,1.69714776,118.56414104,exact_date_with_local_tdx_chinext_calendar,date_validated_by_local_tdx_only,False
2024-09-30,14295.01818504,967118.54000000,2175.09,1.47810404,163.17254314,exact_date_with_local_tdx_chinext_calendar,date_validated_by_local_tdx_only,False
2024-10-31,16959.87253977,969046.62000000,2164.46,1.75016064,162.37509377,exact_date_with_local_tdx_chinext_calendar,date_validated_by_local_tdx_only,False
2024-11-29,18300.02226320,984754.38000000,2224,1.85833368,166.84171043,exact_date_with_local_tdx_chinext_calendar,date_validated_by_local_tdx_only,False
2024-12-31,18502.95842581,987160.38000000,2141.6,1.87436194,160.66016504,exact_date_with_local_tdx_chinext_calendar,date_validated_by_local_tdx_only,False
2025-01-27,17609.48657383,962409.63000000,2063.82,1.82972884,154.82520630,exact_date_with_local_tdx_chinext_calendar,date_validated_by_local_tdx_only,False
2025-02-28,18826.43158538,992581.83000000,2170.39,1.89671330,162.81995499,exact_date_with_local_tdx_chinext_calendar,date_validated_by_local_tdx_only,False
2025-03-31,19020.80611109,996968.33000000,2103.7,1.90786463,157.81695424,exact_date_with_local_tdx_chinext_calendar,date_validated_by_local_tdx_only,False
2025-04-30,17706.55046016,973030.16000000,1948.03,1.81973295,146.13878470,exact_date_with_local_tdx_chinext_calendar,date_validated_by_local_tdx_only,False
2025-05-30,17838.41110090,992649.42000000,1993.19,1.79705047,149.52663166,exact_date_with_local_tdx_chinext_calendar,date_validated_by_local_tdx_only,False
2025-06-30,18323.35393975,1046724.46000000,2153.01,1.75054225,161.51612903,exact_date_with_local_tdx_chinext_calendar,date_validated_by_local_tdx_only,False
2025-07-31,19646.98211351,1079732.04000000,2328.31,1.81961648,174.66691673,exact_date_with_local_tdx_chinext_calendar,date_validated_by_local_tdx_only,False
2025-08-29,22381.00514487,1173019.37000000,2890.13,1.90798257,216.81395349,exact_date_with_local_tdx_chinext_calendar,date_validated_by_local_tdx_only,False
2025-09-30,23709.72118303,1193471.32000000,3238.16,1.98661843,242.92273068,exact_date_with_local_tdx_chinext_calendar,date_validated_by_local_tdx_only,False
2025-10-31,24609.89122997,1211423.20000000,3187.53,2.03148588,239.12453113,exact_date_with_local_tdx_chinext_calendar,date_validated_by_local_tdx_only,False
2025-11-28,24489.73139044,1190571.38000000,3052.59,2.05697296,229.00150038,exact_date_with_local_tdx_chinext_calendar,date_validated_by_local_tdx_only,False
2025-12-31,25161.88348107,1226709.80000000,3203.17,2.05116838,240.29782446,exact_date_with_local_tdx_chinext_calendar,date_validated_by_local_tdx_only,False
2026-01-30,26898.75945094,1285713.37000000,3346.36,2.09212723,251.03975994,exact_date_with_local_tdx_chinext_calendar,date_validated_by_local_tdx_only,False
2026-02-27,26432.55222910,1306573.88000000,3310.3,2.02304306,248.33458365,exact_date_with_local_tdx_chinext_calendar,date_validated_by_local_tdx_only,False
2026-03-31,25823.38030855,1226861.10000000,3184.95,2.10483325,238.93098275,exact_date_with_local_tdx_chinext_calendar,date_validated_by_local_tdx_only,False
2026-04-30,26871.50297414,1315773.38000000,3677.15,2.04225921,275.85521380,exact_date_with_local_tdx_chinext_calendar,date_validated_by_local_tdx_only,False
2026-05-29,28821.53674224,1319011.19000000,4037.95,2.18508660,302.92198050,exact_date_with_local_tdx_chinext_calendar,date_validated_by_local_tdx_only,False
2026-06-30,29877.88011904,1329916.84000000,4342.71,2.24659762,325.78469617,exact_date_with_local_tdx_chinext_calendar,date_validated_by_local_tdx_only,False
2026-07-31,25809.69087282,1251854.50000000,3343.96,2.06171651,250.85971493,exact_date_with_local_tdx_chinext_calendar,date_validated_by_local_tdx_only,False
