block,mkt,code,name,last_date,close,pct_chg,chg5,chg10,chg20,trend,ma5,ma10,ma20,ma60,vs_ma20,vs_ma60,ma20_slope,dif,dea,macd_bar,macd_cross5,dif_above0,rsi6,rsi14,kdj_k,kdj_d,kdj_j,boll_pos,vol_ratio,vol5_vs20,turnover,hi20,lo20,hi60,lo60,from_hi60,range_pos60,limitups_20,pv_diverge,stale,ex_gaps_recent,error
光通信,SZ,000063,中兴通讯,20260922,32.91,-0.72,2.8,-0.9,-1.5,震荡,32.55,32.44,33.02,34.79,-0.3,-5.4,-0.8,-0.517,-0.607,0.181,金叉(2日前),False,55.6,46.7,45.1,31.0,73.4,46.0,1.11,1.05,1.68,34.89,31.8,43.0,31.8,-23.5,10.0,0,False,False,20150717:-15.3%;20110707:-17.5%;20100624:-34.3%,
光通信,SZ,000070,特发信息,20260922,18.63,-1.84,11.5,12.9,15.9,强多头,18.1,17.4,16.68,15.59,11.7,19.5,5.0,0.783,0.545,0.474,,True,70.5,64.8,77.5,74.8,82.9,100.0,1.51,1.38,15.63,19.66,15.26,21.0,11.57,-11.3,75.0,0,False,False,20190516:-16.9%;20170607:-50.0%;20060110:-16.7%,
光通信,SZ,000586,汇源通信,20260922,13.88,-2.05,2.7,0.5,7.3,震荡,13.97,14.06,13.89,12.5,-0.1,11.0,2.6,0.327,0.394,-0.134,,True,49.3,53.5,34.3,36.7,29.5,49.0,0.6,0.85,3.71,15.19,12.67,15.19,9.3,-8.6,78.0,1,False,False,20051229:-21.0%;19980618:-23.4%;19960830:11.8%,
光通信,SZ,000720,新能泰山,20260922,3.92,-3.69,3.4,2.6,5.7,震荡,4.04,3.96,3.91,3.64,0.3,7.7,2.4,0.071,0.066,0.01,金叉(5日前),True,46.9,51.7,61.0,61.4,60.1,53.0,1.33,1.6,4.58,4.17,3.68,4.17,3.0,-6.0,79.0,1,False,False,20060607:-13.9%;20040611:-44.8%;20021016:-33.8%,
光通信,SZ,000725,京东方Ａ,20260922,6.0,-1.15,13.9,7.9,4.5,震荡,5.84,5.61,5.7,6.16,5.3,-2.6,-0.2,-0.032,-0.106,0.147,金叉(4日前),False,70.7,56.6,74.4,57.6,107.8,81.0,1.32,1.55,4.2,6.18,5.21,9.5,5.21,-36.8,18.0,0,False,False,20110620:-16.7%;20090610:14.9%;20051130:-27.4%,
光通信,SZ,000801,四川九洲,20260922,12.11,-0.33,1.9,-4.3,6.3,震荡,12.13,12.19,12.26,11.69,-1.2,3.6,2.1,0.116,0.174,-0.116,,True,44.1,51.8,34.5,32.6,38.4,39.0,0.65,0.67,0.89,13.2,11.29,13.6,10.64,-11.0,50.0,0,False,False,20160614:-50.5%;20110418:-49.8%;20060802:-37.9%,
光通信,SZ,000881,中广核技,20260922,6.67,1.06,3.6,-2.3,3.7,多头,6.51,6.57,6.62,6.46,0.7,3.3,0.3,0.002,0.015,-0.026,,True,63.5,55.4,46.2,36.0,66.5,60.0,1.16,1.06,0.92,6.84,6.33,6.85,6.0,-2.6,79.0,0,False,False,20051227:-13.9%;20010515:-36.5%;20000720:-44.4%,
光通信,SZ,000890,法尔胜,20260922,7.83,-1.51,5.2,-14.5,8.0,震荡,7.74,7.97,8.36,7.54,-6.3,3.8,1.8,-0.013,0.103,-0.233,,False,44.0,47.6,24.3,23.8,25.5,27.0,0.35,0.51,4.89,9.64,7.25,9.64,5.56,-18.8,56.0,3,False,False,20060719:-24.1%;20060403:-16.2%;20010622:-21.7%,
光通信,SZ,000936,华西股份,20260922,5.56,-1.77,3.9,-3.3,-1.2,震荡,5.52,5.51,5.59,5.39,-0.5,3.1,-0.0,-0.015,-0.006,-0.019,,False,51.6,50.0,42.3,35.1,56.6,43.0,0.97,0.94,2.36,5.85,5.31,6.97,4.68,-20.2,38.0,0,False,False,20101011:-38.9%;20051108:-34.2%;20040616:-44.8%,
光通信,SZ,000988,华工科技,20260922,107.09,-2.21,6.9,6.5,1.7,震荡,107.23,105.48,103.45,114.37,3.5,-6.4,0.7,-0.481,-1.786,2.61,,False,56.8,51.6,70.7,64.7,82.8,75.0,1.07,1.09,5.17,111.44,94.61,187.66,90.23,-42.9,17.0,0,False,False,20120713:-50.6%;20090929:-19.7%;20051122:-29.1%,
光通信,SZ,001208,华菱线缆,20260922,13.96,-3.26,0.6,-3.3,3.4,震荡,14.03,14.12,14.16,14.18,-1.4,-1.6,0.6,-0.075,-0.066,-0.017,,False,44.9,46.9,39.2,36.1,45.5,34.0,1.77,1.02,6.71,15.15,13.51,16.07,11.55,-13.1,53.0,0,False,False,,
光通信,SZ,001229,魅视科技,20260922,39.89,0.86,10.3,-0.5,-5.9,震荡,38.47,38.32,38.51,39.51,3.6,1.0,-4.0,-0.374,-0.496,0.244,金叉(1日前),False,61.9,52.6,59.5,46.7,85.2,70.0,1.2,1.13,7.38,42.72,35.04,50.19,30.67,-20.5,47.0,2,False,False,20260609:-29.0%,
光通信,SZ,001267,汇绿生态,20260922,38.19,-2.58,9.1,1.8,0.1,震荡,37.75,36.77,37.33,37.82,2.3,1.0,0.0,-0.208,-0.485,0.556,金叉(3日前),False,58.3,52.0,69.7,56.8,95.7,65.0,1.03,1.06,4.99,42.4,33.78,53.85,27.11,-29.1,41.0,1,False,False,,
光通信,SZ,001309,德明利,20260922,411.57,-0.83,6.6,-1.3,3.7,多头,407.52,404.21,408.81,487.37,0.7,-15.6,0.4,-8.957,-13.446,8.98,,False,55.9,48.3,56.7,44.9,80.1,55.0,1.02,0.95,7.23,448.25,381.0,976.0,334.0,-57.8,12.0,1,False,False,20250710:-28.7%;20240426:-22.8%;20230713:-28.3%,
光通信,SZ,002008,大族激光,20260922,94.26,-2.37,0.7,-1.5,10.8,震荡,96.15,94.91,93.35,100.16,1.0,-5.9,2.1,-0.003,-0.765,1.523,,False,47.4,49.1,61.4,65.1,54.2,57.0,0.95,1.02,4.58,101.06,83.01,150.49,80.32,-37.4,20.0,1,False,False,20110615:-34.2%;20080425:-37.0%;20070514:-36.9%,
光通信,SZ,002025,航天电器,20260922,73.2,-1.39,6.4,11.6,20.7,多头,73.03,68.98,66.91,68.41,9.4,7.0,4.5,2.091,0.975,2.232,,True,71.7,62.3,79.0,76.4,84.0,89.0,0.92,1.19,2.64,78.0,60.27,95.88,54.97,-23.7,45.0,0,False,False,20150625:-23.8%;20080528:-50.2%;20060407:-33.7%,
光通信,SZ,002132,恒星科技,20260922,4.21,-2.09,0.5,-0.2,-12.5,空头,4.27,4.26,4.32,4.51,-2.5,-6.6,-2.5,-0.057,-0.057,0.001,金叉(2日前),False,41.4,44.9,39.5,38.4,41.8,28.0,0.79,0.68,3.49,4.77,4.14,6.19,3.72,-32.0,20.0,0,False,False,20160519:-34.9%;20110407:-50.2%;20080520:-34.0%,
光通信,SZ,002179,中航光电,20260922,35.18,-1.26,1.4,3.4,5.4,震荡,35.19,34.95,34.75,35.57,1.2,-1.1,1.0,0.059,-0.087,0.294,,True,55.3,52.4,57.7,52.4,68.3,69.0,0.87,1.0,0.8,36.25,33.25,46.57,31.88,-24.5,22.0,0,False,False,20230516:-23.7%;20220613:-27.4%;20190517:-22.4%,
光通信,SZ,002222,福晶科技,20260922,71.15,1.99,12.1,7.0,11.6,强多头,69.58,67.42,67.25,65.59,5.8,8.5,2.4,1.113,0.615,0.996,金叉(5日前),True,73.6,60.0,79.5,68.5,101.6,97.0,1.61,1.38,7.28,72.68,62.28,92.16,47.3,-22.8,53.0,0,False,False,20160520:-34.9%;20110504:-35.2%,
光通信,SZ,002254,泰和新材,20260922,12.57,-1.18,3.1,-0.4,2.6,震荡,12.6,12.44,12.61,12.72,-0.3,-1.2,0.8,-0.037,-0.058,0.043,金叉(3日前),False,52.1,49.9,63.0,52.4,84.3,46.0,0.9,0.98,1.58,13.42,11.9,18.39,10.29,-31.6,28.0,0,False,False,20130516:-23.1%;20110608:-34.2%;20100611:-38.4%,
光通信,SZ,002276,万马股份,20260922,10.02,-1.38,0.9,-2.3,-2.4,震荡,10.05,10.08,10.21,10.09,-1.9,-0.7,-0.0,-0.062,-0.041,-0.042,,False,41.6,44.3,38.6,31.6,52.5,19.0,1.08,0.94,1.17,10.63,9.83,10.94,9.11,-8.4,50.0,0,False,False,20120328:-46.2%;20100407:-49.8%,
光通信,SZ,002281,光迅科技,20260922,190.37,-1.75,13.1,5.8,13.8,多头,191.19,183.57,179.66,188.07,6.0,1.2,2.6,2.073,-0.399,4.943,,True,60.3,55.0,72.1,64.9,86.7,82.0,0.95,1.28,3.81,199.48,163.0,264.88,152.33,-28.1,34.0,2,False,False,20170414:-67.5%,
光通信,SZ,002298,中电鑫龙,20260922,8.97,-2.5,4.7,6.4,12.7,强多头,8.76,8.56,8.44,8.1,6.3,10.7,2.4,0.147,0.073,0.149,金叉(3日前),True,62.1,58.5,64.2,59.4,73.8,93.0,1.57,1.46,9.91,9.6,7.89,9.61,6.35,-6.7,80.0,1,False,False,20120409:-50.7%;20100611:-33.1%,
光通信,SZ,002309,中利集团,20260922,2.96,-0.67,0.7,-3.6,0.0,震荡,2.96,2.99,3.01,2.99,-1.7,-0.9,-0.0,-0.032,-0.028,-0.009,,False,42.3,44.5,41.7,42.9,39.4,20.0,0.8,0.97,2.71,3.12,2.85,3.5,2.35,-15.4,53.0,0,False,False,20120516:-50.8%;20100416:-44.5%,
光通信,SZ,002313,日海智能,20260922,9.3,10.06,15.0,6.5,6.9,震荡,8.52,8.47,8.58,8.22,8.4,13.2,-0.3,0.05,0.033,0.033,金叉(1日前),True,79.5,66.0,56.5,38.7,92.1,118.0,2.12,0.87,4.85,9.3,8.0,9.3,6.82,0.0,100.0,1,True,False,20130510:-23.1%;20120417:-49.9%,
光通信,SZ,002384,东山精密,20260922,198.12,1.59,8.4,6.3,3.8,震荡,194.96,192.7,191.12,204.94,3.7,-3.3,-0.1,-1.138,-2.782,3.289,,False,63.5,52.9,61.6,58.4,68.0,78.0,1.33,1.08,5.72,208.5,176.75,280.08,161.8,-29.3,31.0,0,False,False,20180828:-33.0%;20140617:-49.4%;20120606:-49.8%,
光通信,SZ,002415,海康威视,20260922,33.18,1.84,1.3,-1.4,-4.5,震荡,32.75,33.02,34.03,34.88,-2.5,-4.9,-1.1,-0.669,-0.574,-0.19,,False,48.6,41.9,36.2,28.8,51.0,31.0,1.02,0.9,0.58,36.18,32.1,39.18,32.1,-15.3,15.0,0,False,False,20170516:-34.1%;20160518:-34.7%;20130710:-50.0%,
光通信,SZ,002428,云南锗业,20260922,94.74,1.34,5.0,5.2,0.5,震荡,93.85,91.97,93.14,91.67,1.7,3.3,-1.6,-0.197,-0.369,0.345,金叉(2日前),False,61.5,52.5,66.7,58.4,83.2,61.0,1.28,1.16,10.1,105.55,85.08,122.9,60.8,-22.9,55.0,0,False,False,20130513:-49.4%;20120424:-51.4%;20110527:-24.3%,
光通信,SZ,002429,兆驰股份,20260922,8.25,-0.36,4.7,3.6,3.9,多头,8.18,8.06,8.08,8.44,2.1,-2.3,0.2,-0.039,-0.092,0.106,,False,61.8,52.4,75.8,66.0,95.4,73.0,1.01,1.01,1.11,8.62,7.68,11.7,7.05,-29.5,26.0,0,False,False,20170609:-60.2%;20140611:-33.0%;20130621:-35.0%,
光通信,SZ,002436,兴森科技,20260922,44.23,-0.23,8.2,10.2,32.8,强多头,43.09,41.48,38.48,36.68,14.9,20.6,6.3,2.271,1.603,1.337,,True,75.3,66.5,77.6,80.9,70.8,91.0,1.33,1.05,11.58,48.76,32.31,53.24,26.0,-16.9,67.0,1,False,False,20161028:-66.5%;20150520:-49.9%;20110513:-50.7%,
光通信,SZ,002491,通鼎互联,20260922,24.03,-2.28,8.1,12.0,12.3,多头,24.1,22.74,22.23,20.11,8.1,19.5,4.8,1.05,0.81,0.48,金叉(5日前),True,62.5,60.0,79.1,72.3,92.8,84.0,1.15,1.21,19.02,25.4,19.7,32.59,13.44,-26.3,55.0,2,False,False,20150520:-65.9%;20140527:-24.5%,
光通信,SZ,002522,浙江众成,20260922,5.95,-4.8,2.4,13.3,10.4,多头,6.03,5.68,5.48,5.22,8.6,14.0,4.3,0.22,0.129,0.183,,True,62.3,63.5,79.0,75.1,86.8,84.0,1.77,2.22,9.59,6.35,5.02,7.99,4.19,-25.5,46.0,1,False,False,20150506:-48.1%;20140522:-51.1%;20140120:-14.9%,
光通信,SZ,002643,万润股份,20260922,13.22,-1.71,0.5,3.7,1.5,震荡,13.34,13.16,13.07,14.39,1.2,-8.2,-0.3,-0.135,-0.249,0.228,,False,51.0,47.7,73.7,68.2,84.8,65.0,0.98,1.11,1.64,13.6,12.5,22.22,12.32,-40.5,9.0,0,False,False,20170515:-60.4%;20130426:-51.6%,
光通信,SZ,002725,跃岭股份,20260922,11.23,-0.18,4.1,-1.2,-1.5,震荡,11.13,11.14,11.32,11.25,-0.8,-0.2,-0.1,-0.087,-0.076,-0.022,,False,53.2,48.5,53.9,42.8,76.0,40.0,0.86,0.94,1.24,11.84,10.7,12.94,9.12,-13.2,55.0,0,False,False,20180509:-38.6%;20150508:-38.1%,
光通信,SZ,002792,通宇通讯,20260922,34.97,1.24,18.7,10.5,12.3,强多头,32.55,31.32,30.92,30.67,13.1,14.0,1.1,0.405,-0.088,0.986,金叉(4日前),True,83.3,64.3,70.4,54.0,103.2,121.0,2.28,1.46,19.37,36.16,28.88,40.52,21.44,-13.7,71.0,1,False,False,20240618:-24.0%;20190618:-33.4%;20160607:-34.5%,
光通信,SZ,002829,星网宇达,20260922,20.46,-0.29,6.5,-1.0,5.0,多头,20.22,20.02,20.38,19.95,0.4,2.6,0.8,-0.049,-0.043,-0.011,,False,59.1,52.1,61.9,46.3,93.3,53.0,0.87,0.91,3.44,21.84,19.11,23.23,16.0,-11.9,62.0,0,False,False,20230704:-17.7%;20170413:-50.9%,
光通信,SZ,002860,星帅尔,20260921,18.39,9.99,15.0,3.4,17.4,震荡,16.74,16.44,16.65,16.68,10.4,10.3,-0.3,0.073,-0.017,0.181,金叉(1日前),True,74.4,60.9,60.5,43.4,94.8,91.0,1.79,0.99,7.17,18.6,14.8,19.88,14.23,-7.5,74.0,1,False,True,20220621:-29.7%;20200507:-41.7%;20180427:-34.0%,
光通信,SZ,002897,意华股份,20260922,69.32,-1.7,-7.6,7.8,20.1,多头,70.24,68.87,63.93,64.11,8.4,8.1,5.5,2.851,1.999,1.704,,True,56.6,58.2,63.5,70.6,49.3,73.0,0.85,1.14,7.12,76.36,54.6,91.0,49.38,-23.8,48.0,1,False,False,20180606:-36.1%,
光通信,SZ,002902,铭普光磁,20260922,29.18,-3.38,-0.1,8.4,19.3,震荡,29.91,29.45,27.8,25.44,5.0,14.7,5.2,1.301,1.123,0.355,,True,50.8,56.3,66.6,73.7,52.6,67.0,1.12,1.51,16.27,32.08,23.71,32.08,18.49,-9.0,79.0,2,False,False,20190612:-31.3%,
光通信,SZ,002957,科瑞技术,20260922,45.43,5.95,17.2,9.9,10.8,强多头,43.05,41.29,40.77,40.38,11.4,12.5,1.3,0.698,0.164,1.067,金叉(5日前),True,77.2,62.0,85.3,72.0,111.9,112.0,2.69,1.49,11.42,45.51,36.9,55.69,29.49,-18.4,61.0,2,False,False,,
光通信,SZ,002962,五方光电,20260922,13.64,-0.29,4.0,2.7,7.4,多头,13.53,13.27,13.12,13.3,4.0,2.6,1.6,0.105,0.005,0.2,,True,71.4,58.4,81.8,74.0,97.3,95.0,1.07,1.3,3.72,13.82,12.36,21.18,10.42,-35.6,30.0,0,False,False,20210526:-17.7%;20200601:-16.7%,
光通信,SZ,002988,豪美新材,20260922,31.66,-1.37,6.2,4.9,33.6,强多头,31.62,31.02,28.26,23.63,12.0,34.0,8.1,2.316,2.122,0.386,,True,69.4,71.3,85.2,84.8,86.1,77.0,0.51,0.65,1.78,32.31,23.0,32.31,18.18,-2.0,95.0,1,True,False,,
光通信,SZ,003031,中瓷电子,20260922,133.66,-2.4,6.8,12.6,4.4,多头,136.25,128.81,125.76,124.39,6.3,7.5,0.7,2.835,1.23,3.209,金叉(5日前),True,60.1,56.3,73.4,70.5,79.1,78.0,1.05,1.26,2.49,143.42,112.4,181.2,89.09,-26.2,48.0,1,False,False,20240611:-29.3%;20220610:-29.0%;20210610:-29.0%,
光通信,SZ,300079,数码视讯,20260922,4.91,1.45,2.3,-2.6,7.7,多头,4.83,4.89,4.89,4.53,0.4,8.3,2.2,0.066,0.094,-0.056,,True,57.0,55.9,24.1,21.8,28.6,53.0,0.72,0.51,2.24,5.37,4.49,5.37,3.99,-8.6,67.0,0,False,False,20150918:-48.4%;20140521:-50.1%;20120511:-35.0%,
光通信,SZ,300123,ST亚光,20260922,4.55,0.22,2.0,-9.0,3.2,震荡,4.59,4.66,4.75,4.32,-4.2,5.2,1.1,0.023,0.081,-0.115,,True,39.3,47.4,18.7,22.3,11.4,29.0,0.7,0.82,2.13,5.37,4.38,5.37,3.34,-15.3,60.0,0,False,False,20190610:-45.5%;20140609:-51.6%;20110513:-38.0%,
光通信,SZ,300184,力源信息,20260922,12.14,-1.14,2.6,2.0,2.3,震荡,12.16,11.99,12.04,12.74,0.9,-4.7,0.6,-0.093,-0.169,0.154,,False,54.1,49.5,71.2,64.8,84.0,62.0,1.15,1.16,4.22,12.62,11.37,18.3,10.75,-33.7,18.0,0,False,False,20190508:-46.4%;20150422:-48.8%;20140414:-32.5%,
光通信,SZ,300227,光韵达,20260922,10.84,-1.63,2.9,-22.3,-9.4,空头,11.1,12.04,12.67,11.04,-14.4,-1.9,-1.1,-0.169,0.218,-0.774,,False,28.1,39.6,20.6,26.5,8.7,12.0,0.62,0.95,4.13,14.68,10.16,14.68,7.33,-26.2,48.0,0,False,False,20200520:-45.0%;20180507:-33.0%;20130516:-48.4%,
光通信,SZ,300252,金信诺,20260922,12.72,-1.85,0.4,2.7,9.2,震荡,12.79,12.8,12.44,12.23,2.3,4.0,2.8,0.223,0.184,0.076,,True,51.3,53.5,49.7,53.0,43.1,65.0,0.8,0.9,5.94,13.57,11.36,17.65,9.76,-27.9,38.0,0,False,False,20180620:-23.5%;20150515:-60.5%;20130716:-33.1%,
光通信,SZ,300265,通光线缆,20260922,13.85,-2.74,4.3,1.2,0.5,多头,13.83,13.73,13.78,14.21,0.5,-2.5,0.5,-0.137,-0.224,0.174,,False,52.0,48.9,52.4,44.4,68.3,57.0,1.17,1.19,5.18,14.56,13.17,20.47,11.24,-32.3,28.0,0,False,False,20150602:-61.2%,
光通信,SZ,300270,中威电子,20260922,10.57,-1.21,5.8,-2.1,-7.0,震荡,10.46,10.42,10.87,11.44,-2.7,-7.6,-2.7,-0.344,-0.342,-0.004,,False,49.1,43.1,48.1,32.6,79.2,36.0,0.8,0.95,2.34,11.94,9.94,15.1,8.1,-30.0,35.0,0,False,False,20150527:-54.6%;20130503:-49.7%;20120423:-35.0%,
光通信,SZ,300292,吴通控股,20260922,4.64,-0.22,0.4,5.9,8.9,多头,4.67,4.6,4.46,4.32,4.0,7.3,2.9,0.092,0.066,0.054,,True,59.2,58.5,69.6,72.9,63.0,76.0,1.15,1.23,6.0,4.81,4.17,5.37,3.6,-13.6,59.0,0,False,False,20160927:-75.3%;20140508:-35.2%;20130516:-33.0%,
光通信,SZ,300303,聚飞光电,20260922,6.98,0.14,3.6,1.0,0.1,震荡,6.93,6.87,6.94,7.34,0.6,-4.9,-0.1,-0.088,-0.125,0.074,,False,59.9,48.8,68.6,58.7,88.6,59.0,1.33,1.06,3.18,7.32,6.56,10.96,6.35,-36.3,14.0,0,False,False,20170517:-44.7%;20150424:-56.7%;20140523:-23.8%,
光通信,SZ,300308,中际旭创,20260922,927.72,-1.41,7.4,2.8,9.7,多头,919.79,906.1,879.89,967.1,5.4,-4.1,0.8,-1.909,-13.948,24.078,,False,59.8,52.9,68.5,67.6,70.2,82.0,0.92,0.95,2.12,974.99,804.02,1315.57,793.03,-29.5,26.0,0,False,False,20240606:-26.1%;20190604:-27.7%;20141008:-44.2%,
光通信,SZ,300351,永贵电器,20260922,14.17,-1.39,3.2,-2.1,-0.4,震荡,14.22,14.18,14.33,14.13,-1.1,0.3,0.9,-0.024,-0.012,-0.024,,False,46.5,48.4,51.1,43.4,66.5,36.0,0.87,0.76,2.19,15.52,13.56,17.98,10.9,-21.2,46.0,0,False,False,20150409:-54.6%;20140527:-34.1%;20130524:-25.5%,
光通信,SZ,300394,天孚通信,20260922,275.84,-1.22,7.2,6.7,7.3,多头,277.28,268.97,263.09,245.56,4.8,12.3,1.0,7.118,5.661,2.914,金叉(4日前),True,59.2,57.2,68.9,67.4,72.0,81.0,0.74,1.02,2.63,292.07,237.8,304.0,155.55,-9.3,81.0,0,False,False,20260612:-26.5%;20250609:-26.4%;20240530:-29.3%,
光通信,SZ,300395,菲利华,20260922,97.08,2.84,0.6,1.9,16.6,多头,95.86,96.58,94.41,91.66,2.8,5.9,2.6,1.466,1.451,0.031,金叉(1日前),True,57.4,55.0,38.3,44.7,25.5,71.0,1.08,0.93,5.35,102.99,83.72,136.59,69.8,-28.9,41.0,0,False,False,20220602:-33.6%;20170427:-32.7%;20160530:-37.1%,
光通信,SZ,300398,飞凯材料,20260922,37.92,-1.12,7.7,14.9,8.7,多头,37.63,35.76,35.11,37.55,8.0,1.0,1.7,0.391,-0.264,1.31,,True,73.2,59.2,84.6,78.6,96.5,88.0,1.07,1.39,6.02,39.3,31.6,64.88,28.56,-41.6,26.0,0,False,False,20170322:-71.2%;20150507:-23.1%,
光通信,SZ,300408,三环集团,20260922,129.48,-0.28,2.6,12.4,18.7,多头,129.63,126.0,118.75,119.65,9.0,8.2,4.2,3.526,1.785,3.483,,True,70.4,61.5,73.3,78.1,63.8,83.0,0.99,1.0,2.51,139.5,106.1,177.77,86.03,-27.2,47.0,0,False,False,20160418:-51.2%;20150522:-48.0%,
光通信,SZ,300433,蓝思科技,20260922,34.44,-1.12,4.8,-0.5,-9.1,震荡,33.9,33.78,35.43,37.57,-2.8,-8.3,-2.4,-0.904,-0.913,0.017,金叉(1日前),False,52.7,45.6,43.2,30.6,68.3,38.0,1.44,1.03,2.39,40.09,32.55,56.41,30.8,-38.9,14.0,0,False,False,20180702:-33.3%;20160621:-67.1%,
光通信,SZ,300447,全信股份,20260922,14.31,-0.62,3.5,0.0,5.5,强多头,14.26,14.24,14.21,13.71,0.7,4.4,1.5,0.117,0.125,-0.016,,True,54.6,54.2,58.5,52.0,71.5,61.0,0.89,0.96,1.66,14.64,13.42,15.34,11.67,-6.7,72.0,0,False,False,20170519:-40.8%;20160616:-50.6%,
光通信,SZ,300502,新易盛,20260922,455.0,-0.38,14.6,9.3,13.5,多头,440.95,425.24,412.75,449.74,10.2,1.2,1.5,3.351,-4.6,15.902,,True,74.6,59.3,74.4,67.9,87.3,102.0,0.99,1.06,2.76,475.0,378.56,618.87,347.0,-26.5,40.0,0,False,False,20260611:-28.5%;20250528:-27.7%;20230608:-30.5%,
光通信,SZ,300504,天邑股份,20260922,19.5,5.75,15.0,12.8,25.8,强多头,18.19,17.64,17.48,15.66,11.6,24.5,5.0,0.709,0.594,0.231,金叉(2日前),True,85.7,73.2,79.2,67.1,103.4,116.0,1.75,1.1,7.38,19.85,14.9,19.85,11.67,-1.8,96.0,0,True,False,,
光通信,SZ,300516,久之洋,20260922,36.62,-0.84,9.6,2.7,18.4,强多头,35.45,35.15,34.73,31.83,5.4,15.0,3.3,0.993,0.959,0.069,金叉(1日前),True,67.3,62.6,63.4,50.5,89.2,81.0,0.98,0.92,2.39,37.5,30.2,38.2,23.45,-4.1,89.0,0,True,False,20260513:-28.0%;20190618:-34.8%,
光通信,SZ,300548,长芯博创,20260922,236.2,-3.19,14.3,11.7,20.4,多头,236.77,223.24,214.71,196.24,10.0,20.4,4.8,10.903,8.048,5.71,金叉(5日前),True,65.1,61.9,78.6,72.9,89.9,88.0,0.92,1.09,4.22,247.8,187.57,279.98,123.48,-15.6,72.0,0,False,False,20220513:-34.7%;20200520:-42.8%,
光通信,SZ,300557,理工光科,20260922,26.15,0.97,3.5,-3.8,1.1,震荡,25.81,25.89,26.54,26.69,-1.5,-2.0,0.2,-0.214,-0.136,-0.156,,False,53.1,48.8,38.6,29.2,57.6,39.0,1.19,0.91,1.96,28.88,25.0,36.6,20.7,-28.6,34.0,0,False,False,20260605:-23.2%;20250529:-22.1%;20240517:-23.6%,
光通信,SZ,300565,科信技术,20260922,10.03,-0.69,2.9,-0.8,1.3,多头,9.95,10.0,10.03,9.56,0.0,4.9,0.9,0.058,0.077,-0.037,,True,53.6,53.0,49.4,43.4,61.3,50.0,0.93,1.07,3.16,10.39,9.62,10.49,7.68,-4.4,84.0,0,False,False,20180604:-22.4%,
光通信,SZ,300570,太辰光,20260922,227.46,1.68,17.0,12.9,12.2,强多头,220.58,210.13,203.54,181.79,11.8,25.1,2.2,11.058,9.022,4.071,金叉(4日前),True,72.2,64.3,70.1,69.1,72.1,98.0,1.19,1.27,11.18,242.99,178.18,251.82,102.3,-9.7,84.0,0,False,False,20170630:-45.5%,
光通信,SZ,300571,平治信息,20260922,29.72,1.43,9.3,1.9,-0.8,震荡,29.07,28.5,29.01,32.13,2.4,-7.5,-1.1,-0.832,-1.14,0.615,金叉(5日前),False,67.1,49.1,57.7,44.6,83.9,71.0,1.18,1.14,6.06,31.14,26.81,46.67,25.12,-36.3,21.0,0,False,False,20180530:-36.7%;20170927:-50.2%,
光通信,SZ,300603,立昂技术,20260922,8.27,1.47,0.5,-0.7,8.2,强多头,8.11,8.1,8.09,7.85,2.2,5.3,1.4,0.039,0.035,0.007,金叉(1日前),True,64.6,55.7,62.2,56.7,73.3,81.0,1.19,0.99,3.75,8.39,7.63,9.64,6.66,-14.2,54.0,0,False,False,20200713:-33.3%;20190628:-41.4%,
光通信,SZ,300620,光库科技,20260922,292.0,-0.84,3.3,1.1,0.5,空头,294.84,292.66,293.65,281.41,-0.6,3.8,-0.4,1.293,1.843,-1.101,,True,48.0,50.1,51.6,49.6,55.8,46.0,1.03,1.15,4.7,325.98,276.19,375.73,184.35,-22.3,56.0,0,False,False,20230518:-31.5%;20211101:-33.8%,
光通信,SZ,300667,必创科技,20260922,15.1,-0.33,1.8,3.4,3.9,强多头,14.99,14.83,14.76,14.52,2.3,4.0,0.9,0.118,0.074,0.089,,True,59.9,55.4,73.2,64.9,89.8,84.0,0.93,1.07,2.88,15.31,14.08,17.65,11.75,-14.4,57.0,0,False,False,20200708:-34.1%;20180627:-33.9%,
光通信,SZ,300698,万马科技,20260922,28.73,2.21,13.2,8.1,8.8,多头,27.14,26.55,26.68,25.71,7.7,11.8,1.9,0.364,0.162,0.404,金叉(2日前),True,83.0,68.3,72.1,51.3,113.6,115.0,1.47,1.09,3.38,28.9,25.11,28.9,21.72,-0.6,98.0,0,True,False,,
光通信,SZ,300710,万隆光电,20260922,31.28,0.58,7.2,-0.8,2.6,震荡,30.44,30.21,30.62,28.95,2.2,8.0,0.0,0.245,0.274,-0.057,,True,68.8,57.9,61.6,45.6,93.5,74.0,0.6,0.62,2.72,32.8,28.77,36.33,23.03,-13.9,62.0,0,False,False,20220704:-30.1%,
光通信,SZ,300726,宏达电子,20260922,58.72,-2.99,5.3,16.6,14.1,多头,58.69,56.17,54.14,55.96,8.5,4.9,3.1,1.232,0.272,1.92,,True,62.9,58.3,81.0,77.7,87.7,86.0,1.3,1.32,7.92,61.83,48.3,93.19,42.02,-37.0,33.0,0,False,False,,
光通信,SZ,300747,锐科激光,20260922,40.5,-0.81,0.8,1.3,13.4,震荡,40.95,40.68,39.39,37.37,2.8,8.4,3.5,1.083,1.009,0.148,,True,52.6,56.0,68.7,71.6,62.7,66.0,0.78,0.92,3.46,42.22,34.58,53.98,29.23,-25.0,46.0,0,False,False,20220715:-23.3%;20210813:-33.6%;20200812:-33.1%,
光通信,SZ,300757,罗博特科,20260922,605.88,-2.4,0.8,-5.9,23.1,震荡,613.64,619.28,598.02,514.9,1.3,17.7,5.2,26.275,29.919,-7.287,死叉(4日前),True,46.7,56.7,33.1,44.9,9.4,56.0,0.85,0.78,3.17,660.0,507.0,660.0,353.49,-8.2,82.0,0,False,False,20240613:-29.3%,
光通信,SZ,300812,易天股份,20260922,20.34,2.47,8.2,5.0,5.8,多头,19.87,19.43,19.37,19.92,5.0,2.1,1.0,0.061,-0.095,0.313,,True,76.3,58.7,82.5,71.8,103.8,111.0,1.72,1.37,5.05,20.55,18.28,30.48,15.38,-33.3,33.0,0,False,False,20260604:-29.1%;20210531:-46.1%,
光通信,SZ,300843,胜蓝股份,20260922,136.5,-4.66,3.0,8.5,0.9,多头,141.14,135.1,132.49,128.33,3.0,6.4,0.8,3.605,2.642,1.926,金叉(5日前),True,50.6,54.1,72.1,70.8,74.6,65.0,1.19,1.04,4.58,147.88,121.0,172.0,82.8,-20.6,60.0,0,False,False,,
光通信,SZ,300909,汇创达,20260922,65.28,0.03,10.3,10.9,18.9,强多头,61.87,60.31,58.69,52.38,11.2,24.6,3.3,2.683,2.283,0.799,金叉(2日前),True,87.3,72.9,76.6,72.8,84.2,112.0,1.3,1.32,3.97,67.33,53.51,67.33,36.57,-3.0,93.0,0,False,False,20220621:-34.0%,
光通信,SZ,300913,兆龙互连,20260922,41.89,-3.46,-6.9,17.0,17.0,震荡,42.89,42.91,39.36,37.08,6.4,13.0,5.1,1.859,1.48,0.759,,True,50.6,56.5,55.5,64.0,38.4,67.0,1.14,1.23,7.38,47.47,34.55,47.86,30.3,-12.5,66.0,0,False,False,20230621:-29.1%;20220616:-33.1%,
光通信,SZ,301041,金百泽,20260922,37.45,3.45,14.4,23.5,40.4,强多头,35.87,34.01,31.46,27.03,19.1,38.6,9.0,2.612,2.074,1.076,,True,79.7,75.1,91.1,88.2,97.0,99.0,1.67,1.7,16.33,37.75,26.01,37.75,18.02,-0.8,98.0,0,False,False,,
光通信,SZ,301172,君逸数码,20260922,18.82,0.59,8.1,3.5,11.3,强多头,18.65,18.28,18.02,17.83,4.5,5.5,2.1,0.218,0.116,0.202,金叉(5日前),True,64.8,57.4,68.7,59.0,88.0,84.0,0.73,0.84,2.84,19.33,16.36,21.54,13.81,-12.6,65.0,0,False,False,20260805:-23.6%;20250617:-28.1%,
光通信,SZ,301182,凯旺科技,20260922,73.47,-0.46,15.1,4.2,4.3,多头,70.83,68.97,69.76,71.38,5.3,2.9,1.3,0.344,-0.223,1.134,金叉(3日前),True,68.0,56.5,59.2,48.5,80.6,85.0,1.06,1.07,4.65,78.51,62.19,110.88,45.06,-33.7,43.0,0,False,False,,
光通信,SZ,301183,东田微,20260922,306.23,0.89,15.7,29.9,31.2,强多头,302.48,275.08,251.38,213.63,21.8,43.3,8.0,24.596,18.326,12.54,,True,85.3,75.4,91.1,87.4,98.7,93.0,1.0,1.26,7.8,313.4,209.89,313.4,133.0,-2.3,96.0,0,False,False,,
光通信,SZ,301196,唯科科技,20260922,90.54,-2.75,12.8,6.4,-2.4,多头,90.08,86.19,87.67,88.2,3.3,2.6,0.6,0.476,-0.377,1.707,金叉(3日前),True,59.2,53.4,71.8,60.2,95.2,64.0,0.71,0.93,4.31,102.18,77.27,129.8,59.05,-30.2,45.0,0,False,False,20260624:-23.3%,
光通信,SZ,301202,朗威股份,20260922,39.76,0.76,12.8,10.9,8.0,强多头,37.69,36.65,36.53,34.77,8.9,14.3,0.2,0.733,0.444,0.579,金叉(2日前),True,79.2,64.6,78.6,63.5,108.9,117.0,1.18,1.09,2.33,40.47,34.03,40.59,27.83,-2.0,93.0,0,True,False,,
光通信,SZ,301205,联特科技,20260922,327.5,2.02,20.4,6.0,7.8,多头,313.35,300.41,302.77,277.33,8.2,18.1,1.6,7.128,4.907,4.441,金叉(2日前),True,69.8,59.9,74.8,57.9,108.8,86.0,0.91,1.01,7.57,340.88,269.03,359.61,153.0,-8.9,84.0,0,False,False,20230630:-46.4%,
光通信,SZ,301289,国缆检测,20260922,44.37,0.52,3.7,-0.3,0.4,多头,43.74,43.56,44.36,43.67,0.0,1.6,0.3,-0.109,-0.102,-0.014,,False,61.7,53.0,60.2,41.0,98.6,50.0,0.44,0.48,0.57,51.32,42.48,51.32,38.68,-13.5,45.0,0,False,False,20230531:-23.9%,
光通信,SZ,301349,信德新材,20260922,47.78,-3.88,8.5,12.4,11.5,多头,46.85,44.77,43.95,45.09,8.7,6.0,2.0,0.804,0.093,1.422,,True,64.2,59.4,81.8,73.8,97.9,98.0,1.44,1.34,6.39,49.86,40.08,74.04,33.22,-35.5,36.0,0,False,False,20260513:-28.7%;20230531:-34.2%,
光通信,SZ,301486,致尚科技,20260922,218.87,-0.19,22.5,15.9,27.5,强多头,216.55,201.29,189.61,172.88,15.4,26.6,6.5,11.95,8.451,6.997,,True,73.7,65.0,84.9,77.6,99.5,92.0,0.84,1.26,8.4,223.69,160.22,223.69,115.5,-2.2,96.0,1,False,False,,
光通信,SZ,301516,中远通,20260922,19.73,-1.1,10.7,1.4,-15.9,强多头,19.66,19.04,18.52,18.07,6.5,9.2,-5.2,0.294,0.198,0.194,金叉(3日前),True,61.5,55.5,70.6,57.0,97.6,77.0,0.6,0.83,13.18,24.36,16.55,26.27,14.12,-24.9,46.0,1,False,False,,
光通信,SZ,301517,陕西华达,20260922,38.61,1.47,5.5,1.1,1.7,震荡,37.83,37.56,37.92,40.02,1.8,-3.5,-0.1,-0.499,-0.696,0.393,金叉(5日前),False,64.9,51.3,53.5,44.7,71.2,78.0,2.98,1.38,6.85,40.13,36.27,53.9,33.05,-28.4,27.0,0,False,False,20250618:-28.7%,
光通信,SZ,301566,达利凯普,20260922,26.96,-3.78,3.3,9.7,8.7,强多头,26.87,26.15,25.56,25.44,5.5,6.0,1.8,0.407,0.122,0.569,,True,57.6,55.1,71.5,72.5,69.6,82.0,1.63,1.33,16.4,29.29,23.42,38.98,17.6,-30.8,44.0,0,False,False,,
光通信,SZ,301689,电科思仪,,,,,,,数据不足,,,,,,,,,,,,,,,,,,,,,,,,,,,,,,,,insufficient(9)
光通信,SH,600103,青山纸业,20260922,3.77,-1.82,12.5,-6.9,19.7,多头,3.72,3.69,3.76,3.16,0.3,19.2,5.6,0.128,0.154,-0.052,,True,54.4,55.3,58.6,47.7,80.5,51.0,0.49,0.69,8.36,4.2,3.17,4.2,2.4,-10.2,76.0,5,False,False,20190603:-22.7%;20070118:-16.6%;20061227:-23.5%,
光通信,SH,600105,永鼎股份,20260922,45.41,-2.8,10.5,16.1,18.0,多头,45.79,43.53,41.35,41.15,9.8,10.4,4.5,1.557,0.807,1.5,,True,64.9,60.3,81.0,79.3,84.5,86.0,0.96,1.24,8.73,47.62,36.72,67.5,29.11,-32.7,42.0,1,False,False,20180521:-23.8%;20160607:-49.4%;20100625:-29.1%,
光通信,SH,600141,兴发集团,20260922,29.17,-0.78,0.6,-8.6,-1.2,空头,29.29,29.61,30.29,31.56,-3.7,-7.6,-1.0,-0.589,-0.505,-0.167,,False,37.5,42.0,23.2,25.0,19.7,20.0,0.73,0.64,1.58,32.2,28.54,49.37,27.28,-40.9,9.0,0,False,False,20180614:-17.7%;20100702:-14.1%;20090505:-16.6%,
光通信,SH,600184,光电股份,20260922,20.42,-3.13,-7.7,12.9,16.3,震荡,21.33,20.61,19.33,19.12,5.6,6.8,5.3,0.79,0.527,0.526,,True,49.4,55.5,69.5,74.6,59.2,67.0,1.13,1.53,5.99,22.63,17.19,33.55,14.6,-39.1,31.0,1,False,False,20150423:-48.5%;20070531:-33.2%,
光通信,SH,600198,大唐电信,20260922,7.72,0.52,0.5,0.5,-1.9,震荡,7.64,7.79,7.79,7.63,-0.9,1.1,0.1,0.01,0.038,-0.055,死叉(5日前),True,49.9,50.2,32.3,33.8,29.2,41.0,0.64,0.74,1.29,8.28,7.4,9.93,6.47,-22.3,36.0,0,False,False,20001018:-21.2%,
光通信,SH,600206,有研新材,20260922,49.95,-2.67,6.4,6.6,-2.3,震荡,51.01,48.8,48.92,48.64,2.1,2.7,-1.8,0.351,0.069,0.562,金叉(4日前),True,53.2,52.1,66.5,62.1,75.2,61.0,1.05,1.23,9.69,55.55,43.4,69.0,32.28,-27.6,48.0,1,False,False,20140512:-48.4%;20080730:-31.6%,
光通信,SH,600330,天通股份,20260922,29.71,1.02,2.3,-1.2,8.4,多头,29.8,29.34,28.63,24.7,3.8,20.3,2.5,1.166,1.246,-0.159,死叉(3日前),True,55.5,56.4,70.5,69.0,73.4,71.0,0.97,0.99,8.29,31.0,25.7,31.07,15.68,-4.4,91.0,3,False,False,20180625:-16.2%;20080613:-17.9%;20050617:-37.9%,
光通信,SH,600345,长江通信,20260922,54.41,-0.53,2.5,3.8,13.4,强多头,54.36,54.1,52.07,50.09,4.5,8.6,3.7,1.587,1.359,0.456,,True,64.0,60.2,63.6,68.2,54.5,74.0,1.01,0.97,6.28,56.33,46.17,65.59,38.73,-17.0,58.0,2,False,False,20060810:-37.9%;20020613:-16.2%,
光通信,SH,600372,中航机载,20260922,11.57,0.78,0.0,-1.8,6.3,多头,11.45,11.62,11.46,11.28,1.0,2.6,1.3,0.082,0.096,-0.028,死叉(3日前),True,55.3,54.9,31.5,38.6,17.5,61.0,0.94,0.79,0.59,12.06,10.84,12.06,10.68,-4.1,64.0,0,False,False,20130813:-21.8%;20120419:-35.9%;20100920:164.4%,
光通信,SH,600487,亨通光电,20260922,73.0,1.74,16.9,15.7,13.0,强多头,69.63,66.95,66.53,64.8,9.7,12.7,3.1,1.652,0.781,1.742,金叉(4日前),True,77.0,62.7,72.6,63.0,91.9,103.0,1.18,1.13,8.72,76.35,61.22,109.55,45.6,-33.4,43.0,1,False,False,20180629:-27.9%;20150924:-65.7%;20140526:-33.7%,
光通信,SH,600497,驰宏锌锗,20260922,9.79,1.35,2.9,-2.5,-1.4,震荡,9.63,9.76,10.0,9.88,-2.1,-1.0,-0.8,-0.111,-0.065,-0.094,,False,51.6,48.1,25.1,21.8,31.6,35.0,0.91,0.74,2.12,10.86,9.38,12.93,8.23,-24.3,33.0,0,False,False,20160919:-49.7%;20110617:-22.7%;20091209:-17.4%,
光通信,SH,600498,烽火通信,20260922,43.51,-1.45,8.0,8.1,7.0,多头,43.47,42.02,41.17,42.53,5.7,2.3,2.6,0.63,0.075,1.111,,True,65.8,57.0,77.8,73.5,86.4,84.0,0.86,1.16,6.43,45.24,37.42,73.96,31.36,-41.2,29.0,0,False,False,20130522:-49.4%;20060307:-40.5%,
光通信,SH,600500,中化国际,20260922,5.77,-1.7,5.3,-0.7,9.3,震荡,5.87,5.78,5.68,5.57,1.7,3.5,2.6,0.101,0.085,0.033,,True,50.9,53.3,60.0,61.0,58.0,63.0,0.9,1.05,2.86,6.1,5.15,8.6,4.34,-32.9,34.0,1,False,False,20190708:-24.7%;20050509:-35.0%;20040426:-33.3%,
光通信,SH,600516,方大炭素,20260922,5.49,-0.72,5.8,4.4,8.5,强多头,5.47,5.35,5.28,5.24,4.1,4.7,2.0,0.071,0.032,0.078,,True,65.7,61.6,62.5,59.9,67.7,88.0,1.1,1.7,1.39,5.76,5.05,6.48,4.92,-15.3,37.0,0,False,False,20200604:-28.2%;20190628:-32.4%;20130319:-18.5%,
光通信,SH,600522,中天科技,20260922,36.88,-0.19,6.8,13.4,8.8,多头,36.28,35.17,34.45,35.78,7.1,3.1,2.5,0.487,-0.003,0.98,,True,71.3,58.7,81.2,78.3,86.8,92.0,1.34,1.3,8.38,38.48,31.5,60.13,27.02,-38.7,30.0,0,False,False,20160630:-59.8%;20120510:-44.4%;20060619:-23.9%,
光通信,SH,600596,新安股份,20260922,11.8,-1.91,-5.7,-2.3,13.8,震荡,12.01,12.26,11.67,11.36,1.1,3.8,3.3,0.272,0.271,0.004,,True,43.9,51.6,32.2,49.7,-3.0,55.0,0.82,0.91,4.58,13.18,10.24,16.44,9.53,-28.2,33.0,1,False,False,20220427:-30.9%;20100430:-55.1%;20060411:-12.9%,
光通信,SH,600674,川投能源,20260922,15.93,0.13,-0.9,1.5,2.5,多头,15.91,15.95,15.81,15.51,0.7,2.7,0.7,0.121,0.129,-0.016,死叉(3日前),True,54.4,55.4,54.9,58.2,48.3,66.0,0.83,1.18,0.42,16.25,15.33,16.49,14.07,-3.4,77.0,0,False,False,20150626:-52.1%;20120522:-44.4%;20080508:-23.1%,
光通信,SH,600703,三安光电,20260922,12.87,-0.85,3.5,0.1,-2.6,空头,12.89,12.74,12.93,13.75,-0.4,-6.4,-1.0,-0.197,-0.248,0.102,金叉(4日前),False,50.5,47.0,65.5,52.8,90.8,46.0,0.95,0.91,2.07,13.89,12.14,21.6,10.84,-40.4,19.0,1,False,False,20160715:-37.9%;20140704:-33.5%;20110523:-54.4%,
光通信,SH,600869,远东股份,20260922,22.03,-3.97,0.5,-2.8,36.0,多头,21.91,23.02,21.31,19.17,3.4,14.9,7.1,1.152,1.253,-0.201,死叉(3日前),True,49.5,54.9,28.2,39.6,5.4,58.0,0.84,0.89,10.72,26.68,16.23,35.43,12.62,-37.8,41.0,2,False,False,20151016:-48.3%;20120702:-52.6%;19960430:-19.6%,
光通信,SH,601868,中国能建,20260922,2.43,-0.82,0.4,-2.4,-3.6,空头,2.44,2.45,2.47,2.54,-1.8,-4.2,-0.7,-0.029,-0.028,-0.002,,False,38.2,38.6,27.5,26.0,30.5,16.0,0.76,0.98,0.46,2.54,2.4,2.72,2.4,-10.7,9.0,0,False,False,,
光通信,SH,601869,长飞光纤,20260922,456.6,-0.52,-1.2,9.5,15.7,震荡,459.72,457.2,431.26,388.69,5.9,17.5,5.6,23.058,21.625,2.865,,True,58.7,60.4,66.4,73.9,51.5,72.0,1.05,0.91,3.66,483.8,374.5,542.87,255.55,-15.9,70.0,1,False,False,,
光通信,SH,603042,华脉科技,20260922,17.7,-6.99,13.5,4.3,27.2,多头,17.78,17.27,15.94,13.6,11.0,30.2,6.9,1.136,0.978,0.316,,True,56.8,59.9,72.7,69.7,78.5,77.0,2.41,1.8,30.88,19.03,13.64,19.03,9.58,-7.0,86.0,5,False,False,20260623:-23.8%,
光通信,SH,603083,剑桥科技,20260922,219.0,-1.93,1.2,-1.5,26.2,震荡,222.59,222.61,208.19,186.01,5.2,17.7,6.0,11.881,11.599,0.565,,True,52.2,57.8,53.4,61.8,36.6,66.0,0.83,0.92,7.57,237.87,175.5,257.5,125.7,-15.0,71.0,2,False,False,20200813:-22.3%;20190822:-22.9%;20180823:-30.7%,
光通信,SH,603118,共进股份,20260922,18.2,-2.41,12.1,0.9,12.0,多头,17.83,17.24,17.49,15.88,4.1,14.6,1.4,0.384,0.333,0.102,金叉(2日前),True,60.3,56.2,73.6,60.6,99.5,72.0,0.85,0.97,10.19,18.93,15.45,20.58,11.61,-11.6,73.0,3,True,False,20170606:-55.0%,
光通信,SH,603155,新亚强,20260922,15.29,-0.52,9.2,9.9,14.1,多头,15.22,14.38,14.09,14.46,8.5,5.8,2.8,0.325,0.12,0.41,,True,69.8,61.3,74.1,67.1,88.1,93.0,1.24,1.98,3.12,15.98,12.85,20.33,11.53,-24.8,43.0,1,False,False,20260716:-34.4%;20240618:-29.0%;20220526:-32.8%,
光通信,SH,603181,皇马科技,20260922,12.71,-0.7,4.8,-1.9,0.3,震荡,12.5,12.47,12.71,13.11,-0.0,-3.0,-0.3,-0.148,-0.17,0.045,金叉(2日前),False,59.0,49.6,48.4,34.6,76.1,50.0,0.91,0.99,0.63,13.26,11.97,17.02,11.68,-25.3,19.0,0,False,False,20210915:-30.6%;20200921:-29.9%;20190530:-29.6%,
光通信,SH,603220,中贝通信,20260922,18.76,0.54,7.8,1.2,1.2,多头,18.34,18.2,18.39,18.86,2.0,-0.5,0.1,-0.188,-0.274,0.172,金叉(3日前),False,64.4,52.4,65.6,48.7,99.3,75.0,0.96,0.94,3.0,19.22,17.23,22.21,16.4,-15.5,41.0,0,False,False,20240724:-25.8%,
光通信,SH,603260,合盛硅业,20260922,32.78,0.18,3.0,-2.6,-1.3,震荡,32.56,32.58,33.24,35.51,-1.4,-7.7,-1.4,-0.727,-0.8,0.147,金叉(2日前),False,50.7,44.2,46.6,36.9,65.9,38.0,0.87,0.93,0.52,35.33,31.3,50.88,31.3,-35.6,8.0,0,False,False,20190711:-29.7%,
光通信,SH,603386,骏亚科技,20260922,18.95,5.16,1.6,29.8,36.9,强多头,18.21,17.32,15.75,14.33,20.3,32.3,7.8,1.246,0.916,0.658,,True,78.3,74.0,84.8,83.5,87.4,93.0,1.34,1.62,6.91,19.22,13.48,20.88,10.05,-9.2,82.0,1,False,False,20220707:-31.1%,
光通信,SH,603618,杭电股份,20260922,38.79,-4.65,-5.5,-3.3,33.7,震荡,39.66,40.24,38.21,32.88,1.5,18.0,8.3,2.296,2.469,-0.346,死叉(1日前),True,46.5,55.4,46.9,55.0,30.8,55.0,0.77,0.81,12.54,44.0,31.0,51.99,21.12,-25.4,57.0,3,False,False,20160406:-65.4%,
光通信,SH,603688,石英股份,20260922,49.31,-2.84,2.3,5.2,5.6,震荡,49.47,48.47,48.43,51.09,1.8,-3.5,1.0,-0.107,-0.571,0.929,,False,55.1,51.4,71.5,65.9,82.8,62.0,1.1,1.07,3.3,54.25,44.5,84.74,40.22,-41.8,20.0,1,False,False,20240522:-38.8%;20170524:-32.8%,
光通信,SH,603690,至纯科技,20260922,24.03,-0.7,1.8,1.0,-6.5,空头,24.16,23.79,24.13,25.78,-0.4,-6.8,-1.5,-0.34,-0.439,0.2,金叉(4日前),False,50.1,47.3,69.0,59.7,87.6,46.0,1.01,1.02,4.67,26.22,22.41,38.21,19.46,-37.1,24.0,0,False,False,20230605:-16.4%,
光通信,SH,603703,盛洋科技,20260922,10.59,-2.67,9.2,3.4,5.3,多头,10.43,10.24,10.27,9.65,3.1,9.8,1.9,0.171,0.148,0.047,金叉(2日前),True,59.1,57.0,57.0,48.3,74.5,82.0,1.66,1.41,4.89,11.25,9.6,11.59,7.31,-8.6,77.0,0,False,False,20230619:-28.0%;20160523:-60.2%,
光通信,SH,603920,世运电路,20260922,46.15,-0.62,8.7,17.0,24.2,强多头,44.49,43.03,40.47,38.44,14.0,20.0,4.3,1.891,1.181,1.421,,True,81.6,70.1,86.2,82.8,93.0,97.0,1.16,1.32,4.85,47.0,35.71,48.83,30.6,-5.5,85.0,0,False,False,20210617:-25.9%,
光通信,SH,603938,三孚股份,20260922,49.25,-2.18,-7.4,10.8,18.4,震荡,50.53,49.75,46.41,46.11,6.1,6.8,4.5,1.854,1.351,1.005,,True,52.5,55.9,61.2,68.4,46.9,68.0,0.96,1.15,6.54,55.06,39.12,74.47,33.79,-33.9,38.0,3,False,False,20230511:-28.8%;20220512:-28.6%;20210423:-23.3%,
光通信,SH,605366,宏柏新材,20260922,8.62,0.47,6.6,7.2,11.1,多头,8.54,8.33,8.18,8.46,5.4,1.8,2.0,0.079,-0.004,0.165,,True,67.1,57.9,69.3,63.4,81.1,95.0,1.8,1.36,4.81,8.97,7.62,13.83,6.39,-37.7,30.0,0,False,False,20230601:-30.8%;20220721:-23.5%,
光通信,SH,688025,杰普特,20260922,440.11,-1.54,11.7,12.0,6.0,多头,441.8,419.15,404.94,376.67,8.7,16.8,2.2,16.437,12.147,8.581,金叉(5日前),True,65.2,60.4,78.7,75.0,86.1,86.0,0.7,1.16,2.4,458.98,357.04,473.38,247.0,-7.0,85.0,0,False,False,,
光通信,SH,688048,长光华芯,20260922,351.89,-2.85,16.2,11.5,21.5,多头,343.28,322.23,306.2,323.58,14.9,8.7,3.9,11.042,3.312,15.461,,True,70.2,61.7,81.4,75.0,94.2,96.0,1.01,1.19,5.62,368.88,268.0,509.11,206.0,-30.9,48.0,0,False,False,20230607:-23.4%,
光通信,SH,688143,长盈通,20260922,197.02,-3.93,3.7,17.3,16.7,强多头,196.6,190.81,180.24,142.35,9.3,38.4,6.8,15.025,14.397,1.256,,True,60.2,61.6,75.8,75.3,76.9,81.0,0.89,0.85,10.8,215.0,157.01,215.0,78.34,-8.4,87.0,0,False,False,20230629:-25.7%,
光通信,SH,688167,炬光科技,20260922,295.74,-1.26,7.2,-2.1,11.8,震荡,302.12,297.75,294.07,260.11,0.6,13.7,2.5,9.862,11.232,-2.74,,True,48.8,53.4,57.2,56.8,58.1,53.0,0.55,0.77,3.84,322.24,250.59,356.89,155.5,-17.1,70.0,0,False,False,20260610:-33.6%,
光通信,SH,688195,腾景科技,20260922,194.76,2.45,8.9,-3.8,17.3,多头,191.94,192.06,191.21,160.49,1.9,21.4,3.1,7.014,8.661,-3.294,,True,55.0,56.1,41.7,38.8,47.5,59.0,1.04,0.85,7.17,215.5,161.0,215.5,98.68,-9.6,82.0,0,False,False,20260529:-29.0%,
光通信,SH,688205,德科立,20260922,224.21,-7.78,7.8,5.8,46.6,强多头,224.06,221.38,201.88,166.74,11.1,34.5,9.0,17.328,16.028,2.6,,True,56.3,60.8,64.7,67.1,59.8,73.0,1.26,0.87,11.38,244.0,147.01,244.0,105.01,-8.1,86.0,0,False,False,20250529:-21.3%,
光通信,SH,688260,昀冢科技,20260922,117.0,-5.36,-0.1,26.3,15.8,多头,120.2,113.2,105.34,101.13,11.1,15.7,3.8,4.903,2.671,4.466,,True,57.4,57.6,74.7,74.0,76.0,75.0,1.47,1.31,8.2,133.97,88.5,143.99,53.01,-18.7,70.0,0,False,False,,
光通信,SH,688313,仕佳光子,20260922,164.8,-3.91,12.2,9.7,8.6,多头,165.61,156.61,154.03,140.4,7.0,17.4,1.6,5.862,4.409,2.907,金叉(4日前),True,61.4,59.0,73.6,68.4,84.1,83.0,1.22,1.23,4.84,177.69,140.5,183.97,81.68,-10.4,81.0,0,False,False,,
光通信,SH,688400,凌云光,20260922,46.94,0.02,5.5,-0.6,1.7,多头,46.73,46.01,46.14,48.25,1.7,-2.7,0.1,-0.258,-0.537,0.558,金叉(5日前),False,58.2,51.2,64.1,54.9,82.5,66.0,0.82,0.84,1.74,49.4,42.44,73.98,38.54,-36.6,24.0,0,False,False,,
光通信,SH,688418,震有科技,20260922,31.98,-0.65,3.5,-1.3,-0.8,空头,32.16,31.75,32.01,35.9,-0.1,-10.9,-0.3,-0.747,-1.0,0.507,,False,49.5,45.5,61.3,55.0,73.8,49.0,0.85,1.03,1.16,33.68,29.86,55.86,27.35,-42.7,16.0,0,False,False,,
光通信,SH,688450,光格科技,20260922,33.29,1.43,6.5,1.8,-1.0,震荡,32.5,32.16,32.79,36.44,1.5,-8.7,-0.5,-0.533,-0.741,0.417,金叉(5日前),False,64.1,50.8,67.5,52.3,98.1,64.0,1.08,0.88,2.78,35.58,30.21,70.8,24.19,-53.0,20.0,0,False,False,,
光通信,SH,688485,九州一轨,20260922,120.5,5.16,15.6,24.2,40.7,强多头,112.41,105.47,98.8,72.82,22.0,65.5,7.7,10.403,9.268,2.271,金叉(4日前),True,88.1,76.7,90.5,83.7,104.0,106.0,1.15,1.1,5.76,121.56,81.17,121.56,39.89,-0.9,99.0,0,False,False,,
光通信,SH,688498,源杰科技,20260922,1753.1,-4.65,4.0,2.2,12.9,多头,1792.45,1747.81,1653.72,1549.27,6.0,13.2,3.8,78.366,66.591,23.551,,True,54.4,59.0,65.5,73.5,49.6,71.0,1.06,1.02,2.67,1888.0,1440.03,1919.0,995.01,-8.6,82.0,0,False,False,20260518:-32.8%;20230609:-28.8%,
光通信,SH,688596,正帆科技,20260922,65.18,-1.15,4.9,2.6,-7.7,震荡,65.86,63.24,64.97,63.57,0.3,2.5,-0.8,0.213,0.098,0.229,金叉(2日前),True,53.1,51.5,68.5,61.6,82.2,51.0,0.62,0.9,3.96,74.68,55.2,88.66,39.0,-26.5,53.0,0,False,False,,
光通信,SH,688609,九联科技,20260922,9.7,0.73,6.2,5.8,8.7,多头,9.67,9.34,9.23,9.3,5.1,4.2,2.1,0.096,0.009,0.175,,True,67.2,58.7,62.4,58.0,71.3,90.0,1.02,1.6,3.41,10.2,8.66,11.29,7.79,-14.1,55.0,0,False,False,,
光通信,SH,688628,优利德,20260922,95.37,8.78,28.9,15.3,16.8,强多头,83.16,80.27,79.99,75.85,19.2,25.7,0.5,2.484,1.351,2.266,金叉(2日前),True,83.9,69.2,77.4,63.6,105.0,132.0,2.52,1.42,10.61,97.36,61.5,102.88,53.28,-7.3,85.0,0,False,False,,
光通信,SH,688635,长进光子,20260922,284.52,-1.5,5.0,-1.6,-10.2,震荡,286.43,279.85,282.82,298.56,0.6,-4.7,-3.0,-4.729,-6.904,4.35,金叉(4日前),False,51.4,48.3,63.8,55.1,81.3,54.0,1.05,1.08,11.47,318.57,254.0,453.02,199.11,-37.2,34.0,0,False,False,,
光通信,SH,688668,鼎通科技,20260922,254.0,-4.57,2.7,-4.1,2.4,震荡,262.65,257.49,258.4,261.59,-1.7,-2.9,1.5,0.933,0.327,1.212,金叉(4日前),True,43.5,48.3,59.9,57.5,64.7,36.0,1.14,0.97,3.54,276.62,235.1,381.62,171.21,-33.4,39.0,0,False,False,20240527:-28.0%,
光通信,SH,688808,联讯仪器,20260922,2316.0,-0.99,0.4,-12.7,4.8,震荡,2363.4,2390.36,2415.22,2179.55,-4.1,6.3,1.0,37.04,65.976,-57.872,,True,39.8,48.5,22.5,27.6,12.2,27.0,0.84,1.06,3.96,2733.0,2123.0,2733.0,1461.1,-15.3,67.0,0,False,False,,
光通信,BJ,920008,成电光信,20260922,22.25,-2.46,-2.8,4.9,16.6,多头,22.19,22.75,21.7,20.15,2.5,10.4,3.8,0.677,0.717,-0.081,死叉(1日前),True,49.8,54.5,29.6,36.9,15.1,59.0,0.62,0.94,3.94,25.82,18.73,25.82,16.83,-13.8,60.0,0,False,False,,
光通信,BJ,920045,蘅东光,20260922,533.38,-3.59,-7.9,-3.0,10.8,震荡,559.92,559.51,528.6,413.37,0.9,29.0,7.5,39.588,43.582,-7.988,死叉(2日前),True,42.9,55.5,48.4,59.9,25.4,53.0,0.88,0.91,5.7,619.97,444.01,638.0,209.43,-16.4,76.0,0,False,False,,
光通信,BJ,920171,志晟信息,20260922,16.26,-0.85,5.1,-3.3,2.2,震荡,15.9,15.85,16.54,19.28,-1.7,-15.7,-0.2,-0.589,-0.702,0.225,金叉(3日前),False,54.9,44.3,47.0,30.9,79.1,42.0,0.6,0.54,2.26,18.8,15.18,29.99,15.18,-45.8,7.0,0,False,False,20220627:-33.7%,
光通信,BJ,920682,球冠电缆,20260922,5.84,-0.85,0.0,-3.6,1.7,震荡,5.82,5.93,5.93,5.88,-1.6,-0.6,0.5,0.004,0.033,-0.058,,True,44.5,48.1,28.0,28.9,26.3,34.0,0.54,0.61,0.65,6.28,5.67,7.0,5.38,-16.6,28.0,0,True,False,20260722:-53.3%,
光通信,BJ,920879,基康技术,20260922,12.38,-0.08,3.1,-7.5,-1.7,震荡,12.27,12.34,12.81,12.9,-3.3,-4.0,-0.5,-0.208,-0.146,-0.124,,False,45.9,43.7,31.0,24.9,43.4,30.0,0.9,0.8,0.72,14.16,11.86,14.62,11.86,-15.3,19.0,0,False,False,20260722:-46.9%,
CPO概念,SZ,000021,深科技,20260922,37.01,-0.56,9.1,5.8,0.5,震荡,36.58,35.71,35.91,40.88,3.1,-9.5,-0.5,-0.68,-1.123,0.885,金叉(5日前),False,60.9,50.6,72.9,58.9,101.0,73.0,1.13,1.3,5.02,38.47,33.4,66.2,31.82,-44.1,15.0,0,False,False,20100610:-34.2%;20060615:-17.9%;19990510:-24.6%,
CPO概念,SZ,000062,深圳华强,20260922,23.47,-1.22,5.2,-0.8,6.0,多头,23.17,22.98,23.43,24.32,0.2,-3.5,1.1,-0.157,-0.221,0.128,金叉(2日前),False,56.4,50.8,56.4,43.7,81.9,51.0,0.92,0.85,2.35,25.0,21.96,34.2,20.54,-31.4,21.0,1,False,False,20190510:-31.5%;19990601:-21.1%;19981117:-15.2%,
CPO概念,SZ,000070,特发信息,20260922,18.63,-1.84,11.5,12.9,15.9,强多头,18.1,17.4,16.68,15.59,11.7,19.5,5.0,0.783,0.545,0.474,,True,70.5,64.8,77.5,74.8,82.9,100.0,1.51,1.38,15.63,19.66,15.26,21.0,11.57,-11.3,75.0,0,False,False,20190516:-16.9%;20170607:-50.0%;20060110:-16.7%,
CPO概念,SZ,000636,风华高科,20260922,57.75,-2.53,0.4,15.9,12.5,多头,58.09,56.34,54.04,54.91,6.9,5.2,2.2,0.944,0.172,1.546,,True,57.8,54.9,74.3,71.3,80.4,75.0,1.01,1.11,10.79,61.75,47.97,76.8,37.69,-24.8,51.0,1,False,False,20060406:-26.2%;20000912:-33.2%;19990909:-33.2%,
CPO概念,SZ,000725,京东方Ａ,20260922,6.0,-1.15,13.9,7.9,4.5,震荡,5.84,5.61,5.7,6.16,5.3,-2.6,-0.2,-0.032,-0.106,0.147,金叉(4日前),False,70.7,56.6,74.4,57.6,107.8,81.0,1.32,1.55,4.2,6.18,5.21,9.5,5.21,-36.8,18.0,0,False,False,20110620:-16.7%;20090610:14.9%;20051130:-27.4%,
CPO概念,SZ,000733,振华科技,20260922,41.33,-0.65,1.0,2.7,4.4,多头,41.14,40.91,40.85,42.27,1.2,-2.2,1.1,-0.07,-0.256,0.372,,False,57.7,52.0,64.9,61.2,72.2,77.0,0.99,1.12,1.85,42.3,39.63,62.3,37.05,-33.7,17.0,0,False,False,20060717:-21.2%;19980622:-36.9%,
CPO概念,SZ,000818,航锦科技,20260922,12.25,-0.97,6.4,-0.1,2.1,震荡,11.93,11.89,12.13,12.86,1.0,-4.7,-0.0,-0.211,-0.263,0.103,金叉(2日前),False,61.3,50.1,61.6,43.1,98.7,59.0,1.28,1.15,2.54,12.66,11.33,16.95,11.33,-27.7,16.0,0,False,False,20110311:-25.1%;20060313:-32.7%,
CPO概念,SZ,000823,超声电子,20260922,25.22,0.08,5.5,52.6,69.7,强多头,24.63,22.59,19.0,16.76,32.7,50.5,15.0,2.582,1.806,1.553,,True,78.7,75.7,88.5,88.5,88.7,88.0,1.85,1.62,34.23,26.46,14.34,28.22,11.6,-10.6,82.0,4,False,False,20060320:-21.8%;19980923:-36.1%,
CPO概念,SZ,000938,紫光股份,20260922,33.77,-0.21,2.7,-0.4,-3.8,震荡,33.67,33.34,34.93,36.18,-3.3,-6.7,-1.2,-0.847,-0.781,-0.133,,False,47.4,45.0,56.6,40.3,89.4,35.0,0.82,0.89,4.09,39.55,31.9,45.8,28.7,-26.3,30.0,0,False,False,20200825:-28.4%;20190527:-28.8%;20180705:-28.4%,
CPO概念,SZ,000988,华工科技,20260922,107.09,-2.21,6.9,6.5,1.7,震荡,107.23,105.48,103.45,114.37,3.5,-6.4,0.7,-0.481,-1.786,2.61,,False,56.8,51.6,70.7,64.7,82.8,75.0,1.07,1.09,5.17,111.44,94.61,187.66,90.23,-42.9,17.0,0,False,False,20120713:-50.6%;20090929:-19.7%;20051122:-29.1%,
CPO概念,SZ,001267,汇绿生态,20260922,38.19,-2.58,9.1,1.8,0.1,震荡,37.75,36.77,37.33,37.82,2.3,1.0,0.0,-0.208,-0.485,0.556,金叉(3日前),False,58.3,52.0,69.7,56.8,95.7,65.0,1.03,1.06,4.99,42.4,33.78,53.85,27.11,-29.1,41.0,1,False,False,,
CPO概念,SZ,001309,德明利,20260922,411.57,-0.83,6.6,-1.3,3.7,多头,407.52,404.21,408.81,487.37,0.7,-15.6,0.4,-8.957,-13.446,8.98,,False,55.9,48.3,56.7,44.9,80.1,55.0,1.02,0.95,7.23,448.25,381.0,976.0,334.0,-57.8,12.0,1,False,False,20250710:-28.7%;20240426:-22.8%;20230713:-28.3%,
CPO概念,SZ,001389,广合科技,20260922,198.65,6.84,16.2,17.4,31.5,多头,178.8,175.93,167.36,167.99,18.7,18.3,4.1,5.642,2.687,5.909,,True,85.5,70.7,75.6,71.6,83.6,119.0,3.6,1.62,17.99,204.52,148.28,236.59,131.4,-16.0,64.0,2,False,False,,
CPO概念,SZ,002023,海特高新,20260922,10.06,0.4,6.6,3.3,0.3,震荡,9.72,9.66,9.8,10.12,2.7,-0.6,-0.8,-0.103,-0.147,0.087,金叉(2日前),False,70.7,54.7,47.0,32.0,77.1,78.0,2.39,1.36,3.72,10.42,9.4,13.67,8.12,-26.4,35.0,0,False,False,20150508:-49.2%;20100511:-28.0%;20080416:-37.5%,
CPO概念,SZ,002025,航天电器,20260922,73.2,-1.39,6.4,11.6,20.7,多头,73.03,68.98,66.91,68.41,9.4,7.0,4.5,2.091,0.975,2.232,,True,71.7,62.3,79.0,76.4,84.0,89.0,0.92,1.19,2.64,78.0,60.27,95.88,54.97,-23.7,45.0,0,False,False,20150625:-23.8%;20080528:-50.2%;20060407:-33.7%,
CPO概念,SZ,002036,联创电子,20260922,6.37,0.63,3.6,-5.9,-6.5,震荡,6.35,6.35,6.65,6.84,-4.2,-6.9,-1.0,-0.178,-0.161,-0.035,,False,44.5,42.4,38.7,29.9,56.3,30.0,0.82,1.02,2.61,7.43,6.06,8.15,5.9,-21.8,21.0,0,False,False,20200529:-22.9%;20190628:-22.9%;20090508:-35.8%,
CPO概念,SZ,002049,紫光国微,20260922,61.86,0.8,4.5,0.7,0.7,震荡,60.93,60.4,61.49,67.15,0.6,-7.9,-0.4,-1.252,-1.613,0.722,金叉(5日前),False,62.9,47.4,64.8,47.7,99.1,57.0,1.33,1.07,1.7,63.93,58.5,91.79,58.5,-32.6,10.0,0,False,False,20220824:-26.8%;20140616:-49.7%;20081103:-35.0%,
CPO概念,SZ,002055,ST得润,20260922,6.99,0.43,4.8,10.6,13.1,强多头,6.76,6.65,6.44,6.04,8.6,15.6,3.3,0.246,0.201,0.088,,True,78.3,70.4,73.8,71.6,78.1,103.0,2.14,1.3,4.68,7.3,6.04,7.3,4.79,-4.2,88.0,0,False,False,20120507:-50.2%;20100526:-23.4%;20090630:-23.1%,
CPO概念,SZ,002138,顺络电子,20260922,54.35,1.84,10.1,13.0,14.4,多头,52.26,50.33,48.86,49.41,11.2,10.0,2.1,1.098,0.334,1.528,,True,76.6,62.6,83.5,78.3,93.9,104.0,1.28,1.11,4.79,55.86,44.06,79.72,36.71,-31.8,41.0,1,False,False,20150408:-50.2%;20120511:-33.7%;20100826:-33.9%,
CPO概念,SZ,002156,通富微电,20260922,63.52,3.82,10.8,8.9,4.3,震荡,60.72,59.24,60.03,64.25,5.8,-1.1,-0.8,-0.648,-1.289,1.283,金叉(4日前),False,73.9,56.2,68.3,54.8,95.1,87.0,2.05,1.31,9.36,66.07,56.22,84.7,51.23,-25.0,37.0,0,False,False,20160531:-24.4%;20110429:-37.6%;20090522:-24.1%,
CPO概念,SZ,002179,中航光电,20260922,35.18,-1.26,1.4,3.4,5.4,震荡,35.19,34.95,34.75,35.57,1.2,-1.1,1.0,0.059,-0.087,0.294,,True,55.3,52.4,57.7,52.4,68.3,69.0,0.87,1.0,0.8,36.25,33.25,46.57,31.88,-24.5,22.0,0,False,False,20230516:-23.7%;20220613:-27.4%;20190517:-22.4%,
CPO概念,SZ,002184,海得控制,20260922,9.98,-0.6,4.9,-0.1,-1.8,震荡,9.8,9.75,9.93,9.74,0.5,2.5,-0.3,-0.031,-0.03,-0.001,,False,62.3,53.5,57.7,40.8,91.5,55.0,1.33,1.13,1.85,10.33,9.45,10.95,8.52,-8.9,60.0,0,False,False,20210616:-32.6%;20080619:-51.6%,
CPO概念,SZ,002185,华天科技,20260922,18.28,-1.46,11.7,14.5,8.6,多头,17.62,16.92,16.66,18.14,9.7,0.8,0.7,0.081,-0.243,0.647,,True,71.6,59.6,81.3,73.4,97.0,101.0,1.86,1.67,12.19,18.95,15.45,26.81,14.7,-31.8,30.0,1,False,False,20190711:-14.1%;20170620:-50.2%;20160617:-23.0%,
CPO概念,SZ,002194,武汉凡谷,20260922,10.97,-1.88,1.5,-1.0,8.5,震荡,11.01,11.01,10.61,9.72,3.4,12.9,2.5,0.295,0.282,0.026,,True,53.0,55.9,40.7,48.8,24.6,69.0,0.69,1.0,6.22,11.95,9.8,11.95,7.8,-8.2,76.0,1,False,False,20200601:-14.8%;20090430:-24.9%;20080428:-52.0%,
CPO概念,SZ,002222,福晶科技,20260922,71.15,1.99,12.1,7.0,11.6,强多头,69.58,67.42,67.25,65.59,5.8,8.5,2.4,1.113,0.615,0.996,金叉(5日前),True,73.6,60.0,79.5,68.5,101.6,97.0,1.61,1.38,7.28,72.68,62.28,92.16,47.3,-22.8,53.0,0,False,False,20160520:-34.9%;20110504:-35.2%,
CPO概念,SZ,002273,水晶光电,20260922,25.85,0.94,8.1,2.5,1.9,震荡,25.24,24.98,25.44,27.64,1.6,-6.5,-1.1,-0.517,-0.697,0.36,金叉(3日前),False,63.8,50.1,63.4,48.2,93.7,64.0,1.21,1.04,2.63,27.28,23.8,42.18,23.8,-38.7,11.0,0,False,False,20190724:-23.0%;20180523:-23.0%;20160516:-33.6%,
CPO概念,SZ,002281,光迅科技,20260922,190.37,-1.75,13.1,5.8,13.8,多头,191.19,183.57,179.66,188.07,6.0,1.2,2.6,2.073,-0.399,4.943,,True,60.3,55.0,72.1,64.9,86.7,82.0,0.95,1.28,3.81,199.48,163.0,264.88,152.33,-28.1,34.0,2,False,False,20170414:-67.5%,
CPO概念,SZ,002384,东山精密,20260922,198.12,1.59,8.4,6.3,3.8,震荡,194.96,192.7,191.12,204.94,3.7,-3.3,-0.1,-1.138,-2.782,3.289,,False,63.5,52.9,61.6,58.4,68.0,78.0,1.33,1.08,5.72,208.5,176.75,280.08,161.8,-29.3,31.0,0,False,False,20180828:-33.0%;20140617:-49.4%;20120606:-49.8%,
CPO概念,SZ,002396,星网锐捷,20260922,37.72,-0.05,6.9,1.0,22.3,多头,38.28,36.79,37.02,31.68,1.9,19.1,5.1,1.529,1.693,-0.329,,True,54.9,57.1,68.4,61.9,81.3,57.0,0.87,1.05,11.82,41.95,29.53,41.95,19.51,-10.1,81.0,4,False,False,20260525:-23.5%;20150529:-33.7%;20110628:-50.3%,
CPO概念,SZ,002429,兆驰股份,20260922,8.25,-0.36,4.7,3.6,3.9,多头,8.18,8.06,8.08,8.44,2.1,-2.3,0.2,-0.039,-0.092,0.106,,False,61.8,52.4,75.8,66.0,95.4,73.0,1.01,1.01,1.11,8.62,7.68,11.7,7.05,-29.5,26.0,0,False,False,20170609:-60.2%;20140611:-33.0%;20130621:-35.0%,
CPO概念,SZ,002436,兴森科技,20260922,44.23,-0.23,8.2,10.2,32.8,强多头,43.09,41.48,38.48,36.68,14.9,20.6,6.3,2.271,1.603,1.337,,True,75.3,66.5,77.6,80.9,70.8,91.0,1.33,1.05,11.58,48.76,32.31,53.24,26.0,-16.9,67.0,1,False,False,20161028:-66.5%;20150520:-49.9%;20110513:-50.7%,
CPO概念,SZ,002456,欧菲光,20260922,6.96,-1.14,1.0,-6.6,-2.8,震荡,6.99,7.02,7.31,7.6,-4.8,-8.4,0.1,-0.141,-0.118,-0.047,,False,33.0,40.3,29.3,23.6,40.7,23.0,0.85,0.75,1.99,8.07,6.8,10.1,6.61,-31.1,10.0,0,False,False,20170612:-60.5%;20140422:-50.8%;20130416:-50.3%,
CPO概念,SZ,002475,立讯精密,20260922,54.84,0.73,6.2,-0.4,-0.0,震荡,53.68,53.85,55.12,57.59,-0.5,-4.8,-0.2,-0.93,-1.037,0.214,金叉(1日前),False,56.5,48.8,55.1,40.5,84.3,46.0,0.9,0.89,1.14,58.44,51.0,70.77,51.0,-22.5,19.0,0,False,False,20200617:-22.3%;20190705:-22.5%;20180717:-22.8%,
CPO概念,SZ,002515,金字火腿,20260922,7.75,-2.52,8.7,-2.5,-7.2,震荡,7.66,7.55,7.76,7.87,-0.1,-1.5,-1.5,-0.053,-0.062,0.018,金叉(1日前),False,54.4,50.6,59.6,46.9,85.2,50.0,0.6,0.66,5.07,8.88,6.94,10.75,6.3,-27.9,33.0,2,False,False,20170522:-37.5%;20160727:-35.5%;20150522:-48.7%,
CPO概念,SZ,002579,中京电子,20260922,18.88,-2.98,1.5,10.7,35.6,多头,19.67,18.64,16.6,15.17,13.8,24.4,8.7,1.399,1.086,0.627,,True,57.8,62.7,66.7,75.0,50.0,74.0,1.01,1.37,19.51,21.6,13.32,22.49,9.98,-16.1,71.0,3,False,False,20210615:-15.7%;20150626:-37.9%;20130517:-35.3%,
CPO概念,SZ,002600,领益智造,20260922,12.65,0.88,0.3,1.8,3.9,震荡,12.55,12.69,12.64,13.04,0.1,-3.0,0.7,-0.036,-0.045,0.019,,False,51.1,49.4,31.2,34.6,24.4,51.0,0.78,0.75,1.15,13.67,12.14,18.54,11.02,-31.8,22.0,0,False,False,20170809:-45.5%;20150410:-50.2%,
CPO概念,SZ,002635,安洁科技,20260922,15.26,0.66,3.8,2.9,-2.4,震荡,15.01,14.83,15.13,15.51,0.9,-1.6,-0.7,-0.101,-0.132,0.062,金叉(2日前),False,65.2,52.1,70.7,57.9,96.3,58.0,0.97,0.79,3.23,16.22,13.93,24.74,12.05,-38.3,25.0,0,False,False,20170519:-33.7%;20150424:-50.0%;20130520:-34.0%,
CPO概念,SZ,002741,光华科技,20260922,26.78,1.48,7.2,12.1,7.2,多头,25.86,24.97,24.69,25.6,8.5,4.6,0.4,0.212,-0.121,0.667,,True,76.7,60.4,80.9,68.0,106.6,102.0,1.75,1.49,9.97,26.98,22.5,36.96,19.81,-27.5,41.0,0,False,False,20151102:-68.5%,
CPO概念,SZ,002787,华源控股,20260922,26.73,0.98,15.8,10.3,25.4,强多头,25.97,24.81,23.77,23.33,12.4,14.6,5.2,0.99,0.636,0.706,,True,78.3,65.6,81.0,75.0,93.1,97.0,1.15,1.29,8.66,27.93,20.62,34.99,17.33,-23.6,53.0,2,False,False,20170925:-52.0%,
CPO概念,SZ,002792,通宇通讯,20260922,34.97,1.24,18.7,10.5,12.3,强多头,32.55,31.32,30.92,30.67,13.1,14.0,1.1,0.405,-0.088,0.986,金叉(4日前),True,83.3,64.3,70.4,54.0,103.2,121.0,2.28,1.46,19.37,36.16,28.88,40.52,21.44,-13.7,71.0,1,False,False,20240618:-24.0%;20190618:-33.4%;20160607:-34.5%,
CPO概念,SZ,002796,世嘉科技,20260922,31.3,-1.36,13.6,5.7,6.1,多头,31.38,29.86,29.76,30.04,5.2,4.2,1.5,0.255,-0.114,0.737,金叉(4日前),True,60.7,55.4,72.1,60.0,96.1,80.0,1.1,1.54,5.42,32.68,27.23,41.8,23.03,-25.1,44.0,1,False,False,20200528:-32.6%;20190401:-33.7%,
CPO概念,SZ,002815,崇达技术,20260922,25.39,6.32,17.2,48.7,88.9,强多头,23.96,21.9,18.39,15.21,38.1,67.0,16.9,2.779,2.034,1.49,,True,93.6,87.3,88.7,89.7,86.8,94.0,1.08,1.25,11.88,26.26,13.03,26.26,10.7,-3.3,94.0,2,False,False,20180504:-51.0%,
CPO概念,SZ,002897,意华股份,20260922,69.32,-1.7,-7.6,7.8,20.1,多头,70.24,68.87,63.93,64.11,8.4,8.1,5.5,2.851,1.999,1.704,,True,56.6,58.2,63.5,70.6,49.3,73.0,0.85,1.14,7.12,76.36,54.6,91.0,49.38,-23.8,48.0,1,False,False,20180606:-36.1%,
CPO概念,SZ,002902,铭普光磁,20260922,29.18,-3.38,-0.1,8.4,19.3,震荡,29.91,29.45,27.8,25.44,5.0,14.7,5.2,1.301,1.123,0.355,,True,50.8,56.3,66.6,73.7,52.6,67.0,1.12,1.51,16.27,32.08,23.71,32.08,18.49,-9.0,79.0,2,False,False,20190612:-31.3%,
CPO概念,SZ,002906,华阳集团,20260922,27.97,0.68,3.4,-0.8,2.0,多头,27.65,27.33,27.52,25.89,1.6,8.0,0.8,0.338,0.384,-0.093,,True,61.3,57.1,63.7,51.7,87.6,65.0,0.69,0.69,1.13,29.58,26.06,29.86,22.5,-6.3,74.0,0,False,False,,
CPO概念,SZ,002938,鹏鼎控股,20260922,89.25,-1.38,0.5,-0.2,2.1,震荡,90.03,90.42,89.22,91.67,0.0,-2.6,0.6,-0.332,-0.573,0.483,,False,46.0,48.3,33.2,41.7,16.3,50.0,0.86,0.99,0.81,97.0,82.48,112.62,76.05,-20.8,36.0,0,False,False,,
CPO概念,SZ,002957,科瑞技术,20260922,45.43,5.95,17.2,9.9,10.8,强多头,43.05,41.29,40.77,40.38,11.4,12.5,1.3,0.698,0.164,1.067,金叉(5日前),True,77.2,62.0,85.3,72.0,111.9,112.0,2.69,1.49,11.42,45.51,36.9,55.69,29.49,-18.4,61.0,2,False,False,,
CPO概念,SZ,002967,广电计量,20260922,17.07,-0.76,0.6,-2.1,-0.5,空头,17.09,17.08,17.25,17.34,-1.1,-1.6,-0.2,-0.092,-0.079,-0.025,,False,44.6,45.9,49.2,40.4,67.0,31.0,0.87,0.8,0.5,18.06,16.61,19.55,15.83,-12.7,33.0,0,False,False,20200427:-37.5%,
CPO概念,SZ,002980,华盛昌,20260922,113.1,-4.52,-4.1,-12.9,19.7,震荡,119.1,123.13,114.36,98.08,-1.1,15.3,5.3,6.421,7.536,-2.232,死叉(2日前),True,40.9,51.3,28.3,45.1,-5.3,47.0,1.24,1.14,14.72,137.37,91.28,137.37,62.06,-17.7,68.0,5,False,False,20250609:-29.7%,
CPO概念,SZ,002993,奥海科技,20260922,36.05,-0.74,1.8,-3.0,-4.8,空头,36.15,36.13,37.02,41.58,-2.6,-13.3,-1.0,-1.043,-1.206,0.327,,False,43.6,42.1,44.1,36.5,59.1,27.0,1.02,0.89,2.08,39.49,34.65,75.66,33.02,-52.4,7.0,0,False,False,20210429:-23.5%,
CPO概念,SZ,003028,振邦智能,20260922,23.85,0.34,6.3,1.7,3.8,多头,23.38,23.11,23.13,22.41,3.1,6.4,1.1,0.215,0.163,0.105,金叉(2日前),True,67.6,59.4,51.3,40.7,72.6,98.0,1.0,1.18,1.74,24.66,22.2,25.0,19.76,-4.6,78.0,0,False,False,20250529:-23.8%,
CPO概念,SZ,003031,中瓷电子,20260922,133.66,-2.4,6.8,12.6,4.4,多头,136.25,128.81,125.76,124.39,6.3,7.5,0.7,2.835,1.23,3.209,金叉(5日前),True,60.1,56.3,73.4,70.5,79.1,78.0,1.05,1.26,2.49,143.42,112.4,181.2,89.09,-26.2,48.0,1,False,False,20240611:-29.3%;20220610:-29.0%;20210610:-29.0%,
CPO概念,SZ,300077,国民技术,20260922,22.7,0.84,14.2,14.4,12.3,多头,21.56,20.58,20.51,20.8,10.7,9.1,2.5,0.438,0.122,0.632,金叉(4日前),True,81.9,67.4,78.9,64.0,108.7,108.0,1.51,1.44,9.69,23.3,18.83,33.51,15.7,-32.3,39.0,0,False,False,20160401:-50.3%;20110517:-61.6%,
CPO概念,SZ,300101,振芯科技,20260922,14.19,0.92,3.2,-2.1,-0.5,震荡,13.99,14.02,14.23,14.62,-0.3,-3.0,-0.1,-0.168,-0.174,0.013,金叉(1日前),False,57.1,48.0,41.4,30.9,62.6,46.0,1.35,0.97,1.37,14.89,13.64,17.15,13.26,-17.3,24.0,0,False,False,20150925:-50.5%;20120426:-49.9%;20110418:-50.6%,
CPO概念,SZ,300102,乾照光电,20260922,16.96,-1.34,1.2,-4.4,-5.6,空头,17.13,17.1,17.49,18.49,-3.0,-8.3,-1.0,-0.385,-0.399,0.028,金叉(3日前),False,40.6,42.2,34.2,30.8,41.0,20.0,1.21,1.02,2.24,18.4,16.71,26.5,14.6,-36.0,20.0,0,False,False,20150601:-49.2%;20110506:-60.2%,
CPO概念,SZ,300131,英唐智控,20260922,15.58,-0.83,-0.2,1.7,-4.3,空头,15.88,15.85,16.05,16.18,-2.9,-3.7,-0.9,-0.119,-0.087,-0.065,,False,42.2,46.3,44.2,44.6,43.2,25.0,0.91,0.94,5.44,17.65,14.9,21.0,11.91,-25.8,40.0,0,False,False,20160315:-51.3%;20150330:-45.3%;20130621:-50.4%,
CPO概念,SZ,300252,金信诺,20260922,12.72,-1.85,0.4,2.7,9.2,震荡,12.79,12.8,12.44,12.23,2.3,4.0,2.8,0.223,0.184,0.076,,True,51.3,53.5,49.7,53.0,43.1,65.0,0.8,0.9,5.94,13.57,11.36,17.65,9.76,-27.9,38.0,0,False,False,20180620:-23.5%;20150515:-60.5%;20130716:-33.1%,
CPO概念,SZ,300285,国瓷材料,20260922,66.2,-1.75,-0.6,9.7,4.7,震荡,67.02,65.1,64.87,67.67,2.1,-2.2,1.0,-0.005,-0.584,1.159,,False,53.6,51.0,69.8,66.7,75.8,61.0,0.96,1.02,8.74,71.87,58.41,108.47,47.77,-39.0,30.0,0,False,False,20190403:-33.4%;20170606:-49.3%;20150612:-47.6%,
CPO概念,SZ,300287,飞利信,20260922,3.7,1.65,3.6,-1.9,4.2,多头,3.59,3.61,3.65,3.72,1.5,-0.5,0.6,-0.024,-0.027,0.006,金叉(1日前),False,63.1,52.9,49.9,36.5,76.6,68.0,1.74,1.0,3.64,3.83,3.48,4.43,3.26,-16.5,38.0,0,False,False,20150923:-55.0%;20150508:-50.4%;20140613:-50.6%,
CPO概念,SZ,300303,聚飞光电,20260922,6.98,0.14,3.6,1.0,0.1,震荡,6.93,6.87,6.94,7.34,0.6,-4.9,-0.1,-0.088,-0.125,0.074,,False,59.9,48.8,68.6,58.7,88.6,59.0,1.33,1.06,3.18,7.32,6.56,10.96,6.35,-36.3,14.0,0,False,False,20170517:-44.7%;20150424:-56.7%;20140523:-23.8%,
CPO概念,SZ,300308,中际旭创,20260922,927.72,-1.41,7.4,2.8,9.7,多头,919.79,906.1,879.89,967.1,5.4,-4.1,0.8,-1.909,-13.948,24.078,,False,59.8,52.9,68.5,67.6,70.2,82.0,0.92,0.95,2.12,974.99,804.02,1315.57,793.03,-29.5,26.0,0,False,False,20240606:-26.1%;20190604:-27.7%;20141008:-44.2%,
CPO概念,SZ,300310,宜通世纪,20260922,4.44,2.07,4.2,-1.3,-0.4,多头,4.33,4.34,4.41,4.3,0.7,3.3,0.1,-0.016,-0.01,-0.012,,False,66.2,54.0,50.9,34.6,83.5,58.0,1.45,1.0,3.13,4.7,4.19,4.71,3.81,-5.7,70.0,0,False,False,20170426:-44.5%;20160526:-37.1%;20120926:-50.6%,
CPO概念,SZ,300319,麦捷科技,20260922,21.27,-1.12,-5.0,7.6,19.6,多头,21.52,21.25,20.36,19.02,4.5,11.8,4.7,0.848,0.772,0.151,,True,54.5,57.1,62.9,68.3,52.0,68.0,0.8,1.0,11.72,22.88,17.25,31.89,12.72,-33.3,45.0,0,False,False,20170619:-66.5%;20150105:-56.0%,
CPO概念,SZ,300323,华灿光电,20260922,11.84,-1.58,12.4,4.6,4.2,震荡,11.53,11.11,11.28,12.47,4.9,-5.0,-1.0,-0.154,-0.315,0.323,金叉(4日前),False,67.0,53.6,71.0,56.0,100.8,78.0,0.98,1.09,6.26,12.33,10.15,22.7,9.95,-47.8,15.0,0,True,False,20150827:-40.0%;20140728:-40.0%;20130704:-34.3%,
CPO概念,SZ,300351,永贵电器,20260922,14.17,-1.39,3.2,-2.1,-0.4,震荡,14.22,14.18,14.33,14.13,-1.1,0.3,0.9,-0.024,-0.012,-0.024,,False,46.5,48.4,51.1,43.4,66.5,36.0,0.87,0.76,2.19,15.52,13.56,17.98,10.9,-21.2,46.0,0,False,False,20150409:-54.6%;20140527:-34.1%;20130524:-25.5%,
CPO概念,SZ,300394,天孚通信,20260922,275.84,-1.22,7.2,6.7,7.3,多头,277.28,268.97,263.09,245.56,4.8,12.3,1.0,7.118,5.661,2.914,金叉(4日前),True,59.2,57.2,68.9,67.4,72.0,81.0,0.74,1.02,2.63,292.07,237.8,304.0,155.55,-9.3,81.0,0,False,False,20260612:-26.5%;20250609:-26.4%;20240530:-29.3%,
CPO概念,SZ,300408,三环集团,20260922,129.48,-0.28,2.6,12.4,18.7,多头,129.63,126.0,118.75,119.65,9.0,8.2,4.2,3.526,1.785,3.483,,True,70.4,61.5,73.3,78.1,63.8,83.0,0.99,1.0,2.51,139.5,106.1,177.77,86.03,-27.2,47.0,0,False,False,20160418:-51.2%;20150522:-48.0%,
CPO概念,SZ,300447,全信股份,20260922,14.31,-0.62,3.5,0.0,5.5,强多头,14.26,14.24,14.21,13.71,0.7,4.4,1.5,0.117,0.125,-0.016,,True,54.6,54.2,58.5,52.0,71.5,61.0,0.89,0.96,1.66,14.64,13.42,15.34,11.67,-6.7,72.0,0,False,False,20170519:-40.8%;20160616:-50.6%,
CPO概念,SZ,300456,赛微电子,20260922,38.42,2.05,13.3,2.2,23.8,多头,36.74,35.97,37.05,34.32,3.7,11.9,3.9,0.699,0.71,-0.022,,True,69.1,60.1,62.0,46.1,93.8,64.0,1.31,0.94,9.63,41.8,30.38,46.3,26.22,-17.0,61.0,1,False,False,20190704:-47.2%;20180607:-33.3%;20160606:-45.4%,
CPO概念,SZ,300460,ST惠伦,20260922,8.96,1.7,6.9,1.6,5.9,多头,8.74,8.68,8.71,8.86,2.9,1.2,0.9,0.023,-0.001,0.05,金叉(2日前),True,66.2,56.4,70.5,55.7,99.9,91.0,1.19,0.97,1.2,9.01,8.31,11.3,7.64,-20.7,36.0,0,False,False,20200618:-28.6%,
CPO概念,SZ,300476,胜宏科技,20260922,242.1,-2.38,7.1,5.7,-1.2,震荡,234.08,231.39,233.69,248.58,3.6,-2.6,-1.5,-3.909,-6.214,4.61,金叉(3日前),False,61.3,52.0,60.3,48.5,83.8,70.0,1.57,1.31,5.43,264.94,217.44,353.97,177.88,-31.6,36.0,0,False,False,20180316:-44.5%;20160503:-60.6%,
CPO概念,SZ,300480,光力科技,20260922,32.38,-1.13,4.4,9.5,1.3,震荡,32.43,31.26,30.78,32.36,5.2,0.1,-0.3,0.081,-0.306,0.774,,True,62.2,54.2,82.9,78.3,92.2,81.0,0.89,0.94,4.11,33.56,27.81,46.4,21.4,-30.2,44.0,0,False,False,20220531:-22.9%;20160527:-50.9%,
CPO概念,SZ,300502,新易盛,20260922,455.0,-0.38,14.6,9.3,13.5,多头,440.95,425.24,412.75,449.74,10.2,1.2,1.5,3.351,-4.6,15.902,,True,74.6,59.3,74.4,67.9,87.3,102.0,0.99,1.06,2.76,475.0,378.56,618.87,347.0,-26.5,40.0,0,False,False,20260611:-28.5%;20250528:-27.7%;20230608:-30.5%,
CPO概念,SZ,300548,长芯博创,20260922,236.2,-3.19,14.3,11.7,20.4,多头,236.77,223.24,214.71,196.24,10.0,20.4,4.8,10.903,8.048,5.71,金叉(5日前),True,65.1,61.9,78.6,72.9,89.9,88.0,0.92,1.09,4.22,247.8,187.57,279.98,123.48,-15.6,72.0,0,False,False,20220513:-34.7%;20200520:-42.8%,
CPO概念,SZ,300570,太辰光,20260922,227.46,1.68,17.0,12.9,12.2,强多头,220.58,210.13,203.54,181.79,11.8,25.1,2.2,11.058,9.022,4.071,金叉(4日前),True,72.2,64.3,70.1,69.1,72.1,98.0,1.19,1.27,11.18,242.99,178.18,251.82,102.3,-9.7,84.0,0,False,False,20170630:-45.5%,
CPO概念,SZ,300571,平治信息,20260922,29.72,1.43,9.3,1.9,-0.8,震荡,29.07,28.5,29.01,32.13,2.4,-7.5,-1.1,-0.832,-1.14,0.615,金叉(5日前),False,67.1,49.1,57.7,44.6,83.9,71.0,1.18,1.14,6.06,31.14,26.81,46.67,25.12,-36.3,21.0,0,False,False,20180530:-36.7%;20170927:-50.2%,
CPO概念,SZ,300602,飞荣达,20260922,38.88,0.36,4.4,-2.2,-15.1,震荡,38.78,38.35,41.11,40.1,-5.4,-3.0,-2.0,-0.686,-0.346,-0.68,,False,45.7,46.2,53.9,39.9,82.0,32.0,0.73,0.67,4.88,46.74,35.6,51.68,30.54,-24.8,39.0,0,False,False,20200603:-36.3%;20190426:-34.6%;20180530:-51.4%,
CPO概念,SZ,300620,光库科技,20260922,292.0,-0.84,3.3,1.1,0.5,空头,294.84,292.66,293.65,281.41,-0.6,3.8,-0.4,1.293,1.843,-1.101,,True,48.0,50.1,51.6,49.6,55.8,46.0,1.03,1.15,4.7,325.98,276.19,375.73,184.35,-22.3,56.0,0,False,False,20230518:-31.5%;20211101:-33.8%,
CPO概念,SZ,300632,光莆股份,20260922,19.25,-3.22,8.8,4.6,4.0,多头,19.24,18.6,18.33,18.88,5.0,2.0,1.2,0.108,-0.116,0.448,,True,59.4,54.3,67.8,57.6,88.2,84.0,1.13,1.25,7.22,20.24,16.88,28.8,13.51,-33.2,38.0,0,False,False,20200417:-23.7%;20180621:-23.2%,
CPO概念,SZ,300652,雷迪克,20260922,27.84,2.92,11.9,1.0,-3.6,震荡,26.48,26.11,27.1,28.93,2.7,-3.8,-1.9,-0.709,-0.89,0.361,金叉(2日前),False,70.0,52.3,47.0,32.0,76.9,65.0,2.43,1.9,4.24,29.3,24.51,37.35,22.73,-25.5,35.0,0,False,False,20250605:-23.0%,
CPO概念,SZ,300657,弘信电子,20260922,37.96,-1.38,2.4,9.5,12.7,强多头,37.45,36.58,35.91,35.51,5.7,6.9,2.2,0.613,0.287,0.653,,True,64.0,57.5,81.8,74.4,96.7,87.0,1.06,1.11,6.01,39.03,32.45,45.0,29.38,-15.6,55.0,0,False,False,20200528:-40.2%;20190409:-41.5%,
CPO概念,SZ,300661,圣邦股份,20260922,121.68,-0.76,11.9,13.6,5.9,多头,119.54,113.65,112.66,113.1,8.0,7.6,1.4,2.024,0.402,3.245,金叉(4日前),True,70.3,60.6,72.8,62.3,93.9,92.0,0.91,1.37,1.46,127.47,104.22,151.9,88.72,-19.9,52.0,0,False,False,20250620:-22.9%;20230616:-21.9%;20220622:-33.3%,
CPO概念,SZ,300684,中石科技,20260922,111.76,12.02,25.7,26.7,29.9,强多头,99.4,92.34,92.09,71.39,21.4,56.5,3.7,7.079,6.31,1.537,金叉(1日前),True,83.5,70.7,75.4,59.9,106.3,121.0,1.34,0.8,15.88,116.66,78.5,116.66,41.26,-4.2,94.0,0,True,False,20190603:-36.8%;20180907:-44.0%,
CPO概念,SZ,300708,聚灿光电,20260922,9.42,1.51,8.8,12.3,20.6,强多头,8.93,8.63,8.45,7.96,11.5,18.4,3.6,0.286,0.194,0.186,,True,85.7,73.8,80.4,72.6,96.2,112.0,2.07,1.51,7.6,9.68,7.75,9.68,6.78,-2.7,91.0,0,False,False,20250815:-30.1%;20210929:-46.4%,
CPO概念,SZ,300709,精研科技,20260922,39.13,0.23,4.8,-9.5,-3.2,震荡,38.54,38.67,41.39,40.34,-5.5,-3.0,-0.9,-0.732,-0.339,-0.787,,False,46.8,46.4,36.2,28.8,51.0,33.0,0.4,0.41,4.41,48.9,35.81,58.88,30.7,-33.5,30.0,0,False,False,20200612:-26.0%,
CPO概念,SZ,300726,宏达电子,20260922,58.72,-2.99,5.3,16.6,14.1,多头,58.69,56.17,54.14,55.96,8.5,4.9,3.1,1.232,0.272,1.92,,True,62.9,58.3,81.0,77.7,87.7,86.0,1.3,1.32,7.92,61.83,48.3,93.19,42.02,-37.0,33.0,0,False,False,,
CPO概念,SZ,300739,明阳电路,20260922,31.03,-1.62,12.9,27.2,39.3,强多头,30.33,28.79,25.96,24.59,19.5,26.2,8.3,2.014,1.324,1.379,,True,77.1,71.2,89.7,88.3,92.7,89.0,1.03,1.34,6.73,32.17,21.91,36.31,17.66,-14.5,72.0,0,False,False,20190524:-37.1%;20180523:-33.4%,
CPO概念,SZ,300757,罗博特科,20260922,605.88,-2.4,0.8,-5.9,23.1,震荡,613.64,619.28,598.02,514.9,1.3,17.7,5.2,26.275,29.919,-7.287,死叉(4日前),True,46.7,56.7,33.1,44.9,9.4,56.0,0.85,0.78,3.17,660.0,507.0,660.0,353.49,-8.2,82.0,0,False,False,20240613:-29.3%,
CPO概念,SZ,300811,铂科新材,20260922,86.45,1.21,3.4,5.9,14.9,强多头,84.58,83.74,80.58,75.98,7.3,13.8,2.9,2.757,2.355,0.804,,True,69.1,61.3,77.8,78.1,77.1,85.0,1.18,0.93,4.48,89.76,71.94,105.0,54.3,-17.7,63.0,0,False,False,20260527:-27.6%;20240612:-28.5%;20230616:-44.5%,
CPO概念,SZ,300812,易天股份,20260922,20.34,2.47,8.2,5.0,5.8,多头,19.87,19.43,19.37,19.92,5.0,2.1,1.0,0.061,-0.095,0.313,,True,76.3,58.7,82.5,71.8,103.8,111.0,1.72,1.37,5.05,20.55,18.28,30.48,15.38,-33.3,33.0,0,False,False,20260604:-29.1%;20210531:-46.1%,
CPO概念,SZ,300814,中富电路,20260922,143.25,-0.35,3.1,5.5,4.1,多头,143.78,140.23,137.04,139.78,4.5,2.5,1.3,1.714,0.54,2.348,,True,58.3,54.0,75.2,75.5,74.6,81.0,1.22,1.04,4.05,152.24,125.02,204.19,94.75,-29.8,44.0,0,False,False,,
CPO概念,SZ,300852,四会富仕,20260922,73.68,1.98,13.8,32.7,63.7,强多头,69.73,66.76,57.37,50.68,28.4,45.4,11.9,6.668,5.056,3.224,,True,88.8,78.6,87.3,86.0,89.7,90.0,0.95,1.07,7.67,75.4,43.76,83.09,32.74,-11.3,81.0,0,False,False,20240508:-29.5%;20210430:-45.2%,
CPO概念,SZ,300857,协创数据,20260922,273.35,0.09,9.0,2.7,14.8,强多头,268.06,262.68,260.76,254.59,4.8,7.4,2.3,4.496,3.317,2.358,金叉(3日前),True,67.5,57.7,71.7,60.3,94.4,85.0,0.9,0.86,3.18,278.6,232.0,343.0,183.61,-20.3,56.0,0,False,False,20260422:-27.8%;20250512:-27.9%,
CPO概念,SZ,300903,科翔股份,20260922,109.32,-0.18,-0.1,24.1,38.5,多头,110.97,103.76,96.27,80.69,13.6,35.5,9.5,8.715,7.373,2.683,,True,71.2,68.6,83.2,81.1,87.4,80.0,0.82,0.93,6.01,115.96,75.0,115.96,43.17,-5.7,91.0,1,False,False,20220602:-44.5%,
CPO概念,SZ,300913,兆龙互连,20260922,41.89,-3.46,-6.9,17.0,17.0,震荡,42.89,42.91,39.36,37.08,6.4,13.0,5.1,1.859,1.48,0.759,,True,50.6,56.5,55.5,64.0,38.4,67.0,1.14,1.23,7.38,47.47,34.55,47.86,30.3,-12.5,66.0,0,False,False,20230621:-29.1%;20220616:-33.1%,
CPO概念,SZ,300964,本川智能,20260922,77.25,2.78,10.5,23.2,36.1,强多头,73.89,71.24,65.07,60.92,18.7,26.8,7.3,4.551,3.271,2.561,,True,81.9,71.4,83.8,83.7,84.1,95.0,1.19,1.15,10.68,82.6,55.8,88.6,41.77,-12.8,76.0,0,False,False,20260624:-28.2%,
CPO概念,SZ,300976,达瑞电子,20260922,64.16,-0.6,6.4,8.8,12.1,强多头,63.33,61.04,59.77,59.01,7.3,8.7,2.6,1.499,0.889,1.219,,True,68.7,59.2,84.1,73.2,106.0,94.0,0.74,0.87,3.62,65.2,54.58,81.97,40.95,-21.7,57.0,0,False,False,20260601:-29.4%;20250606:-28.8%;20210602:-44.8%,
CPO概念,SZ,301013,利和兴,20260922,38.68,-2.62,-0.7,5.1,-1.9,空头,39.53,38.7,38.45,43.87,0.6,-11.8,-0.9,-0.867,-1.347,0.96,,False,47.0,46.3,69.8,68.4,72.5,54.0,0.98,1.08,8.63,41.41,35.08,76.18,31.03,-49.2,17.0,0,False,False,20220609:-33.4%,
CPO概念,SZ,301029,怡合达,20260922,25.15,1.45,5.1,-0.9,-2.7,震荡,24.63,24.22,24.98,26.12,0.7,-3.7,-0.4,-0.392,-0.476,0.169,金叉(2日前),False,64.3,50.5,69.9,51.0,107.8,55.0,0.77,0.7,1.19,26.47,22.88,32.09,22.88,-21.6,25.0,0,False,False,,
CPO概念,SZ,301041,金百泽,20260922,37.45,3.45,14.4,23.5,40.4,强多头,35.87,34.01,31.46,27.03,19.1,38.6,9.0,2.612,2.074,1.076,,True,79.7,75.1,91.1,88.2,97.0,99.0,1.67,1.7,16.33,37.75,26.01,37.75,18.02,-0.8,98.0,0,False,False,,
CPO概念,SZ,301085,亚康股份,20260922,85.62,11.57,21.4,23.8,45.9,强多头,78.01,75.0,69.1,62.62,23.9,36.7,7.0,4.692,3.375,2.633,,True,87.7,79.0,85.5,82.1,92.2,109.0,1.37,0.94,14.24,87.5,57.58,87.5,46.38,-2.1,95.0,0,False,False,,
CPO概念,SZ,301123,奕东电子,20260922,79.3,-1.59,0.5,2.1,2.9,多头,79.94,78.35,78.21,78.69,1.4,0.8,1.9,0.909,0.623,0.571,,True,52.9,52.4,72.3,67.0,82.8,63.0,0.77,0.94,4.33,84.4,71.55,121.74,53.28,-34.9,38.0,0,False,False,,
CPO概念,SZ,301128,强瑞技术,20260922,121.56,-0.32,13.0,3.7,7.6,多头,122.57,116.2,117.43,116.75,3.5,4.1,3.0,1.663,0.787,1.752,金叉(4日前),True,59.3,54.4,72.0,61.4,93.0,67.0,0.77,1.02,5.08,129.42,103.48,162.0,84.0,-25.0,48.0,0,False,False,20260519:-29.5%;20250523:-29.2%,
CPO概念,SZ,301132,满坤科技,20260922,68.33,8.01,10.4,60.4,90.2,强多头,62.76,57.75,48.38,39.57,41.2,72.7,16.0,7.457,5.457,3.999,,True,91.2,85.7,87.1,87.3,86.5,97.0,1.94,1.64,21.03,72.0,35.6,72.0,24.35,-5.1,92.0,1,False,False,,
CPO概念,SZ,301165,锐捷网络,20260922,113.53,-2.52,7.0,3.0,-1.9,空头,115.27,111.4,114.26,114.31,-0.6,-0.7,-1.2,-1.086,-1.355,0.54,金叉(2日前),False,49.8,48.7,65.4,53.6,89.1,47.0,0.95,1.06,1.28,131.94,103.5,149.3,82.84,-24.0,46.0,0,False,False,20260525:-28.9%;20250604:-28.8%,
CPO概念,SZ,301172,君逸数码,20260922,18.82,0.59,8.1,3.5,11.3,强多头,18.65,18.28,18.02,17.83,4.5,5.5,2.1,0.218,0.116,0.202,金叉(5日前),True,64.8,57.4,68.7,59.0,88.0,84.0,0.73,0.84,2.84,19.33,16.36,21.54,13.81,-12.6,65.0,0,False,False,20260805:-23.6%;20250617:-28.1%,
CPO概念,SZ,301183,东田微,20260922,306.23,0.89,15.7,29.9,31.2,强多头,302.48,275.08,251.38,213.63,21.8,43.3,8.0,24.596,18.326,12.54,,True,85.3,75.4,91.1,87.4,98.7,93.0,1.0,1.26,7.8,313.4,209.89,313.4,133.0,-2.3,96.0,0,False,False,,
CPO概念,SZ,301205,联特科技,20260922,327.5,2.02,20.4,6.0,7.8,多头,313.35,300.41,302.77,277.33,8.2,18.1,1.6,7.128,4.907,4.441,金叉(2日前),True,69.8,59.9,74.8,57.9,108.8,86.0,0.91,1.01,7.57,340.88,269.03,359.61,153.0,-8.9,84.0,0,False,False,20230630:-46.4%,
CPO概念,SZ,301251,威尔高,20260922,86.0,6.46,26.2,53.3,83.1,强多头,80.19,71.05,62.1,48.48,38.5,77.4,14.9,9.161,6.798,4.727,,True,83.0,79.3,86.1,84.9,88.3,101.0,1.35,1.55,8.0,88.88,45.0,88.88,26.57,-3.2,95.0,1,False,False,20260529:-28.4%,
CPO概念,SZ,301312,智立方,20260922,86.91,0.84,9.6,2.5,18.2,强多头,86.28,83.52,81.59,76.8,6.5,13.2,5.2,3.208,2.739,0.939,,True,64.7,60.0,74.0,69.1,83.7,84.0,1.16,0.92,8.85,91.15,70.77,130.99,51.71,-33.7,44.0,0,True,False,20260603:-27.5%;20250529:-28.4%;20240530:-29.7%,
CPO概念,SZ,301319,唯特偶,20260922,97.96,-1.92,4.5,3.7,-3.2,震荡,98.63,95.34,97.13,107.54,0.8,-8.9,-2.2,-2.412,-3.423,2.022,金叉(5日前),False,53.0,48.1,71.5,63.2,88.2,54.0,1.1,1.23,6.66,108.3,86.37,189.99,75.99,-48.4,19.0,0,False,False,20260521:-33.0%;20250522:-31.9%;20240528:-33.4%,
CPO概念,SZ,301338,凯格精机,20260922,102.45,-0.15,5.2,2.7,5.1,多头,102.27,100.24,99.51,103.34,2.9,-0.9,1.2,0.295,-0.477,1.545,,True,59.2,52.8,73.9,68.3,85.0,76.0,1.19,1.15,5.33,106.2,92.55,176.13,72.91,-41.8,29.0,0,False,False,20260611:-29.1%;20230606:-28.8%,
CPO概念,SZ,301387,光大同创,20260922,56.89,-1.54,6.2,2.9,1.6,多头,56.81,55.65,55.74,58.87,2.1,-3.4,0.3,-0.358,-0.862,1.007,,False,57.4,50.9,70.9,60.3,92.1,73.0,0.69,0.93,3.14,59.69,51.2,97.29,43.0,-41.5,26.0,0,False,False,20240529:-30.7%,
CPO概念,SZ,301419,阿莱德,20260922,48.48,1.89,23.0,17.3,24.3,强多头,45.78,42.85,40.45,36.31,19.8,33.5,4.1,2.74,1.918,1.644,金叉(5日前),True,81.4,69.1,86.4,79.2,100.9,105.0,0.97,1.23,7.53,49.18,35.35,51.56,24.9,-6.0,88.0,0,False,False,20260528:-25.0%,
CPO概念,SZ,301486,致尚科技,20260922,218.87,-0.19,22.5,15.9,27.5,强多头,216.55,201.29,189.61,172.88,15.4,26.6,6.5,11.95,8.451,6.997,,True,73.7,65.0,84.9,77.6,99.5,92.0,0.84,1.26,8.4,223.69,160.22,223.69,115.5,-2.2,96.0,1,False,False,,
CPO概念,SZ,301511,德福科技,20260922,111.1,0.44,-0.9,7.8,36.4,强多头,110.17,109.28,100.44,96.94,10.6,14.6,6.5,5.459,4.383,2.152,,True,65.9,61.0,62.4,69.1,49.1,76.0,0.73,0.84,6.49,118.51,77.68,164.38,62.4,-32.4,48.0,0,False,False,20240520:-28.8%,
CPO概念,SZ,301517,陕西华达,20260922,38.61,1.47,5.5,1.1,1.7,震荡,37.83,37.56,37.92,40.02,1.8,-3.5,-0.1,-0.499,-0.696,0.393,金叉(5日前),False,64.9,51.3,53.5,44.7,71.2,78.0,2.98,1.38,6.85,40.13,36.27,53.9,33.05,-28.4,27.0,0,False,False,20250618:-28.7%,
CPO概念,SZ,301628,强达电路,20260922,119.86,5.06,-1.8,2.1,32.4,多头,118.69,122.27,112.63,93.02,6.4,28.9,6.8,7.507,8.366,-1.717,死叉(3日前),True,54.5,59.3,31.8,44.4,6.5,65.0,1.17,1.08,16.02,135.0,88.48,135.0,63.09,-11.2,79.0,0,False,False,,
CPO概念,SZ,301689,电科思仪,,,,,,,数据不足,,,,,,,,,,,,,,,,,,,,,,,,,,,,,,,,insufficient(9)
CPO概念,SH,600103,青山纸业,20260922,3.77,-1.82,12.5,-6.9,19.7,多头,3.72,3.69,3.76,3.16,0.3,19.2,5.6,0.128,0.154,-0.052,,True,54.4,55.3,58.6,47.7,80.5,51.0,0.49,0.69,8.36,4.2,3.17,4.2,2.4,-10.2,76.0,5,False,False,20190603:-22.7%;20070118:-16.6%;20061227:-23.5%,
CPO概念,SH,600105,永鼎股份,20260922,45.41,-2.8,10.5,16.1,18.0,多头,45.79,43.53,41.35,41.15,9.8,10.4,4.5,1.557,0.807,1.5,,True,64.9,60.3,81.0,79.3,84.5,86.0,0.96,1.24,8.73,47.62,36.72,67.5,29.11,-32.7,42.0,1,False,False,20180521:-23.8%;20160607:-49.4%;20100625:-29.1%,
CPO概念,SH,600114,东睦股份,20260922,27.71,-0.54,3.7,-3.9,-5.8,震荡,27.63,27.54,28.74,29.44,-3.6,-5.9,-1.5,-0.607,-0.556,-0.101,,False,45.2,44.3,49.0,36.9,73.2,31.0,0.64,0.83,1.61,31.6,26.11,38.8,24.15,-28.6,24.0,0,False,False,20180426:-33.5%;20140430:-33.9%;20060222:-22.8%,
CPO概念,SH,600171,上海贝岭,20260922,23.1,-0.22,4.9,2.6,2.9,多头,22.93,22.53,22.7,23.91,1.7,-3.4,0.5,-0.145,-0.297,0.304,金叉(5日前),False,65.5,52.8,74.2,61.7,99.2,74.0,1.24,1.29,1.5,23.55,21.54,32.86,21.54,-29.7,14.0,0,False,False,20060123:-13.0%;20020423:-23.8%;19990706:-30.3%,
CPO概念,SH,600183,生益科技,20260922,143.45,-1.93,-4.5,-1.9,11.2,震荡,146.83,147.4,145.43,137.83,-1.4,4.1,3.4,2.727,3.344,-1.233,死叉(3日前),True,43.1,50.5,40.4,50.6,20.0,40.0,0.81,0.98,2.52,157.5,124.0,175.88,97.51,-18.4,59.0,0,False,False,20180528:-32.8%;20120601:-26.1%;20060925:-33.6%,
CPO概念,SH,600184,光电股份,20260922,20.42,-3.13,-7.7,12.9,16.3,震荡,21.33,20.61,19.33,19.12,5.6,6.8,5.3,0.79,0.527,0.526,,True,49.4,55.5,69.5,74.6,59.2,67.0,1.13,1.53,5.99,22.63,17.19,33.55,14.6,-39.1,31.0,1,False,False,20150423:-48.5%;20070531:-33.2%,
CPO概念,SH,600353,旭光电子,20260922,33.32,-0.95,1.7,5.0,-5.6,震荡,33.88,33.07,33.52,32.71,-0.6,1.9,-1.4,0.315,0.338,-0.045,死叉(1日前),True,49.2,50.9,64.4,61.0,71.4,47.0,0.92,1.02,6.66,37.8,29.64,47.9,20.72,-30.4,46.0,0,False,False,20230519:-28.4%;20150706:-45.2%;20110701:-49.3%,
CPO概念,SH,600410,华胜天成,20260922,16.48,-4.13,5.0,13.1,23.4,强多头,16.45,15.72,14.99,14.71,10.0,12.1,5.3,0.537,0.274,0.527,,True,64.1,61.7,75.3,77.8,70.2,85.0,1.38,1.56,13.84,17.98,13.19,17.98,11.95,-8.3,75.0,2,False,False,20160511:-27.3%;20120612:-17.7%;20080508:-18.7%,
CPO概念,SH,600487,亨通光电,20260922,73.0,1.74,16.9,15.7,13.0,强多头,69.63,66.95,66.53,64.8,9.7,12.7,3.1,1.652,0.781,1.742,金叉(4日前),True,77.0,62.7,72.6,63.0,91.9,103.0,1.18,1.13,8.72,76.35,61.22,109.55,45.6,-33.4,43.0,1,False,False,20180629:-27.9%;20150924:-65.7%;20140526:-33.7%,
CPO概念,SH,600498,烽火通信,20260922,43.51,-1.45,8.0,8.1,7.0,多头,43.47,42.02,41.17,42.53,5.7,2.3,2.6,0.63,0.075,1.111,,True,65.8,57.0,77.8,73.5,86.4,84.0,0.86,1.16,6.43,45.24,37.42,73.96,31.36,-41.2,29.0,0,False,False,20130522:-49.4%;20060307:-40.5%,
CPO概念,SH,600522,中天科技,20260922,36.88,-0.19,6.8,13.4,8.8,多头,36.28,35.17,34.45,35.78,7.1,3.1,2.5,0.487,-0.003,0.98,,True,71.3,58.7,81.2,78.3,86.8,92.0,1.34,1.3,8.38,38.48,31.5,60.13,27.02,-38.7,30.0,0,False,False,20160630:-59.8%;20120510:-44.4%;20060619:-23.9%,
CPO概念,SH,600584,长电科技,20260922,72.24,0.03,8.0,5.3,-2.4,震荡,70.95,69.24,70.71,78.87,2.2,-8.4,-2.0,-1.568,-2.278,1.42,金叉(3日前),False,61.6,50.1,66.6,52.1,95.6,63.0,1.35,1.36,5.94,77.98,65.5,113.87,60.84,-36.6,21.0,0,False,False,20080429:-51.0%;20040524:-37.7%,
CPO概念,SH,600601,方正科技,20260922,15.36,0.72,5.6,6.1,33.0,强多头,14.98,14.85,13.81,12.55,11.2,22.4,5.6,0.786,0.701,0.169,,True,71.0,66.5,70.8,73.1,66.2,82.0,0.92,0.95,4.8,15.8,11.26,15.86,8.68,-3.2,93.0,0,False,False,20070705:-32.0%;20040715:-49.9%;20030709:-12.9%,
CPO概念,SH,600703,三安光电,20260922,12.87,-0.85,3.5,0.1,-2.6,空头,12.89,12.74,12.93,13.75,-0.4,-6.4,-1.0,-0.197,-0.248,0.102,金叉(4日前),False,50.5,47.0,65.5,52.8,90.8,46.0,0.95,0.91,2.07,13.89,12.14,21.6,10.84,-40.4,19.0,1,False,False,20160715:-37.9%;20140704:-33.5%;20110523:-54.4%,
CPO概念,SH,600933,爱柯迪,20260922,13.96,-4.05,10.5,3.2,0.8,震荡,13.64,13.27,13.42,13.65,4.0,2.3,-0.2,0.001,-0.129,0.261,金叉(3日前),True,60.3,55.9,66.7,50.8,98.3,77.0,2.19,2.09,2.45,14.7,12.2,15.71,12.2,-11.1,50.0,0,False,False,,
CPO概念,SH,601137,博威合金,20260922,20.35,-1.45,6.0,1.0,3.4,多头,20.27,19.93,20.4,19.11,-0.2,6.5,1.4,0.237,0.273,-0.072,,True,56.0,55.0,67.4,53.4,95.3,48.0,0.67,0.8,1.09,22.06,18.86,23.8,15.83,-14.5,57.0,0,False,False,20160422:-50.2%,
CPO概念,SH,601138,工业富联,20260922,63.3,-0.47,4.1,-2.2,5.2,多头,62.64,62.88,63.25,63.12,0.1,0.3,0.5,-0.241,-0.218,-0.047,,False,53.2,50.2,46.1,37.6,63.0,51.0,0.8,0.87,0.38,66.88,59.38,73.88,53.22,-14.3,49.0,0,False,False,,
CPO概念,SH,601231,环旭电子,20260922,26.89,1.4,7.7,7.1,1.7,震荡,26.6,26.39,26.24,26.52,2.5,1.4,-0.1,-0.059,-0.201,0.284,金叉(5日前),False,57.1,52.1,56.6,50.4,68.9,69.0,1.14,1.2,1.53,28.49,24.48,32.77,21.4,-17.9,48.0,1,False,False,20150623:-50.3%,
CPO概念,SH,601869,长飞光纤,20260922,456.6,-0.52,-1.2,9.5,15.7,震荡,459.72,457.2,431.26,388.69,5.9,17.5,5.6,23.058,21.625,2.865,,True,58.7,60.4,66.4,73.9,51.5,72.0,1.05,0.91,3.66,483.8,374.5,542.87,255.55,-15.9,70.0,1,False,False,,
CPO概念,SH,603011,合锻智能,20260922,27.06,-0.26,-0.1,3.1,18.7,多头,27.49,26.95,26.27,23.86,3.0,13.4,4.3,0.928,0.912,0.033,,True,54.3,56.6,63.6,65.8,59.2,66.0,0.84,0.84,9.1,28.92,21.62,36.39,16.41,-25.6,53.0,2,True,False,20160510:-51.9%,
CPO概念,SH,603031,安孚科技,20260922,41.59,-1.93,-1.8,-5.3,6.2,震荡,42.45,42.47,41.4,42.03,0.5,-1.0,2.3,0.429,0.331,0.196,,True,45.1,49.9,59.0,63.9,49.2,53.0,0.81,0.82,2.37,44.75,37.39,55.9,33.37,-25.6,36.0,0,False,False,20260429:-30.3%;20240419:-32.6%;20180607:-29.0%,
CPO概念,SH,603052,可川科技,20260922,59.23,-0.8,8.2,4.4,4.2,多头,59.77,57.4,57.59,58.0,2.8,2.1,1.2,0.363,-0.112,0.95,金叉(5日前),True,58.4,53.6,72.6,63.9,90.1,71.0,0.93,1.19,2.34,61.77,52.02,80.8,43.9,-26.7,42.0,1,False,False,20250623:-29.5%;20240603:-29.4%;20230516:-29.3%,
CPO概念,SH,603083,剑桥科技,20260922,219.0,-1.93,1.2,-1.5,26.2,震荡,222.59,222.61,208.19,186.01,5.2,17.7,6.0,11.881,11.599,0.565,,True,52.2,57.8,53.4,61.8,36.6,66.0,0.83,0.92,7.57,237.87,175.5,257.5,125.7,-15.0,71.0,2,False,False,20200813:-22.3%;20190822:-22.9%;20180823:-30.7%,
CPO概念,SH,603118,共进股份,20260922,18.2,-2.41,12.1,0.9,12.0,多头,17.83,17.24,17.49,15.88,4.1,14.6,1.4,0.384,0.333,0.102,金叉(2日前),True,60.3,56.2,73.6,60.6,99.5,72.0,0.85,0.97,10.19,18.93,15.45,20.58,11.61,-11.6,73.0,3,True,False,20170606:-55.0%,
CPO概念,SH,603203,快克智能,20260922,46.99,-1.9,7.1,7.8,10.2,多头,46.41,44.92,44.1,46.12,6.5,1.9,2.0,0.564,-0.032,1.192,,True,67.7,58.5,78.7,72.3,91.4,94.0,1.1,1.15,2.88,48.8,40.62,77.77,34.8,-39.6,28.0,0,False,False,20260608:-18.4%;20220613:-25.9%;20210623:-18.5%,
CPO概念,SH,603220,中贝通信,20260922,18.76,0.54,7.8,1.2,1.2,多头,18.34,18.2,18.39,18.86,2.0,-0.5,0.1,-0.188,-0.274,0.172,金叉(3日前),False,64.4,52.4,65.6,48.7,99.3,75.0,0.96,0.94,3.0,19.22,17.23,22.21,16.4,-15.5,41.0,0,False,False,20240724:-25.8%,
CPO概念,SH,603228,景旺电子,20260922,106.12,-3.67,1.5,-0.8,16.6,震荡,106.28,107.55,101.43,86.59,4.6,22.6,3.9,4.916,5.21,-0.588,死叉(3日前),True,52.5,57.5,45.2,55.1,25.4,65.0,1.0,0.84,3.91,113.6,85.6,113.6,61.54,-6.6,86.0,1,True,False,20200526:-28.7%;20190516:-29.5%,
CPO概念,SH,603267,鸿远电子,20260922,51.45,-1.42,2.3,7.6,8.7,多头,51.27,50.27,49.29,51.87,4.4,-0.8,1.6,0.17,-0.374,1.088,,True,61.6,55.0,71.0,71.2,70.5,86.0,1.21,1.41,3.83,53.99,46.62,81.77,41.4,-37.1,25.0,0,False,False,20200602:-28.0%,
CPO概念,SH,603296,华勤技术,20260922,79.93,-0.25,4.9,5.0,6.6,多头,79.66,77.9,78.18,78.98,2.2,1.2,0.9,-0.012,-0.449,0.874,金叉(4日前),False,63.1,53.5,73.9,63.7,94.2,75.0,1.11,0.98,2.14,82.17,73.6,91.88,65.67,-13.0,54.0,0,False,False,20260617:-28.9%;20240611:-29.3%,
CPO概念,SH,603306,华懋科技,20260922,83.45,-1.56,7.9,10.0,14.2,强多头,82.59,79.79,77.73,76.16,7.4,9.6,3.2,2.177,1.262,1.828,,True,69.4,61.4,83.6,78.8,93.1,94.0,0.92,1.09,2.89,86.0,70.96,109.88,54.83,-24.1,52.0,0,False,False,20180518:-24.6%;20160602:-34.1%,
CPO概念,SH,603328,依顿电子,20260922,13.82,0.14,6.2,25.6,26.7,强多头,13.73,13.2,12.05,10.91,14.7,26.7,6.1,0.804,0.612,0.384,,True,66.2,65.2,81.0,81.0,81.2,85.0,1.39,1.57,6.21,14.31,10.41,14.31,8.04,-3.4,92.0,2,False,False,20170619:-52.2%,
CPO概念,SH,603330,天洋新材,20260922,10.07,-1.18,11.9,-1.2,-8.0,震荡,9.74,9.6,10.25,8.79,-1.8,14.5,-1.1,0.066,0.182,-0.232,,True,56.6,52.9,50.0,33.0,83.8,44.0,0.57,0.62,10.37,12.0,8.8,12.93,5.51,-22.1,61.0,0,False,False,20220602:-29.3%;20210716:-28.8%;20200806:-27.9%,
CPO概念,SH,603386,骏亚科技,20260922,18.95,5.16,1.6,29.8,36.9,强多头,18.21,17.32,15.75,14.33,20.3,32.3,7.8,1.246,0.916,0.658,,True,78.3,74.0,84.8,83.5,87.4,93.0,1.34,1.62,6.91,19.22,13.48,20.88,10.05,-9.2,82.0,1,False,False,20220707:-31.1%,
CPO概念,SH,603459,红板科技,20260922,89.8,-1.97,-0.2,2.8,3.2,震荡,89.99,89.46,89.05,90.26,0.8,-0.5,0.9,-0.111,-0.4,0.58,,False,50.9,50.1,66.5,63.0,73.3,58.0,0.99,0.98,14.19,94.97,82.81,122.1,66.67,-26.5,42.0,1,False,False,,
CPO概念,SH,603738,泰晶科技,20260922,37.86,-1.84,5.8,6.8,0.4,多头,37.65,36.56,37.09,38.09,2.1,-0.6,0.7,-0.009,-0.312,0.606,金叉(5日前),False,59.5,52.8,77.4,68.5,95.2,60.0,0.84,0.9,6.5,42.69,33.41,68.67,26.63,-44.9,27.0,0,False,False,20230607:-28.8%;20220608:-28.6%;20180521:-28.9%,
CPO概念,SH,603773,沃格光电,20260922,93.18,-2.9,3.1,7.5,-2.8,震荡,94.17,90.75,90.81,95.39,2.6,-2.3,-1.7,-0.362,-1.336,1.949,金叉(5日前),False,54.7,50.9,64.6,61.8,70.3,65.0,1.3,1.54,11.74,101.86,80.84,161.86,64.69,-42.4,29.0,0,False,False,20240524:-23.5%;20220523:-22.8%;20210723:-21.7%,
CPO概念,SH,603803,瑞斯康达,20260922,11.7,-1.27,3.7,2.7,4.0,强多头,11.69,11.49,11.35,10.76,3.1,8.7,2.0,0.23,0.195,0.07,,True,60.1,57.8,74.1,68.3,85.9,85.0,0.82,0.93,3.79,11.98,10.68,12.04,8.12,-2.8,91.0,0,False,False,,
CPO概念,SH,603920,世运电路,20260922,46.15,-0.62,8.7,17.0,24.2,强多头,44.49,43.03,40.47,38.44,14.0,20.0,4.3,1.891,1.181,1.421,,True,81.6,70.1,86.2,82.8,93.0,97.0,1.16,1.32,4.85,47.0,35.71,48.83,30.6,-5.5,85.0,0,False,False,20210617:-25.9%,
CPO概念,SH,603936,博敏电子,20260922,22.62,4.67,2.1,28.9,31.4,强多头,21.88,21.19,19.31,17.39,17.1,30.1,6.0,1.416,1.1,0.633,,True,76.0,68.8,76.7,76.6,76.8,88.0,1.48,1.02,15.52,23.76,15.83,26.84,11.48,-15.7,73.0,2,False,False,20200604:-27.6%;20190605:-27.6%,
CPO概念,SH,603960,克来机电,20260922,19.48,6.1,24.0,21.4,22.3,强多头,17.48,16.53,16.38,15.94,19.0,22.2,2.7,0.451,0.1,0.702,金叉(4日前),True,87.3,73.7,81.0,64.1,114.8,128.0,2.38,2.02,7.7,19.88,14.26,19.88,12.77,-2.0,94.0,1,False,False,20200526:-28.9%;20190425:-20.9%;20180531:-22.4%,
CPO概念,SH,605058,澳弘电子,20260922,53.27,9.99,32.2,85.4,98.2,强多头,48.44,41.24,34.53,29.2,54.3,82.4,18.7,5.816,3.518,4.595,,True,92.9,88.7,95.1,94.2,96.9,103.0,2.78,2.41,17.91,53.27,26.35,53.27,21.31,0.0,100.0,6,False,False,,
CPO概念,SH,605358,立昂微,20260922,46.9,1.27,15.0,11.9,8.5,多头,45.97,43.52,42.97,46.57,9.2,0.7,1.1,0.237,-0.58,1.633,,True,77.7,59.4,80.6,70.7,100.4,98.0,1.49,1.53,5.95,48.86,39.3,83.29,35.6,-43.7,24.0,1,False,False,20220429:-31.7%,
CPO概念,SH,688003,天准科技,20260922,81.85,-0.43,3.5,1.8,0.1,震荡,82.2,80.31,80.11,82.76,2.2,-1.1,-0.4,0.034,-0.504,1.077,金叉(5日前),True,55.6,51.6,78.3,71.8,91.2,67.0,0.7,0.83,1.6,85.35,72.0,138.0,62.77,-40.7,25.0,0,False,False,,
CPO概念,SH,688025,杰普特,20260922,440.11,-1.54,11.7,12.0,6.0,多头,441.8,419.15,404.94,376.67,8.7,16.8,2.2,16.437,12.147,8.581,金叉(5日前),True,65.2,60.4,78.7,75.0,86.1,86.0,0.7,1.16,2.4,458.98,357.04,473.38,247.0,-7.0,85.0,0,False,False,,
CPO概念,SH,688048,长光华芯,20260922,351.89,-2.85,16.2,11.5,21.5,多头,343.28,322.23,306.2,323.58,14.9,8.7,3.9,11.042,3.312,15.461,,True,70.2,61.7,81.4,75.0,94.2,96.0,1.01,1.19,5.62,368.88,268.0,509.11,206.0,-30.9,48.0,0,False,False,20230607:-23.4%,
CPO概念,SH,688097,博众精工,20260922,45.75,0.26,3.3,-2.4,-3.6,震荡,45.73,45.41,46.08,46.99,-0.7,-2.6,-1.0,-0.336,-0.38,0.089,金叉(3日前),False,51.0,48.8,55.8,47.2,73.1,43.0,1.01,1.01,1.23,50.3,42.75,65.45,38.1,-30.1,28.0,0,False,False,,
CPO概念,SH,688099,晶晨股份,20260922,94.65,6.12,11.9,7.5,3.6,震荡,89.06,87.27,89.67,93.7,5.5,1.0,-0.8,-1.354,-1.988,1.267,金叉(2日前),False,73.9,57.3,66.4,45.6,107.9,83.0,1.99,1.18,3.79,98.27,83.11,108.55,81.1,-12.8,49.0,0,False,False,,
CPO概念,SH,688102,斯瑞新材,20260922,32.14,2.85,3.8,2.0,-0.8,震荡,31.41,31.22,31.6,33.9,1.7,-5.2,-1.7,-0.644,-0.787,0.287,金叉(3日前),False,60.9,49.7,54.8,46.6,71.1,69.0,1.79,1.08,2.42,33.44,29.91,50.37,25.01,-36.2,28.0,0,False,False,20240703:-24.0%;20230615:-28.5%,
CPO概念,SH,688123,聚辰股份,20260922,171.2,9.74,27.5,23.0,31.7,多头,150.97,141.51,138.06,145.54,24.0,17.6,2.6,4.425,0.69,7.47,,True,88.1,70.4,80.5,69.3,103.0,132.0,2.57,1.37,12.67,180.0,123.01,235.99,101.5,-27.5,52.0,0,False,False,20230615:-23.6%,
CPO概念,SH,688127,蓝特光学,20260922,68.12,0.83,6.1,1.8,9.4,多头,68.44,67.64,66.99,67.97,1.7,0.2,1.3,0.35,0.095,0.51,金叉(5日前),True,52.7,51.5,59.9,56.9,65.7,63.0,1.13,1.09,2.53,71.42,60.31,99.32,54.8,-31.4,30.0,0,False,False,,
CPO概念,SH,688143,长盈通,20260922,197.02,-3.93,3.7,17.3,16.7,强多头,196.6,190.81,180.24,142.35,9.3,38.4,6.8,15.025,14.397,1.256,,True,60.2,61.6,75.8,75.3,76.9,81.0,0.89,0.85,10.8,215.0,157.01,215.0,78.34,-8.4,87.0,0,False,False,20230629:-25.7%,
CPO概念,SH,688167,炬光科技,20260922,295.74,-1.26,7.2,-2.1,11.8,震荡,302.12,297.75,294.07,260.11,0.6,13.7,2.5,9.862,11.232,-2.74,,True,48.8,53.4,57.2,56.8,58.1,53.0,0.55,0.77,3.84,322.24,250.59,356.89,155.5,-17.1,70.0,0,False,False,20260610:-33.6%,
CPO概念,SH,688170,德龙激光,20260922,67.66,-1.81,-1.7,4.1,29.1,震荡,70.33,68.72,62.6,57.87,8.1,16.9,7.6,4.088,3.578,1.018,,True,51.7,58.8,65.6,74.9,46.9,67.0,0.83,0.94,6.0,74.99,50.19,94.99,40.88,-28.8,49.0,0,False,False,,
CPO概念,SH,688183,生益电子,20260922,118.19,-2.21,-6.1,-6.6,14.7,震荡,120.96,123.42,123.57,114.52,-4.4,3.2,3.5,1.908,3.083,-2.348,死叉(5日前),True,34.5,48.1,21.9,32.6,0.6,25.0,0.85,0.91,2.08,138.47,100.69,138.47,81.5,-14.6,64.0,0,False,False,,
CPO概念,SH,688195,腾景科技,20260922,194.76,2.45,8.9,-3.8,17.3,多头,191.94,192.06,191.21,160.49,1.9,21.4,3.1,7.014,8.661,-3.294,,True,55.0,56.1,41.7,38.8,47.5,59.0,1.04,0.85,7.17,215.5,161.0,215.5,98.68,-9.6,82.0,0,False,False,20260529:-29.0%,
CPO概念,SH,688205,德科立,20260922,224.21,-7.78,7.8,5.8,46.6,强多头,224.06,221.38,201.88,166.74,11.1,34.5,9.0,17.328,16.028,2.6,,True,56.3,60.8,64.7,67.1,59.8,73.0,1.26,0.87,11.38,244.0,147.01,244.0,105.01,-8.1,86.0,0,False,False,20250529:-21.3%,
CPO概念,SH,688226,威腾电气,20260922,29.58,2.74,4.9,4.9,1.7,震荡,28.76,28.86,29.0,30.69,2.0,-3.6,-0.2,-0.4,-0.558,0.316,,False,59.6,51.2,46.1,36.7,64.7,69.0,1.13,0.88,3.27,31.55,27.11,44.3,24.65,-33.2,25.0,0,False,False,,
CPO概念,SH,688270,ST臻镭,20260922,57.48,-0.31,1.4,1.7,-3.0,震荡,57.08,56.04,57.27,65.67,0.4,-12.5,-2.0,-1.839,-2.429,1.181,,False,56.3,45.8,71.8,58.5,98.5,52.0,0.84,0.94,1.34,63.76,52.11,109.87,52.11,-47.7,9.0,0,False,False,20260617:-28.9%;20240516:-28.0%;20230601:-28.8%,
CPO概念,SH,688312,燕麦科技,20260922,56.03,1.01,11.7,14.1,16.2,多头,52.9,50.4,48.78,50.94,14.9,10.0,2.3,1.031,-0.089,2.24,,True,77.8,62.9,81.3,72.0,99.9,109.0,1.71,1.24,8.45,57.47,43.4,85.48,36.96,-34.5,39.0,0,False,False,,
CPO概念,SH,688313,仕佳光子,20260922,164.8,-3.91,12.2,9.7,8.6,多头,165.61,156.61,154.03,140.4,7.0,17.4,1.6,5.862,4.409,2.907,金叉(4日前),True,61.4,59.0,73.6,68.4,84.1,83.0,1.22,1.23,4.84,177.69,140.5,183.97,81.68,-10.4,81.0,0,False,False,,
CPO概念,SH,688328,深科达,20260922,83.56,-1.58,4.0,5.2,-5.6,震荡,83.77,81.09,81.44,81.28,2.6,2.8,-0.0,0.814,0.375,0.879,金叉(4日前),True,59.0,53.8,77.5,69.9,92.6,65.0,0.73,0.83,4.57,90.44,73.28,122.42,57.0,-31.7,41.0,0,False,False,,
CPO概念,SH,688332,中科蓝讯,20260922,97.37,3.78,11.0,-0.3,10.8,多头,94.08,91.41,93.18,98.64,4.5,-1.3,1.2,-0.106,-0.695,1.177,金叉(3日前),False,65.2,55.2,64.3,52.5,88.0,76.0,1.35,0.98,3.7,101.33,82.44,162.42,72.0,-40.1,28.0,0,False,False,20260518:-33.8%,
CPO概念,SH,688371,菲沃泰,20260922,24.82,-2.01,1.7,-4.7,-7.8,空头,25.52,24.95,26.17,29.11,-5.2,-14.7,-1.9,-0.909,-0.997,0.177,金叉(3日前),False,42.4,43.5,59.6,53.2,72.3,32.0,0.87,0.89,1.97,31.85,22.8,48.8,20.72,-49.1,15.0,0,False,False,,
CPO概念,SH,688379,华光新材,20260922,56.3,-1.28,5.3,-2.8,1.4,多头,56.11,55.35,56.66,55.88,-0.6,0.8,1.2,0.145,0.153,-0.016,,True,53.0,51.2,56.4,46.8,75.7,45.0,0.75,0.75,3.11,61.5,51.66,85.32,40.88,-34.0,35.0,0,False,False,,
CPO概念,SH,688381,帝奥微,20260922,43.88,3.3,12.3,19.8,31.7,强多头,41.81,39.58,37.75,36.1,16.2,21.6,6.2,2.095,1.411,1.367,,True,77.4,66.6,86.2,81.1,96.2,103.0,1.12,0.99,5.27,45.56,31.69,55.0,24.06,-20.2,64.0,0,False,False,,
CPO概念,SH,688388,嘉元科技,20260922,29.9,1.36,7.4,10.0,5.6,多头,29.66,28.53,28.38,29.12,5.3,2.7,0.7,0.242,-0.069,0.623,金叉(5日前),True,62.2,55.7,73.5,66.4,87.7,84.0,1.43,1.5,7.57,31.28,25.8,45.44,21.93,-34.2,34.0,0,False,False,20260617:-34.3%;20230526:-28.8%,
CPO概念,SH,688400,凌云光,20260922,46.94,0.02,5.5,-0.6,1.7,多头,46.73,46.01,46.14,48.25,1.7,-2.7,0.1,-0.258,-0.537,0.558,金叉(5日前),False,58.2,51.2,64.1,54.9,82.5,66.0,0.82,0.84,1.74,49.4,42.44,73.98,38.54,-36.6,24.0,0,False,False,,
CPO概念,SH,688498,源杰科技,20260922,1753.1,-4.65,4.0,2.2,12.9,多头,1792.45,1747.81,1653.72,1549.27,6.0,13.2,3.8,78.366,66.591,23.551,,True,54.4,59.0,65.5,73.5,49.6,71.0,1.06,1.02,2.67,1888.0,1440.03,1919.0,995.01,-8.6,82.0,0,False,False,20260518:-32.8%;20230609:-28.8%,
CPO概念,SH,688516,奥特维,20260922,44.35,-0.43,9.2,5.1,1.4,多头,43.68,42.24,43.04,42.96,3.0,3.2,1.0,0.118,-0.234,0.704,金叉(3日前),True,66.1,56.2,77.0,63.1,104.8,68.0,0.68,0.86,1.59,47.8,38.7,59.08,35.46,-24.9,38.0,0,False,False,20240520:-30.3%;20231117:-31.0%;20221122:-30.3%,
CPO概念,SH,688518,联赢激光,20260922,20.87,-0.33,2.1,1.0,3.9,多头,21.1,20.77,20.85,20.8,0.1,0.3,1.6,0.116,0.077,0.078,金叉(5日前),True,50.2,51.4,65.2,60.7,74.3,51.0,0.85,0.97,2.44,21.99,19.56,31.36,16.22,-33.5,31.0,0,False,False,,
CPO概念,SH,688519,南亚新材,20260922,312.9,-3.11,-9.1,9.9,8.3,震荡,323.23,321.81,305.52,292.73,2.4,6.9,3.4,10.409,9.629,1.559,,True,46.6,52.6,50.5,60.2,31.1,59.0,1.2,1.12,3.3,359.0,262.74,400.0,192.0,-21.8,58.0,0,False,False,,
CPO概念,SH,688531,日联科技,20260922,145.0,-2.03,6.7,1.5,8.2,多头,145.0,141.39,138.4,140.23,4.8,3.4,2.0,2.289,1.136,2.304,,True,59.1,55.6,68.5,64.3,76.9,82.0,1.34,1.07,4.16,154.28,128.0,199.05,101.5,-27.2,45.0,0,False,False,20250710:-31.1%;20240607:-31.5%,
CPO概念,SH,688536,思瑞浦,20260922,355.71,-0.1,13.3,19.2,12.8,强多头,344.4,326.07,315.11,289.14,12.9,23.0,3.5,16.264,11.608,9.312,金叉(5日前),True,83.0,69.7,87.0,80.0,101.0,103.0,0.94,1.12,1.95,363.0,284.55,375.76,214.03,-5.3,88.0,0,False,False,20220920:-31.7%,
CPO概念,SH,688567,孚能科技,20260922,9.07,-0.22,2.0,0.6,-5.1,空头,9.09,8.94,9.13,9.56,-0.7,-5.2,-1.3,-0.189,-0.233,0.089,金叉(4日前),False,52.5,44.9,66.1,55.0,88.3,45.0,0.81,0.92,0.66,10.1,8.5,10.57,8.5,-14.2,28.0,0,False,False,,
CPO概念,SH,688609,九联科技,20260922,9.7,0.73,6.2,5.8,8.7,多头,9.67,9.34,9.23,9.3,5.1,4.2,2.1,0.096,0.009,0.175,,True,67.2,58.7,62.4,58.0,71.3,90.0,1.02,1.6,3.41,10.2,8.66,11.29,7.79,-14.1,55.0,0,False,False,,
CPO概念,SH,688629,华丰科技,20260922,125.28,-2.43,-1.3,1.4,-5.9,空头,130.24,127.42,128.46,148.27,-2.5,-15.5,-1.1,-3.449,-4.536,2.173,,False,40.4,43.3,60.6,62.4,57.1,32.0,1.14,1.13,3.26,141.35,116.0,228.16,116.0,-45.1,8.0,0,False,False,,
CPO概念,SH,688655,迅捷兴,20260922,77.21,5.46,27.9,40.7,68.8,强多头,67.37,63.21,54.28,42.45,42.2,81.9,12.7,7.823,5.782,4.082,,True,92.4,81.7,88.7,85.4,95.4,105.0,1.05,0.97,10.74,79.77,40.05,79.77,24.1,-3.2,95.0,1,False,False,,
CPO概念,SH,688662,富信科技,20260922,112.39,4.16,29.5,35.3,28.7,多头,100.16,92.77,89.37,91.55,25.8,22.8,2.6,3.485,0.541,5.888,,True,85.2,68.2,84.7,77.8,98.5,122.0,1.65,1.3,14.45,120.0,78.5,162.56,61.53,-30.9,50.0,0,False,False,20260615:-23.8%,
CPO概念,SH,688668,鼎通科技,20260922,254.0,-4.57,2.7,-4.1,2.4,震荡,262.65,257.49,258.4,261.59,-1.7,-2.9,1.5,0.933,0.327,1.212,金叉(4日前),True,43.5,48.3,59.9,57.5,64.7,36.0,1.14,0.97,3.54,276.62,235.1,381.62,171.21,-33.4,39.0,0,False,False,20240527:-28.0%,
CPO概念,SH,688685,迈信林,20260922,35.65,0.91,4.2,-7.3,-9.6,震荡,35.62,35.64,37.11,41.25,-3.9,-13.6,-3.1,-1.569,-1.594,0.052,金叉(1日前),False,43.4,40.5,35.4,28.3,49.5,28.0,1.08,1.09,2.09,41.15,33.75,59.88,29.1,-40.5,21.0,0,False,False,20240620:-23.1%,
CPO概念,SH,688757,胜科纳米,20260922,31.16,-0.99,3.1,-2.1,0.6,震荡,31.21,30.61,30.46,35.4,2.3,-12.0,-0.2,-0.573,-0.983,0.82,,False,55.1,48.8,71.3,63.7,86.6,68.0,0.86,1.0,3.83,32.51,27.91,68.88,26.09,-54.8,12.0,0,False,False,,
CPO概念,SH,688807,优迅股份,20260922,347.0,-3.77,6.5,4.2,2.4,多头,352.04,345.02,335.02,304.32,3.6,14.0,2.6,13.33,12.213,2.235,金叉(4日前),True,52.4,55.3,59.3,61.6,54.7,68.0,0.89,0.96,12.01,379.88,300.0,415.0,206.01,-16.4,67.0,0,False,False,,
CPO概念,SH,688808,联讯仪器,20260922,2316.0,-0.99,0.4,-12.7,4.8,震荡,2363.4,2390.36,2415.22,2179.55,-4.1,6.3,1.0,37.04,65.976,-57.872,,True,39.8,48.5,22.5,27.6,12.2,27.0,0.84,1.06,3.96,2733.0,2123.0,2733.0,1461.1,-15.3,67.0,0,False,False,,
CPO概念,SH,688813,泰金新能,20260922,144.0,3.6,-1.7,18.6,34.2,多头,141.26,136.02,124.77,128.65,15.4,11.9,6.5,6.344,3.583,5.523,,True,68.9,61.2,76.3,76.3,76.3,84.0,1.02,1.06,18.85,150.8,101.13,233.97,90.63,-38.5,37.0,1,False,False,,
CPO概念,BJ,920045,蘅东光,20260922,533.38,-3.59,-7.9,-3.0,10.8,震荡,559.92,559.51,528.6,413.37,0.9,29.0,7.5,39.588,43.582,-7.988,死叉(2日前),True,42.9,55.5,48.4,59.9,25.4,53.0,0.88,0.91,5.7,619.97,444.01,638.0,209.43,-16.4,76.0,0,False,False,,
CPO概念,BJ,920060,万源通,20260922,30.51,-2.49,19.6,33.3,46.8,强多头,29.4,27.27,24.67,23.27,23.7,31.1,9.1,1.97,1.171,1.598,,True,75.2,71.7,81.0,81.2,80.7,96.0,1.53,1.8,8.35,33.29,20.73,33.29,19.53,-8.4,80.0,0,False,False,,
CPO概念,BJ,920083,金戈新材,20260922,45.59,7.12,33.6,22.6,6.3,震荡,39.93,37.49,38.52,37.84,18.4,20.5,-1.9,0.424,-0.361,1.571,金叉(2日前),True,83.5,64.7,64.1,49.4,93.6,103.0,2.3,1.29,26.79,50.9,33.05,50.9,29.8,-10.4,75.0,0,False,False,,
CPO概念,BJ,920157,宇特光电,,,,,,,数据不足,,,,,,,,,,,,,,,,,,,,,,,,,,,,,,,,no_data
CPO概念,BJ,920178,锐翔智能,20260922,90.13,-2.37,1.2,-5.7,0.9,震荡,92.05,91.21,90.99,98.76,-0.9,-8.7,0.1,-1.583,-2.188,1.211,,False,44.5,46.1,43.1,39.2,50.8,42.0,1.17,0.97,7.06,103.88,83.9,138.8,77.8,-35.1,20.0,0,False,False,,
CPO概念,BJ,920509,同惠电子,20260922,21.67,-1.59,8.4,2.2,8.5,多头,21.15,20.82,20.83,21.05,4.0,3.0,1.4,0.095,-0.05,0.29,金叉(3日前),True,61.8,55.4,56.0,43.0,82.2,75.0,1.08,0.98,4.26,23.52,19.5,27.97,17.88,-22.5,38.0,0,False,False,20230522:-35.1%,
CPO概念,BJ,920821,则成电子,20260922,22.15,1.61,0.7,-0.1,28.2,多头,21.49,22.27,20.7,22.11,7.0,0.2,5.1,0.53,0.393,0.275,,True,55.6,54.4,30.8,39.3,13.9,66.0,1.22,1.07,12.86,26.4,17.18,33.28,16.49,-33.4,34.0,1,False,False,,
CPO概念,BJ,920981,晶赛科技,20260922,30.9,0.32,7.3,2.8,7.6,多头,30.35,29.87,29.9,31.95,3.3,-3.3,1.2,-0.094,-0.336,0.484,,False,64.4,54.2,64.6,54.4,85.1,88.0,1.27,1.09,6.8,31.8,28.1,45.0,25.7,-31.3,27.0,0,False,False,,
