排名,代码,名称,所属板块,收盘价,近5日%,近20日%,近60日%,量比(5/20),RSI14,MACD柱,近5日金叉,距250日高%,250日位置%,ATR14%,MA20斜率%,技术分,技术信号
1,SH688293,奥浦迈,关注个股,70.7,8.6,14.49,87.78,1.25,73.4,1.672,否,-6.36,88.4,7.43,1.83,83.0,多头排列/MACD红柱放大
2,SH688025,杰普特,AI硬件,442.56,12.96,7.71,-6.4,1.05,61.4,8.168,是,-11.92,84.0,5.9,0.84,81.0,多头排列/MACD红柱放大/近5日MACD金叉
3,SH688758,赛分科技,关注个股,32.8,22.34,20.01,70.83,1.16,70.3,0.833,是,-1.59,97.0,5.52,1.68,79.0,多头排列/MACD红柱放大/近5日MACD金叉/逼近/创250日新高/短线急涨过热
4,SZ002821,凯莱英,关注个股,185.2,12.84,10.17,21.44,1.03,70.1,3.47,是,-7.4,86.7,4.79,0.98,78.0,多头排列/MACD红柱放大/近5日MACD金叉
5,SZ000504,南华生物,关注个股,10.01,20.31,18.74,38.26,1.42,74.4,0.229,是,-7.4,78.9,4.2,0.85,77.0,多头排列/MACD红柱放大/近5日MACD金叉/短线急涨过热
6,SH688222,成都先导,关注个股,39.97,31.09,10.54,31.05,1.34,76.7,1.415,是,-7.0,86.0,4.99,-1.06,76.0,多头排列/MACD红柱放大/近5日MACD金叉/短线急涨过热
7,SH688432,有研硅,AI硬件,56.82,25.65,45.95,145.13,1.12,66.4,2.117,否,-6.52,92.0,10.57,11.23,75.0,多头排列/MACD红柱放大/短线急涨过热
8,SZ300570,太辰光,AI硬件,229.35,14.18,6.94,-2.03,1.1,65.6,2.916,是,-19.77,71.7,5.97,1.09,74.0,多头排列/MACD红柱放大/近5日MACD金叉
9,SH688046,药康生物,关注个股,35.28,18.43,2.71,54.74,1.11,62.7,0.369,是,-18.84,73.2,5.31,-2.72,73.0,多头排列/MACD红柱放大/近5日MACD金叉
10,SZ301080,百普赛斯,关注个股,109.48,39.11,10.68,150.41,1.03,73.1,2.236,是,-8.11,88.4,8.35,0.8,72.0,多头排列/MACD红柱放大/近5日MACD金叉/短线急涨过热
11,SZ000636,风华高科,AI硬件,58.2,3.95,6.46,-25.86,1.31,54.3,1.711,否,-30.71,62.8,5.34,0.02,72.0,多头排列/MACD红柱放大
12,SH688202,美迪西,关注个股,106.2,18.87,5.7,50.49,0.97,65.3,1.304,是,-6.51,88.3,5.02,-0.88,71.0,多头排列/MACD红柱放大/近5日MACD金叉
13,SZ000739,普洛药业,关注个股,23.48,7.02,13.32,47.12,0.82,70.0,0.175,是,-5.51,86.2,3.43,1.12,71.0,多头排列/MACD红柱放大/近5日MACD金叉
14,SZ002080,中材科技,AI硬件,60.22,16.89,11.7,-38.34,1.53,67.8,2.567,否,-41.09,42.5,5.85,-0.22,71.0,多头排列/MACD红柱放大/明显放量
15,SH688621,阳光诺和,关注个股,73.32,6.94,11.07,44.96,0.79,63.8,0.193,是,-14.69,67.8,4.22,2.19,70.0,多头排列/MACD红柱放大/近5日MACD金叉
16,SH688498,源杰科技,AI硬件,1835.0,7.88,15.63,3.27,0.92,77.1,36.121,否,-6.76,91.9,4.97,2.81,69.0,多头排列/MACD红柱放大
17,SZ300548,长芯博创,AI硬件,238.8,14.9,20.96,-9.08,0.98,65.1,5.177,是,-22.96,67.6,5.89,2.13,69.0,多头排列/MACD红柱放大/近5日MACD金叉
18,SH688313,仕佳光子,AI硬件,170.38,14.73,7.84,-5.19,1.07,59.0,2.143,是,-17.56,76.2,5.72,-0.39,69.0,多头排列/MACD红柱放大/近5日MACD金叉
19,SH688690,纳微科技,关注个股,47.2,14.81,8.76,10.36,0.92,74.7,1.574,否,-1.67,96.8,4.79,-0.15,67.0,多头排列/MACD红柱放大/逼近/创250日新高
20,SH601328,交通银行,关注个股,7.46,-0.27,4.78,14.59,1.06,60.2,0.017,否,-3.99,77.9,1.9,1.74,67.0,多头排列/逼近/创250日新高
21,SH688048,长光华芯,AI硬件,342.0,15.66,11.32,-13.64,1.11,65.9,12.211,否,-32.82,62.5,6.04,0.4,67.0,多头排列/MACD红柱放大
22,SZ300347,泰格医药,关注个股,57.39,8.69,5.55,27.39,0.98,63.2,1.071,否,-15.42,67.6,4.13,1.21,65.0,多头排列/MACD红柱放大
23,SH603186,华正新材,AI硬件,226.78,-0.42,31.57,-8.28,0.94,65.2,7.038,否,-15.97,81.6,8.67,8.45,65.0,多头排列
24,SH600522,中天科技,AI硬件,35.98,4.32,7.63,-41.3,1.23,53.4,0.867,否,-47.17,39.1,4.24,0.96,64.0,多头排列/MACD红柱放大
25,SH601998,中信银行,关注个股,8.96,0.45,6.79,25.67,0.8,56.0,-0.062,否,-1.21,95.0,2.28,2.51,63.0,多头排列/逼近/创250日新高
26,SH688073,毕得医药,关注个股,68.16,22.46,-4.8,37.14,1.14,62.9,0.757,是,-23.31,54.6,5.88,-4.66,62.0,多头排列/MACD红柱放大/近5日MACD金叉/短线急涨过热
27,SZ300394,天孚通信,AI硬件,284.66,8.67,4.24,-10.48,0.97,61.7,3.715,是,-45.78,37.4,5.78,-1.12,62.0,多头排列/MACD红柱放大/近5日MACD金叉
28,SH601208,东材科技,AI硬件,51.3,7.5,12.18,-30.35,1.18,48.1,0.967,否,-36.24,54.4,6.23,2.1,62.0,多头排列
29,SZ300408,三环集团,AI硬件,130.96,5.31,14.98,-18.18,1.08,70.4,4.344,否,-27.39,65.1,4.87,2.27,62.0,多头排列/MACD红柱放大
30,SH601869,长飞光纤,AI硬件,454.99,-4.01,25.13,-16.21,0.91,59.2,7.492,否,-24.17,72.5,6.12,5.97,61.0,多头排列
31,SZ300499,高澜股份,AI硬件,37.72,8.08,33.47,-6.08,0.95,66.8,0.817,否,-21.48,58.5,7.31,7.22,61.0,多头排列
32,SH600176,中国巨石,AI硬件,45.02,0.81,7.09,-39.26,1.34,53.4,1.06,否,-41.68,48.4,6.68,1.97,60.0,多头排列
33,SZ300684,中石科技,AI硬件,97.89,14.09,16.4,70.51,0.69,52.7,-1.114,否,-8.24,87.9,8.12,1.11,60.0,多头排列
34,SH600641,先导基电,AI硬件,37.3,27.26,14.59,-2.51,1.28,57.2,1.274,是,-26.85,61.4,5.48,0.06,60.0,MACD红柱放大/近5日MACD金叉/短线急涨过热
35,SZ300363,博腾股份,关注个股,22.79,11.5,4.11,40.85,0.83,72.8,0.325,是,-25.03,55.7,4.73,-0.15,59.0,多头排列/MACD红柱放大/近5日MACD金叉
36,SH688131,皓元医药,关注个股,98.79,13.19,1.44,9.58,0.92,60.0,0.259,是,-5.41,87.4,4.24,-1.53,59.0,MACD红柱放大/近5日MACD金叉
37,SH688143,长盈通,AI硬件,195.52,0.27,23.12,-9.06,0.82,65.6,1.626,否,-23.33,73.0,8.93,7.1,59.0,多头排列
38,SH600330,天通股份,AI硬件,29.37,6.88,7.7,-10.32,0.97,52.7,-0.045,是,-21.41,72.0,6.59,1.88,59.0,多头排列/近5日MACD金叉
39,SH688361,中科飞测,AI硬件,386.36,26.81,10.56,8.83,1.21,55.8,11.388,是,-15.82,80.6,5.88,-1.34,59.0,MACD红柱放大/近5日MACD金叉/短线急涨过热
40,SH688630,芯碁微装,AI硬件,439.83,9.33,2.39,-16.69,0.92,57.0,6.996,是,-23.86,70.8,5.28,-1.17,59.0,多头排列/MACD红柱放大/近5日MACD金叉
41,SH688256,寒武纪,AI硬件,1113.14,7.03,7.55,-23.65,1.07,50.2,23.405,否,-43.38,16.1,4.26,0.26,58.0,多头排列/MACD红柱放大/低位区
42,SZ300725,药石科技,关注个股,47.22,14.83,-8.24,40.91,1.14,58.1,0.282,是,-17.66,61.7,4.19,-3.59,56.0,MACD红柱放大/近5日MACD金叉
43,SH601169,北京银行,关注个股,5.54,-0.89,8.84,12.15,0.78,61.4,-0.007,否,-9.03,56.0,2.01,2.77,56.0,多头排列
44,SZ300857,协创数据,AI硬件,267.89,2.64,8.28,-19.42,0.82,52.0,0.711,是,-24.65,64.4,5.25,0.35,55.0,MACD红柱放大/近5日MACD金叉
45,SZ301511,德福科技,AI硬件,110.5,3.85,21.91,-28.85,0.91,62.2,3.168,否,-38.23,54.7,6.95,4.57,54.0,多头排列
46,SZ002142,宁波银行,关注个股,34.65,-2.39,1.73,11.31,1.04,55.4,-0.193,否,-3.83,86.4,2.21,1.26,53.0,逼近/创250日新高
47,SH600926,杭州银行,关注个股,17.14,-2.11,3.07,15.42,0.95,58.4,-0.091,否,-3.27,82.8,1.98,1.04,53.0,逼近/创250日新高
48,SH688710,益诺思,关注个股,94.92,14.42,-0.35,46.73,0.79,62.7,1.486,是,-8.46,86.8,5.17,-2.15,52.0,MACD红柱放大/近5日MACD金叉
49,SH688800,瑞可达,AI硬件,69.32,3.73,9.06,-25.39,0.72,56.8,1.452,否,-53.16,22.5,5.58,2.17,52.0,多头排列
50,SH603256,宏和科技,AI硬件,148.79,14.63,5.97,-49.9,1.52,51.1,6.36,否,-51.06,43.8,6.49,-1.15,51.0,MACD红柱放大/明显放量
51,SZ301047,义翘神州,关注个股,114.07,23.25,-3.98,88.11,1.12,65.9,1.363,是,-18.22,68.8,5.94,-4.46,50.0,MACD红柱放大/近5日MACD金叉/短线急涨过热
52,SH600487,亨通光电,AI硬件,69.49,6.51,11.76,-37.29,0.94,54.2,0.831,是,-44.48,47.6,5.23,1.19,50.0,MACD红柱放大/近5日MACD金叉
53,SZ301526,国际复材,AI硬件,31.18,1.6,-3.85,-40.35,1.26,50.7,1.097,否,-42.37,52.9,7.44,-2.7,50.0,多头排列
54,SZ002008,大族激光,AI硬件,99.6,7.27,9.57,-34.16,0.92,55.6,2.172,否,-40.74,49.0,5.32,0.35,50.0,多头排列/MACD红柱放大
55,SZ301128,强瑞技术,AI硬件,123.95,16.0,13.22,-20.29,0.93,51.0,1.676,是,-42.48,33.0,6.58,1.02,50.0,MACD红柱放大/近5日MACD金叉
56,SH600183,生益科技,AI硬件,143.93,-3.03,8.38,-19.37,1.0,41.5,-0.276,否,-24.99,67.3,6.76,2.58,49.0,多头排列
57,SZ301230,泓博医药,关注个股,35.21,24.5,-1.43,1.82,1.21,65.3,0.697,是,-48.2,27.9,5.48,-3.93,48.0,MACD红柱放大/近5日MACD金叉/短线急涨过热
58,SZ300757,罗博特科,AI硬件,620.6,-1.49,22.99,5.56,0.84,63.9,-3.528,否,-13.08,82.2,4.31,4.33,48.0,
59,SH603228,景旺电子,AI硬件,104.45,-6.53,10.13,43.81,0.88,59.3,-0.483,否,-8.05,85.3,6.03,3.15,48.0,
60,SH688205,德科立,AI硬件,219.85,0.44,37.96,4.43,0.77,65.9,2.218,否,-29.28,59.2,6.69,7.14,47.0,
61,SZ002886,沃特股份,AI硬件,26.4,4.85,24.29,-8.59,0.86,42.2,-0.285,否,-24.03,56.6,8.14,6.28,47.0,多头排列
62,SZ002975,博杰股份,AI硬件,104.86,8.1,4.29,-27.4,0.7,47.0,0.715,是,-33.62,49.2,6.42,0.59,47.0,MACD红柱放大/近5日MACD金叉
63,SH515880,通信ETF国泰,AI硬件,7.04,4.3,3.99,-59.93,0.83,59.6,0.207,否,-78.95,5.8,3.58,-0.27,46.0,多头排列/MACD红柱放大/低位区
64,SH688300,联瑞新材,AI硬件,176.8,-1.06,21.67,-33.42,0.84,41.8,-0.746,否,-40.53,51.0,8.29,4.17,45.0,多头排列
65,SZ300502,新易盛,AI硬件,445.0,5.2,0.68,-21.38,0.97,65.0,12.719,否,-45.62,29.7,5.02,-1.15,45.0,多头排列/MACD红柱放大
66,SZ301205,联特科技,AI硬件,323.64,12.41,6.88,2.46,0.94,54.4,-0.27,否,-14.38,81.4,6.19,-0.08,45.0,
67,SZ300088,长信科技,AI硬件,7.23,4.93,-1.09,-38.05,1.03,52.4,0.104,否,-41.46,22.5,3.62,-1.39,45.0,多头排列/MACD红柱放大
68,SH688668,鼎通科技,AI硬件,269.6,9.01,7.08,-28.3,0.87,52.1,2.195,是,-39.28,51.8,6.06,-0.39,43.0,MACD红柱放大/近5日MACD金叉
69,SH601658,邮储银行,关注个股,5.33,-2.38,7.03,8.33,0.74,54.9,-0.023,否,-15.4,37.0,2.14,2.08,41.0,
70,SZ300395,菲利华,AI硬件,93.38,-2.82,6.13,-33.28,0.92,46.7,0.233,否,-39.2,29.7,5.63,1.42,41.0,
71,SH603259,药明康德,关注个股,160.0,5.79,-1.76,35.39,0.98,59.2,-0.882,否,-7.83,84.3,2.99,-1.11,40.0,
72,SH688126,沪硅产业,AI硬件,24.41,10.35,-0.89,-29.98,1.23,47.8,0.518,是,-44.36,28.6,3.7,-3.02,40.0,MACD红柱放大/近5日MACD金叉
73,SH688549,中巨芯,AI硬件,24.36,10.33,-10.44,-24.11,1.27,48.7,0.487,是,-44.64,45.5,5.81,-4.33,40.0,MACD红柱放大/近5日MACD金叉
74,SH600919,江苏银行,关注个股,12.17,-3.18,1.93,9.74,1.1,52.2,-0.086,否,-4.92,80.0,2.08,0.8,39.0,逼近/创250日新高
75,SH688167,炬光科技,AI硬件,311.62,8.73,10.87,-11.3,0.77,57.2,-0.488,否,-43.24,44.8,7.08,1.17,39.0,
76,SH688195,腾景科技,AI硬件,199.48,2.36,15.98,6.33,0.84,51.4,-3.282,否,-53.51,34.0,6.84,1.92,39.0,
77,SZ300759,康龙化成,关注个股,43.3,7.5,-9.75,64.51,1.03,50.0,-0.219,否,-19.17,68.5,3.84,-3.74,38.0,
78,SZ301377,鼎泰高科,AI硬件,408.89,4.76,-1.83,-30.7,0.93,45.7,5.166,是,-38.61,57.3,4.84,-2.31,38.0,多头排列/MACD红柱放大/近5日MACD金叉
79,SZ002463,沪电股份,AI硬件,123.5,-3.7,1.89,-16.15,0.92,48.2,0.513,否,-21.93,65.3,5.09,1.19,38.0,
80,SH603163,XD圣晖集,AI硬件,84.37,5.78,2.53,-37.77,1.01,57.1,1.317,否,-46.26,37.5,5.11,-1.54,38.0,MACD红柱放大
81,SH688783,西安奕材,AI硬件,29.46,13.75,-6.3,-45.3,1.19,42.7,0.712,是,-55.92,18.6,5.21,-4.54,38.0,MACD红柱放大/近5日MACD金叉/低位区
82,SH601577,长沙银行,关注个股,9.79,-1.41,2.84,10.37,0.86,54.4,-0.072,否,-3.83,75.0,1.96,1.23,37.0,逼近/创250日新高
83,SH603127,昭衍新药,关注个股,45.76,10.61,-7.12,23.41,0.98,47.1,0.131,是,-17.82,66.3,4.26,-4.3,36.0,MACD红柱放大/近5日MACD金叉
84,SZ000001,平安银行,关注个股,11.7,-0.34,2.54,14.37,0.86,49.2,-0.076,否,-3.15,81.8,1.64,1.05,35.0,逼近/创250日新高
85,SZ300285,国瓷材料,AI硬件,67.16,6.99,-1.03,-34.68,1.12,44.7,1.271,是,-40.5,50.3,5.33,-0.68,35.0,MACD红柱放大/近5日MACD金叉
86,SH601133,柏诚股份,AI硬件,26.0,13.89,2.56,-32.08,0.83,52.4,0.53,是,-43.11,41.0,4.19,-2.53,35.0,MACD红柱放大/近5日MACD金叉
87,SH688146,中船特气,AI硬件,239.2,5.68,-9.08,-37.97,1.17,39.6,2.884,是,-42.64,53.1,5.19,-5.08,35.0,MACD红柱放大/近5日MACD金叉
88,SH600036,招商银行,关注个股,40.59,-1.84,4.34,12.75,0.83,54.7,-0.204,否,-7.31,62.4,1.71,1.45,34.0,
89,SH601009,南京银行,关注个股,11.8,-3.59,0.17,15.23,0.86,54.2,-0.089,否,-5.14,75.3,2.13,0.73,34.0,
90,SZ301536,星宸科技,AI硬件,125.77,13.41,7.4,1.09,0.79,44.5,-0.565,否,-14.22,77.6,5.05,-1.49,33.0,
91,SZ002837,英维克,AI硬件,63.28,4.51,16.93,-23.36,0.56,36.8,-0.391,否,-48.02,23.0,4.64,2.53,33.0,
92,SZ002948,青岛银行,关注个股,6.05,-3.04,1.68,14.58,0.85,45.4,-0.08,否,-5.76,83.4,2.49,1.03,32.0,
93,SZ300620,光库科技,AI硬件,297.41,2.73,-2.5,-17.94,1.05,41.2,-1.18,否,-28.04,64.5,6.4,-1.63,32.0,
94,SZ002428,云南锗业,AI硬件,93.5,5.73,-7.32,-22.39,1.01,39.2,-0.208,否,-29.64,63.8,5.03,-3.4,32.0,
95,SZ301217,铜冠铜箔,AI硬件,113.29,5.63,-1.32,-33.48,1.04,38.5,1.365,是,-43.96,49.3,6.47,-1.62,31.0,MACD红柱放大/近5日MACD金叉
96,SZ301200,大族数控,AI硬件,271.17,4.61,-3.84,-26.86,1.03,45.4,0.864,是,-31.41,60.1,5.05,-2.98,31.0,MACD红柱放大/近5日MACD金叉
97,SH688008,澜起科技,AI硬件,202.53,5.51,0.99,-22.65,0.95,48.3,2.821,是,-39.16,42.1,4.28,-1.81,31.0,MACD红柱放大/近5日MACD金叉
98,SH603893,瑞芯微,AI硬件,190.04,5.4,5.22,4.42,0.74,45.9,0.284,是,-18.94,50.1,4.03,-1.26,31.0,MACD红柱放大/近5日MACD金叉
99,SH688627,精智达,AI硬件,503.0,10.74,3.76,-23.05,0.83,46.2,5.355,是,-31.69,63.1,6.92,-1.97,29.0,MACD红柱放大/近5日MACD金叉
100,SH600378,昊华科技,AI硬件,48.0,5.75,1.61,-22.95,0.8,39.1,0.145,是,-45.52,33.3,6.52,-0.1,29.0,MACD红柱放大/近5日MACD金叉
101,SH603738,泰晶科技,AI硬件,37.89,8.07,0.85,-41.07,0.84,44.3,0.361,是,-45.36,43.0,5.07,-1.01,29.0,MACD红柱放大/近5日MACD金叉
102,SH600546,山煤国际,关注个股,13.39,0.68,1.36,19.45,0.71,37.7,-0.111,否,-14.88,61.5,3.73,0.13,28.0,
103,SH600941,中国移动,关注个股,96.63,-1.12,0.39,11.3,0.79,34.9,-0.745,否,-11.84,46.4,1.37,0.23,28.0,
104,SZ300308,中际旭创,AI硬件,926.43,0.05,-1.76,-26.12,0.91,60.6,22.146,否,-34.61,54.6,4.71,-1.49,28.0,MACD红柱放大
105,SH688183,生益电子,AI硬件,121.2,-3.23,12.66,-8.11,0.91,42.3,-1.536,否,-21.27,61.7,6.42,2.84,27.0,
106,SH600028,中国石化,关注个股,5.16,-6.52,1.18,14.16,0.8,35.6,-0.104,否,-36.37,19.8,2.73,0.65,26.0,低位区
107,SZ002851,麦格米特,AI硬件,126.8,0.88,-0.98,-21.12,0.95,46.9,0.017,是,-33.26,48.8,6.55,-0.97,26.0,MACD红柱放大/近5日MACD金叉
108,SH601101,昊华能源,关注个股,12.92,-2.49,1.57,18.86,0.45,23.6,-0.366,否,-15.67,70.8,4.21,0.47,25.0,
109,SH601318,中国平安,关注个股,53.37,-2.66,0.04,13.0,0.71,37.3,-0.935,否,-28.73,23.1,2.35,0.74,25.0,
110,SZ301591,肯特股份,AI硬件,44.43,2.28,17.6,-14.74,0.66,28.4,-1.854,否,-26.54,57.2,8.81,5.66,25.0,
111,SZ002536,飞龙股份,AI硬件,53.64,0.64,14.2,11.47,0.67,47.7,-1.35,否,-16.15,76.4,7.13,4.25,25.0,
112,SZ300489,光智科技,AI硬件,224.62,8.98,3.73,-20.7,0.98,42.6,-1.744,否,-31.89,63.8,7.37,-2.54,25.0,
113,SZ002938,鹏鼎控股,AI硬件,89.88,-2.99,0.76,-19.01,0.98,44.2,0.656,否,-26.99,58.9,5.13,-0.56,25.0,
114,SZ002384,东山精密,AI硬件,196.15,0.89,-2.45,-24.65,0.99,48.7,2.616,否,-29.97,62.0,5.11,-2.0,24.0,MACD红柱放大
115,SH603929,亚翔集成,AI硬件,163.68,5.81,-1.98,-37.25,0.89,48.3,2.239,是,-42.57,51.0,4.4,-2.39,24.0,MACD红柱放大/近5日MACD金叉
116,SZ002050,三花智控,AI硬件,35.31,1.26,-3.81,-14.92,1.09,43.5,0.023,是,-41.9,9.0,2.79,-2.21,24.0,MACD红柱放大/近5日MACD金叉/低位区
117,SZ300760,迈瑞医疗,关注个股,156.87,-3.6,1.57,17.08,0.6,31.9,-3.361,否,-36.99,22.2,2.46,0.88,23.0,
118,SH601225,陕西煤业,关注个股,25.2,-3.26,-2.06,21.74,0.74,22.5,-0.369,否,-10.64,64.6,2.98,0.09,23.0,
119,SH601088,中国神华,关注个股,46.23,-2.69,-0.39,16.83,0.71,27.7,-0.463,否,-9.67,63.4,2.38,0.43,23.0,
120,SZ000657,中钨高新,AI硬件,61.76,5.54,-9.36,-37.94,1.1,39.7,0.445,是,-45.82,46.5,4.58,-2.83,21.0,MACD红柱放大/近5日MACD金叉
121,SH688617,惠泰医疗,关注个股,240.0,-1.17,-8.92,32.4,0.88,44.7,-3.423,否,-28.83,39.6,3.56,0.45,20.0,
122,SZ001309,德明利,AI硬件,413.09,2.57,-0.49,-56.56,0.86,42.4,7.424,否,-57.85,36.1,4.67,-1.15,20.0,MACD红柱放大
123,SH600938,中国海油,关注个股,32.3,-4.75,-4.61,18.01,0.93,27.8,-0.534,否,-27.48,35.7,3.19,-0.25,17.0,
124,SH688428,诺诚健华,关注个股,28.36,7.71,-4.19,12.09,0.88,50.3,-0.281,否,-14.91,64.4,5.6,-1.84,16.0,
125,SZ300476,胜宏科技,AI硬件,227.05,-0.85,-10.52,-28.95,0.92,38.8,0.354,是,-43.6,21.9,4.4,-3.44,16.0,MACD红柱放大/近5日MACD金叉
126,SH601628,中国人寿,关注个股,37.8,-0.5,2.08,7.88,0.61,44.5,-0.22,否,-27.2,28.0,2.43,0.37,12.0,
127,SH688578,艾力斯,关注个股,100.41,0.92,-13.81,7.42,1.09,27.9,-1.651,否,-27.4,36.3,3.1,-4.23,9.0,
128,SZ300298,三诺生物,关注个股,15.63,2.96,-2.62,14.51,0.92,42.7,-0.066,否,-27.2,27.9,1.94,-0.89,9.0,
129,SH601857,中国石油,关注个股,10.56,-6.05,-5.71,18.25,0.97,23.5,-0.199,否,-22.86,44.6,2.75,-0.38,9.0,
130,SH688161,威高骨科,关注个股,21.34,-1.43,-3.35,5.8,0.82,44.1,-0.259,否,-42.79,8.6,3.06,-1.26,8.0,低位区
131,SH600188,兖矿能源,关注个股,19.68,-7.95,-8.08,9.45,0.89,21.1,-0.589,否,-29.21,45.2,4.75,-1.98,7.0,
132,SH601898,中煤能源,关注个股,13.86,-5.91,-3.08,10.79,0.66,21.8,-0.335,否,-29.89,32.8,3.84,-0.13,7.0,
133,SH601699,潞安环能,关注个股,15.19,-3.37,-8.99,1.95,0.69,18.5,-0.385,否,-23.13,43.0,3.96,-1.44,7.0,
134,SH688016,心脉医疗,关注个股,84.76,1.95,-8.33,-1.53,0.62,27.6,-0.292,否,-26.93,7.1,1.51,-2.35,5.0,低位区
135,SZ300633,开立医疗,关注个股,19.0,-1.35,-8.17,5.73,0.92,42.9,-0.303,否,-48.51,9.1,3.63,-2.01,5.0,低位区
136,SH688271,联影医疗,关注个股,101.0,-2.05,-4.72,2.82,0.76,40.0,-0.641,否,-36.5,8.1,2.3,-1.62,3.0,低位区
137,SH601336,新华保险,关注个股,58.18,-0.21,-1.04,-2.38,0.55,40.1,-0.461,否,-32.23,10.3,2.28,-0.16,3.0,低位区
138,SZ002653,海思科,关注个股,63.54,1.52,-4.52,14.47,0.63,38.1,-0.692,否,-21.39,55.0,3.65,-1.98,2.0,
139,SH688331,荣昌生物,关注个股,114.84,0.1,-8.49,1.64,0.76,39.2,-1.359,否,-27.22,48.1,3.82,-3.14,2.0,
140,SH688235,百济神州,关注个股,256.0,3.52,-11.5,10.3,0.79,35.7,-2.39,否,-25.8,36.2,2.62,-3.39,2.0,
141,SH601138,工业富联,AI硬件,62.71,-2.12,-0.21,-10.69,0.8,44.4,-0.392,否,-26.18,40.9,3.4,-0.99,2.0,
142,SZ002415,海康威视,AI硬件,32.94,-0.93,-4.24,-1.14,0.67,16.8,-0.366,否,-15.93,41.0,2.34,-1.26,2.0,
-,SH688825,长鑫科技,,N/A(本地缺日线数据),,,,,,,,,,,,,
