date,product,main_contract,main_contract_volume,main_contract_open_interest,close,settle,pre_settle
2025-04-09,IC,IC2504,89534,77524,5387.2,5408.4,5231.4
2025-04-09,IF,IF2506,115307,150590,3614.0,3620.2,3538.6
2025-04-09,IH,IH2506,65219,58795,2564.2,2563.2,2517.4
2025-04-09,IM,IM2506,307215,184548,5429.6,5451.0,5270.4
2025-04-10,IC,IC2504,60899,65270,5509.0,5528.6,5408.4
2025-04-10,IF,IF2506,83748,141689,3673.0,3678.8,3620.2
2025-04-10,IH,IH2506,43873,48237,2582.2,2585.6,2563.2
2025-04-10,IM,IM2506,222566,174420,5578.2,5598.0,5451.0
2025-04-11,IC,IC2504,48540,62461,5555.8,5569.8,5528.6
2025-04-11,IF,IF2506,69617,139942,3686.6,3693.0,3678.8
2025-04-11,IH,IH2506,33127,47569,2595.6,2595.4,2585.6
2025-04-11,IM,IM2506,192909,173299,5672.2,5685.4,5598.0
2025-04-14,IC,IC2504,38051,51902,5584.8,5591.4,5569.8
2025-04-14,IF,IF2506,45569,135018,3694.8,3699.0,3693.0
2025-04-14,IH,IH2506,26026,46111,2606.6,2610.0,2595.4
2025-04-14,IM,IM2506,133293,162218,5693.0,5702.0,5685.4
2025-04-15,IC,IC2504,38649,46610,5580.0,5571.6,5591.4
2025-04-15,IF,IF2506,44540,137582,3690.4,3688.6,3699.0
2025-04-15,IH,IH2506,21919,45206,2608.8,2606.4,2610.0
2025-04-15,IM,IM2506,126870,164742,5680.4,5673.2,5702.0
2025-04-16,IC,IC2504,44211,36562,5540.4,5525.2,5571.6
2025-04-16,IF,IF2506,58241,141540,3690.8,3677.6,3688.6
2025-04-16,IH,IH2506,31223,46398,2620.0,2612.2,2606.4
2025-04-16,IM,IM2506,156339,171071,5603.0,5594.4,5673.2
2025-04-17,IC,IC2506,44149,99918,5406.6,5422.2,5355.4
2025-04-17,IF,IF2506,55799,141593,3710.6,3712.8,3677.6
2025-04-17,IH,IH2506,28211,44853,2633.6,2634.6,2612.2
2025-04-17,IM,IM2506,156019,168300,5653.8,5672.6,5594.4
2025-04-18,IC,IC2506,42314,100600,5400.0,5423.8,5422.2
2025-04-18,IF,IF2506,45646,139841,3708.8,3714.6,3712.8
2025-04-18,IH,IH2506,25557,44395,2633.4,2633.0,2634.6
2025-04-18,IM,IM2506,150566,168687,5642.0,5670.4,5672.6
2025-04-21,IC,IC2506,42483,99810,5499.8,5507.6,5423.8
2025-04-21,IF,IF2506,44191,139536,3733.2,3738.6,3714.6
2025-04-21,IH,IH2506,23857,43953,2631.4,2636.2,2633.0
2025-04-21,IM,IM2506,137318,166314,5770.0,5770.0,5670.4
2025-04-22,IC,IC2506,37064,97788,5486.0,5497.0,5507.6
2025-04-22,IF,IF2506,37955,136331,3733.0,3740.0,3738.6
2025-04-22,IH,IH2506,19683,42709,2637.4,2641.4,2636.2
2025-04-22,IM,IM2506,130317,163968,5769.6,5782.6,5770.0
2025-04-23,IC,IC2506,45995,101966,5495.0,5495.8,5497.0
2025-04-23,IF,IF2506,48170,137093,3734.0,3735.2,3740.0
2025-04-23,IH,IH2506,23296,43864,2627.4,2627.6,2641.4
2025-04-23,IM,IM2506,146296,166689,5820.0,5821.6,5782.6
2025-04-24,IC,IC2506,39686,99171,5478.0,5475.4,5495.8
2025-04-24,IF,IF2506,48747,136827,3736.8,3737.0,3735.2
2025-04-24,IH,IH2506,24156,43465,2635.8,2635.2,2627.6
2025-04-24,IM,IM2506,135094,163863,5767.4,5761.6,5821.6
2025-04-25,IC,IC2506,43767,99051,5498.6,5499.8,5475.4
2025-04-25,IF,IF2506,47168,136227,3739.2,3737.6,3737.0
2025-04-25,IH,IH2506,26636,44804,2628.0,2626.4,2635.2
2025-04-25,IM,IM2506,147686,167733,5786.6,5785.0,5761.6
2025-04-28,IC,IC2506,37058,96080,5471.0,5474.4,5499.8
2025-04-28,IF,IF2506,38102,134340,3730.6,3732.8,3737.6
2025-04-28,IH,IH2506,21403,42616,2628.0,2630.4,2626.4
2025-04-28,IM,IM2506,120927,159258,5729.0,5733.2,5785.0
2025-04-29,IC,IC2506,34048,95869,5487.2,5487.6,5474.4
2025-04-29,IF,IF2506,37569,134140,3724.8,3725.8,3732.8
2025-04-29,IH,IH2506,20683,43068,2621.2,2623.2,2630.4
2025-04-29,IM,IM2506,116166,159461,5773.6,5769.0,5733.2
2025-04-30,IC,IC2506,38409,94639,5497.0,5512.0,5487.6
2025-04-30,IF,IF2506,42386,136357,3716.2,3724.0,3725.8
2025-04-30,IH,IH2506,26366,44590,2609.2,2612.0,2623.2
2025-04-30,IM,IM2506,108819,153214,5801.4,5814.0,5769.0
2025-05-06,IC,IC2506,43200,97319,5622.0,5619.4,5512.0
2025-05-06,IF,IF2506,47831,138953,3766.2,3765.8,3724.0
2025-05-06,IH,IH2506,25377,44285,2629.6,2629.0,2612.0
2025-05-06,IM,IM2506,107389,160100,5953.2,5947.8,5814.0
2025-05-07,IC,IC2506,54572,100287,5620.2,5609.6,5619.4
2025-05-07,IF,IF2506,56105,141994,3785.0,3778.2,3765.8
2025-05-07,IH,IH2506,29460,46351,2646.4,2643.0,2629.0
2025-05-07,IM,IM2506,158085,174521,5955.2,5945.0,5947.8
2025-05-08,IC,IC2506,43288,98379,5660.0,5660.8,5609.6
2025-05-08,IF,IF2506,58985,146021,3816.0,3815.8,3778.2
2025-05-08,IH,IH2506,31258,47278,2664.8,2665.0,2643.0
2025-05-08,IM,IM2506,125065,165679,6018.8,6015.6,5945.0
2025-05-09,IC,IC2506,44378,98899,5604.8,5605.2,5660.8
2025-05-09,IF,IF2506,39940,138820,3808.6,3806.0,3815.8
2025-05-09,IH,IH2506,17832,43172,2666.2,2666.2,2665.0
2025-05-09,IM,IM2506,124744,165673,5945.2,5944.0,6015.6
2025-05-12,IC,IC2506,52449,101404,5688.0,5673.2,5605.2
2025-05-12,IF,IF2506,61843,152926,3853.0,3849.6,3806.0
2025-05-12,IH,IH2506,31684,50672,2686.6,2685.4,2666.2
2025-05-12,IM,IM2506,134023,170704,6037.0,6022.2,5944.0
2025-05-13,IC,IC2506,49100,102084,5654.6,5654.4,5673.2
2025-05-13,IF,IF2506,45698,143968,3851.0,3851.4,3849.6
2025-05-13,IH,IH2506,21914,48431,2688.2,2688.0,2685.4
2025-05-13,IM,IM2506,132408,170058,5996.6,5997.0,6022.2
2025-05-14,IC,IC2506,72621,117024,5697.8,5685.4,5654.4
2025-05-14,IF,IF2506,81957,164602,3907.4,3901.8,3851.4
2025-05-14,IH,IH2506,48329,61472,2737.6,2733.4,2688.0
2025-05-14,IM,IM2506,189515,196475,6043.0,6026.0,5997.0
2025-05-15,IC,IC2506,58925,117015,5623.0,5615.8,5685.4
2025-05-15,IF,IF2506,59965,153318,3872.8,3871.4,3901.8
2025-05-15,IH,IH2506,36205,56219,2723.0,2722.6,2733.4
2025-05-15,IM,IM2506,155023,187025,5949.0,5943.0,6026.0
2025-05-16,IC,IC2506,47834,116190,5601.8,5610.0,5615.8
2025-05-16,IF,IF2506,55823,154933,3846.0,3846.4,3871.4
2025-05-16,IH,IH2506,35488,54791,2695.2,2693.4,2722.6
2025-05-16,IM,IM2506,131868,188635,5933.8,5948.8,5943.0
2025-05-19,IC,IC2506,51297,118428,5623.0,5618.2,5610.0
2025-05-19,IF,IF2506,48882,149439,3843.2,3841.2,3846.4
2025-05-19,IH,IH2506,27081,51445,2688.8,2687.4,2693.4
2025-05-19,IM,IM2506,140984,192261,5975.4,5966.6,5948.8
2025-05-20,IC,IC2506,45384,112947,5650.8,5648.2,5618.2
2025-05-20,IF,IF2506,52572,150105,3865.4,3864.6,3841.2
2025-05-20,IH,IH2506,27980,51766,2699.4,2700.2,2687.4
2025-05-20,IM,IM2506,124540,184920,6019.4,6011.6,5966.6
2025-05-21,IC,IC2506,39909,111497,5655.6,5654.4,5648.2
2025-05-21,IF,IF2506,56306,146414,3881.2,3881.6,3864.6
2025-05-21,IH,IH2506,27164,50924,2712.6,2712.8,2700.2
2025-05-21,IM,IM2506,111291,180860,6000.6,5998.6,6011.6
2025-05-22,IC,IC2506,53832,116140,5614.8,5615.4,5654.4
2025-05-22,IF,IF2506,52835,143884,3879.6,3880.4,3881.6
2025-05-22,IH,IH2506,28918,51342,2715.4,2715.2,2712.8
2025-05-22,IM,IM2506,148619,195203,5950.0,5949.2,5998.6
2025-05-23,IC,IC2506,67871,118330,5561.8,5576.4,5615.4
2025-05-23,IF,IF2506,78281,152612,3846.2,3854.6,3880.4
2025-05-23,IH,IH2506,39517,56417,2693.0,2696.8,2715.2
2025-05-23,IM,IM2506,167101,194014,5872.0,5896.2,5949.2
2025-05-26,IC,IC2506,56454,110791,5594.6,5591.6,5576.4
2025-05-26,IF,IF2506,62863,138782,3831.2,3828.6,3854.6
2025-05-26,IH,IH2506,34244,51685,2684.4,2682.4,2696.8
2025-05-26,IM,IM2506,133893,181503,5925.0,5921.2,5896.2
2025-05-27,IC,IC2506,52001,109673,5578.0,5582.6,5591.6
2025-05-27,IF,IF2506,54529,140116,3809.2,3812.8,3828.6
2025-05-27,IH,IH2506,28167,51671,2668.6,2671.0,2682.4
2025-05-27,IM,IM2506,140778,186517,5915.0,5918.0,5921.2
2025-05-28,IC,IC2506,42102,104395,5568.0,5563.6,5582.6
2025-05-28,IF,IF2506,45973,129593,3805.0,3806.8,3812.8
2025-05-28,IH,IH2506,21699,47109,2665.4,2667.0,2671.0
2025-05-28,IM,IM2506,120232,175258,5899.0,5892.6,5918.0
2025-05-29,IC,IC2506,68773,112167,5668.6,5662.4,5563.6
2025-05-29,IF,IF2506,70602,136268,3832.8,3835.4,3806.8
2025-05-29,IH,IH2506,37631,54235,2673.6,2676.0,2667.0
2025-05-29,IM,IM2506,166397,187832,6031.0,6019.0,5892.6
2025-05-30,IC,IC2506,53557,101945,5627.8,5619.8,5662.4
2025-05-30,IF,IF2506,63806,122449,3822.4,3820.6,3835.4
2025-05-30,IH,IH2506,36536,49121,2667.2,2667.2,2676.0
2025-05-30,IM,IM2506,130165,168201,5966.0,5957.4,6019.0
2025-06-03,IC,IC2506,46453,104981,5638.4,5646.0,5619.8
2025-06-03,IF,IF2506,52960,123878,3824.8,3826.8,3820.6
2025-06-03,IH,IH2506,29234,49619,2668.6,2669.4,2667.2
2025-06-03,IM,IM2506,112727,169461,5998.0,6004.8,5957.4
2025-06-04,IC,IC2506,38714,98287,5688.8,5688.8,5646.0
2025-06-04,IF,IF2506,47487,116411,3842.4,3843.8,3826.8
2025-06-04,IH,IH2506,22289,47017,2673.6,2674.4,2669.4
2025-06-04,IM,IM2506,100779,161713,6054.0,6051.8,6004.8
2025-06-05,IC,IC2506,43186,100210,5723.6,5726.4,5688.8
2025-06-05,IF,IF2506,49359,116859,3852.0,3856.0,3843.8
2025-06-05,IH,IH2506,26100,47574,2674.0,2676.0,2674.4
2025-06-05,IM,IM2506,118336,166975,6101.6,6100.8,6051.8
2025-06-06,IC,IC2506,34070,94713,5725.4,5720.6,5726.4
2025-06-06,IF,IF2506,43521,110984,3855.4,3853.8,3856.0
2025-06-06,IH,IH2506,23950,44741,2673.6,2672.8,2676.0
2025-06-06,IM,IM2506,88977,154557,6100.2,6094.2,6100.8
2025-06-09,IC,IC2506,46713,99590,5766.4,5768.8,5720.6
2025-06-09,IF,IF2506,57026,119577,3867.8,3867.8,3853.8
2025-06-09,IH,IH2506,30458,47436,2676.6,2674.2,2672.8
2025-06-09,IM,IM2506,105988,156512,6167.8,6169.0,6094.2
2025-06-10,IC,IC2506,52147,93852,5718.2,5718.4,5768.8
2025-06-10,IF,IF2506,64495,112083,3841.0,3844.4,3867.8
2025-06-10,IH,IH2506,38481,46099,2660.0,2661.4,2674.2
2025-06-10,IM,IM2506,132573,158926,6113.8,6105.6,6169.0
2025-06-11,IC,IC2506,47295,89802,5761.2,5768.0,5718.4
2025-06-11,IF,IF2506,69002,115340,3878.8,3881.4,3844.4
2025-06-11,IH,IH2506,35407,44558,2682.4,2681.6,2661.4
2025-06-11,IM,IM2506,112327,144803,6144.0,6152.0,6105.6
2025-06-12,IC,IC2506,40513,84586,5780.0,5777.0,5768.0
2025-06-12,IF,IF2506,51953,102508,3883.6,3881.6,3881.4
2025-06-12,IH,IH2506,30227,42917,2682.2,2682.2,2681.6
2025-06-12,IM,IM2506,99982,142864,6156.8,6152.8,6152.0
2025-06-13,IC,IC2506,53130,81891,5729.0,5729.8,5777.0
2025-06-13,IF,IF2506,60941,104348,3856.4,3855.2,3881.6
2025-06-13,IH,IH2506,32980,44411,2665.2,2665.6,2682.2
2025-06-13,IM,IM2506,119917,141736,6084.2,6083.6,6152.8
2025-06-16,IC,IC2506,47548,69823,5756.2,5760.2,5729.8
2025-06-16,IF,IF2506,57349,83317,3869.8,3869.0,3855.2
2025-06-16,IH,IH2506,29457,39603,2678.4,2678.2,2665.6
2025-06-16,IM,IM2506,96721,124057,6127.4,6128.8,6083.6
2025-06-17,IC,IC2506,45830,60777,5748.4,5736.4,5760.2
2025-06-17,IF,IF2506,53299,71388,3868.6,3863.4,3869.0
2025-06-17,IH,IH2506,28286,32008,2680.8,2677.2,2678.2
2025-06-17,IM,IM2506,97198,112030,6130.0,6118.0,6128.8
2025-06-18,IC,IC2506,43253,49346,5738.0,5736.8,5736.4
2025-06-18,IF,IF2506,52365,55637,3872.2,3871.2,3863.4
2025-06-18,IH,IH2506,23851,26177,2677.4,2676.0,2677.2
2025-06-18,IM,IM2506,87763,88005,6124.2,6121.2,6118.0
2025-06-19,IC,IC2506,40032,35618,5677.8,5669.6,5736.8
2025-06-19,IF,IF2506,43781,37486,3840.4,3837.4,3871.2
2025-06-19,IH,IH2506,21216,17340,2659.2,2658.8,2676.0
2025-06-19,IM,IM2506,81581,56583,6050.4,6046.6,6121.2
2025-06-20,IC,IC2507,37576,73087,5588.4,5590.2,5604.2
2025-06-20,IF,IF2509,35051,119027,3773.6,3771.6,3762.0
2025-06-20,IH,IH2509,21677,42653,2635.4,2633.4,2617.2
2025-06-20,IM,IM2509,84705,146127,5787.8,5792.8,5800.4
2025-06-23,IC,IC2507,36618,74146,5625.8,5630.6,5590.2
2025-06-23,IF,IF2509,47208,128778,3797.4,3799.8,3771.6
2025-06-23,IH,IH2509,28646,49768,2652.8,2655.0,2633.4
2025-06-23,IM,IM2509,99867,153037,5851.2,5856.2,5792.8
2025-06-24,IC,IC2507,44444,77007,5726.4,5719.8,5630.6
2025-06-24,IF,IF2509,57535,133116,3852.4,3848.6,3799.8
2025-06-24,IH,IH2509,34596,50754,2682.0,2680.0,2655.0
2025-06-24,IM,IM2509,120129,156132,5995.0,5988.6,5856.2
2025-06-25,IC,IC2507,50210,81182,5834.2,5826.0,5719.8
2025-06-25,IF,IF2509,61056,139245,3922.8,3913.2,3848.6
2025-06-25,IH,IH2509,33258,52779,2722.6,2715.4,2680.0
2025-06-25,IM,IM2509,139775,170051,6119.6,6101.4,5988.6
2025-06-26,IC,IC2507,34054,76012,5809.2,5813.4,5826.0
2025-06-26,IF,IF2509,43176,135683,3904.2,3905.6,3913.2
2025-06-26,IH,IH2509,21991,48436,2711.0,2711.8,2715.4
2025-06-26,IM,IM2509,106191,161694,6097.8,6104.8,6101.4
2025-06-27,IC,IC2507,36609,77537,5827.0,5829.8,5813.4
2025-06-27,IF,IF2509,56221,139367,3876.6,3878.2,3905.6
2025-06-27,IH,IH2509,32852,53070,2680.0,2681.8,2711.8
2025-06-27,IM,IM2509,113010,167757,6110.8,6118.8,6104.8
2025-06-30,IC,IC2507,32984,73467,5863.0,5867.4,5829.8
2025-06-30,IF,IF2509,40077,135428,3885.8,3887.0,3878.2
2025-06-30,IH,IH2509,22994,49133,2689.0,2687.6,2681.8
2025-06-30,IM,IM2509,94541,158728,6148.6,6155.6,6118.8
2025-07-01,IC,IC2507,31394,70063,5868.0,5872.0,5867.4
2025-07-01,IF,IF2509,34558,132977,3886.0,3889.4,3887.0
2025-07-01,IH,IH2509,17755,48099,2689.8,2692.6,2687.6
2025-07-01,IM,IM2509,103226,164955,6133.4,6134.0,6155.6
2025-07-02,IC,IC2507,30107,69955,5856.6,5849.6,5872.0
2025-07-02,IF,IF2509,35301,133038,3894.2,3891.8,3889.4
2025-07-02,IH,IH2509,20389,47699,2696.8,2696.8,2692.6
2025-07-02,IM,IM2509,93428,159237,6117.0,6107.4,6134.0
2025-07-03,IC,IC2507,27703,69802,5874.0,5874.6,5849.6
2025-07-03,IF,IF2509,38088,132375,3918.0,3917.8,3891.8
2025-07-03,IH,IH2509,19650,46778,2701.8,2700.4,2696.8
2025-07-03,IM,IM2509,95917,161580,6135.8,6138.6,6107.4
2025-07-04,IC,IC2507,43750,76622,5874.2,5870.0,5874.6
2025-07-04,IF,IF2509,66892,146863,3936.0,3930.0,3917.8
2025-07-04,IH,IH2509,39517,56007,2717.2,2711.2,2700.4
2025-07-04,IM,IM2509,151899,177599,6112.2,6107.2,6138.6
2025-07-07,IC,IC2507,23473,68547,5859.2,5862.8,5870.0
2025-07-07,IF,IF2509,35769,135826,3918.0,3919.4,3930.0
2025-07-07,IH,IH2509,19180,49584,2708.0,2709.0,2711.2
2025-07-07,IM,IM2509,80166,160866,6111.6,6112.8,6107.2
2025-07-08,IC,IC2507,39009,72555,5958.0,5952.6,5862.8
2025-07-08,IF,IF2509,50571,142398,3958.6,3959.2,3919.4
2025-07-08,IH,IH2509,28303,51681,2727.8,2728.8,2709.0
2025-07-08,IM,IM2509,128815,176309,6235.8,6226.2,6112.8
2025-07-09,IC,IC2507,29791,65998,5930.0,5937.2,5952.6
2025-07-09,IF,IF2509,43451,137184,3952.8,3957.0,3959.2
2025-07-09,IH,IH2509,24948,49980,2724.0,2727.0,2728.8
2025-07-09,IM,IM2509,94223,161900,6214.0,6219.8,6226.2
2025-07-10,IC,IC2507,31023,65381,5958.8,5968.0,5937.2
2025-07-10,IF,IF2509,51019,144324,3972.0,3981.8,3957.0
2025-07-10,IH,IH2509,33722,56981,2740.4,2749.2,2727.0
2025-07-10,IM,IM2509,98260,169266,6231.6,6241.8,6219.8
2025-07-11,IC,IC2507,48478,65777,6023.0,6026.4,5968.0
2025-07-11,IF,IF2509,84781,158393,3993.4,3998.8,3981.8
2025-07-11,IH,IH2509,52171,64210,2751.6,2761.2,2749.2
2025-07-11,IM,IM2509,147131,181506,6319.8,6321.2,6241.8
2025-07-14,IC,IC2507,28123,52714,6008.4,6015.6,6026.4
2025-07-14,IF,IF2509,37589,150188,3985.8,3990.2,3998.8
2025-07-14,IH,IH2509,21777,56656,2747.4,2751.8,2761.2
2025-07-14,IM,IM2509,71184,168013,6302.2,6312.0,6321.2
2025-07-15,IC,IC2507,39182,47615,6008.2,6004.0,6015.6
2025-07-15,IF,IF2509,62583,152828,3980.6,3981.4,3990.2
2025-07-15,IH,IH2509,34281,58202,2734.2,2735.8,2751.8
2025-07-15,IM,IM2509,120268,181672,6277.4,6274.8,6312.0
2025-07-16,IC,IC2509,37648,98197,5895.2,5899.6,5892.8
2025-07-16,IF,IF2509,45629,147324,3971.0,3974.8,3981.4
2025-07-16,IH,IH2509,25504,54913,2730.4,2730.8,2735.8
2025-07-16,IM,IM2509,113703,172288,6298.0,6300.8,6274.8
2025-07-17,IC,IC2509,38304,102295,5978.0,5972.4,5899.6
2025-07-17,IF,IF2509,49872,153281,4011.8,4005.4,3974.8
2025-07-17,IH,IH2509,26576,57361,2741.4,2738.2,2730.8
2025-07-17,IM,IM2509,109376,177468,6390.4,6383.6,6300.8
2025-07-18,IC,IC2509,41183,104430,6000.8,5993.2,5972.4
2025-07-18,IF,IF2509,59958,157186,4041.8,4035.2,4005.4
2025-07-18,IH,IH2509,35272,61598,2767.0,2763.2,2738.2
2025-07-18,IM,IM2509,104691,175267,6413.6,6403.8,6383.6
2025-07-21,IC,IC2509,42464,106804,6055.6,6059.8,5993.2
2025-07-21,IF,IF2509,49413,152831,4064.8,4064.4,4035.2
2025-07-21,IH,IH2509,27071,59730,2771.2,2771.8,2763.2
2025-07-21,IM,IM2509,106976,178934,6463.2,6472.6,6403.8
2025-07-22,IC,IC2509,49010,108997,6129.4,6111.8,6059.8
2025-07-22,IF,IF2509,69503,162828,4109.8,4096.6,4064.4
2025-07-22,IH,IH2509,37371,65052,2796.8,2789.4,2771.8
2025-07-22,IM,IM2509,118700,178632,6515.4,6495.8,6472.6
2025-07-23,IC,IC2509,54336,109396,6120.0,6120.8,6111.8
2025-07-23,IF,IF2509,76014,161682,4109.2,4109.8,4096.6
2025-07-23,IH,IH2509,42398,63695,2802.8,2802.6,2789.4
2025-07-23,IM,IM2509,131364,182055,6500.0,6499.2,6495.8
2025-07-24,IC,IC2509,49292,109680,6226.0,6217.8,6120.8
2025-07-24,IF,IF2509,65298,163125,4141.2,4136.8,4109.8
2025-07-24,IH,IH2509,34309,63790,2816.6,2813.8,2802.6
2025-07-24,IM,IM2509,124051,181457,6618.6,6603.6,6499.2
2025-07-25,IC,IC2509,39078,106883,6216.0,6216.2,6217.8
2025-07-25,IF,IF2509,53170,155404,4116.0,4115.6,4136.8
2025-07-25,IH,IH2509,30341,61165,2796.8,2795.8,2813.8
2025-07-25,IM,IM2509,98231,172911,6605.8,6604.4,6603.6
2025-07-28,IC,IC2509,46353,108139,6222.0,6221.8,6216.2
2025-07-28,IF,IF2509,54638,156735,4122.0,4119.0,4115.6
2025-07-28,IH,IH2509,28883,60762,2805.8,2803.2,2795.8
2025-07-28,IM,IM2509,116079,180433,6602.0,6605.0,6604.4
2025-07-29,IC,IC2509,46670,105314,6263.0,6241.6,6221.8
2025-07-29,IF,IF2509,58516,153577,4141.4,4134.6,4119.0
2025-07-29,IH,IH2509,30546,60354,2814.0,2812.2,2803.2
2025-07-29,IM,IM2509,116403,174556,6662.0,6633.0,6605.0
2025-07-30,IC,IC2509,58280,108507,6215.4,6209.8,6241.6
2025-07-30,IF,IF2509,81931,162604,4136.4,4130.2,4134.6
2025-07-30,IH,IH2509,46511,64619,2820.0,2817.6,2812.2
2025-07-30,IM,IM2509,144840,185002,6604.2,6596.2,6633.0
2025-07-31,IC,IC2509,65759,107159,6124.0,6112.2,6209.8
2025-07-31,IF,IF2509,91447,157602,4057.0,4050.8,4130.2
2025-07-31,IH,IH2509,48789,62558,2777.0,2772.0,2817.6
2025-07-31,IM,IM2509,167548,183162,6538.0,6526.6,6596.2
2025-08-01,IC,IC2509,49203,103426,6104.0,6109.8,6112.2
2025-08-01,IF,IF2509,56881,151416,4029.6,4031.8,4050.8
2025-08-01,IH,IH2509,32117,60001,2754.4,2755.4,2772.0
2025-08-01,IM,IM2509,133160,176823,6542.8,6549.8,6526.6
2025-08-04,IC,IC2509,42885,102178,6169.0,6157.8,6109.8
2025-08-04,IF,IF2509,44736,146808,4052.8,4048.0,4031.8
2025-08-04,IH,IH2509,24294,56661,2770.4,2768.0,2755.4
2025-08-04,IM,IM2509,119420,177500,6642.6,6622.6,6549.8
2025-08-05,IC,IC2509,34079,100647,6198.6,6195.6,6157.8
2025-08-05,IF,IF2509,45420,147312,4082.0,4081.8,4048.0
2025-08-05,IH,IH2509,25627,57065,2791.0,2790.8,2768.0
2025-08-05,IM,IM2509,95602,172540,6682.0,6673.2,6622.6
2025-08-06,IC,IC2509,37260,103512,6263.2,6266.2,6195.6
2025-08-06,IF,IF2509,42038,144956,4097.0,4098.6,4081.8
2025-08-06,IH,IH2509,23697,55640,2796.2,2798.2,2790.8
2025-08-06,IM,IM2509,106338,178409,6762.6,6770.4,6673.2
2025-08-07,IC,IC2509,48504,106065,6226.4,6226.6,6266.2
2025-08-07,IF,IF2509,54603,149221,4092.6,4093.0,4098.6
2025-08-07,IH,IH2509,29486,56447,2797.8,2797.6,2798.2
2025-08-07,IM,IM2509,119420,179795,6750.0,6748.8,6770.4
2025-08-08,IC,IC2509,37017,101969,6227.0,6232.0,6226.6
2025-08-08,IF,IF2509,42805,142247,4083.2,4087.4,4093.0
2025-08-08,IH,IH2509,25210,54184,2785.4,2789.2,2797.6
2025-08-08,IM,IM2509,98835,173187,6735.0,6742.8,6748.8
2025-08-11,IC,IC2509,48225,108767,6298.8,6309.6,6232.0
2025-08-11,IF,IF2509,60577,151777,4104.8,4110.2,4087.4
2025-08-11,IH,IH2509,30720,59127,2789.4,2792.6,2789.2
2025-08-11,IM,IM2509,124872,189312,6851.2,6862.4,6742.8
2025-08-12,IC,IC2509,42560,106131,6342.6,6338.8,6309.6
2025-08-12,IF,IF2509,61270,149241,4131.2,4128.6,4110.2
2025-08-12,IH,IH2509,36458,59544,2809.6,2809.0,2792.6
2025-08-12,IM,IM2509,104433,182508,6883.6,6879.8,6862.4
2025-08-13,IC,IC2509,57282,118359,6451.8,6444.4,6338.8
2025-08-13,IF,IF2509,74450,160310,4170.8,4164.6,4128.6
2025-08-13,IH,IH2509,41254,64688,2818.8,2816.0,2809.0
2025-08-13,IM,IM2509,138415,204738,7001.8,6995.4,6879.8
2025-08-14,IC,IC2509,65643,119381,6380.2,6396.2,6444.4
2025-08-14,IF,IF2509,93677,167999,4163.8,4176.0,4164.6
2025-08-14,IH,IH2509,57784,71741,2829.6,2836.8,2816.0
2025-08-14,IM,IM2509,159795,203734,6929.2,6936.2,6995.4
2025-08-15,IC,IC2509,77380,133486,6531.0,6524.4,6396.2
2025-08-15,IF,IF2509,90646,166989,4209.4,4203.2,4176.0
2025-08-15,IH,IH2509,52795,71335,2846.4,2846.2,2836.8
2025-08-15,IM,IM2509,163237,218372,7086.2,7072.6,6936.2
2025-08-18,IC,IC2509,83689,129184,6608.0,6608.4,6524.4
2025-08-18,IF,IF2509,99705,168841,4237.8,4237.4,4203.2
2025-08-18,IH,IH2509,52884,74907,2848.4,2849.2,2846.2
2025-08-18,IM,IM2509,187694,220587,7184.4,7179.8,7072.6
2025-08-19,IC,IC2509,64150,123458,6600.0,6602.8,6608.4
2025-08-19,IF,IF2509,73558,154897,4216.2,4221.0,4237.4
2025-08-19,IH,IH2509,42683,69286,2815.4,2820.8,2849.2
2025-08-19,IM,IM2509,152295,209342,7177.4,7187.4,7179.8
2025-08-20,IC,IC2509,77339,127360,6695.2,6660.4,6602.8
2025-08-20,IF,IF2509,90137,159194,4270.0,4254.0,4221.0
2025-08-20,IH,IH2509,45450,72434,2851.2,2841.4,2820.8
2025-08-20,IM,IM2509,196109,217300,7276.0,7233.6,7187.4
2025-08-21,IC,IC2509,75992,121846,6656.4,6644.0,6660.4
2025-08-21,IF,IF2509,83303,151396,4282.2,4277.8,4254.0
2025-08-21,IH,IH2509,42132,68095,2865.4,2862.0,2841.4
2025-08-21,IM,IM2509,190536,206583,7202.2,7187.2,7233.6
2025-08-22,IC,IC2509,81929,124020,6810.4,6787.2,6644.0
2025-08-22,IF,IF2509,94570,161198,4394.0,4374.4,4277.8
2025-08-22,IH,IH2509,51918,76176,2942.0,2929.4,2862.0
2025-08-22,IM,IM2509,186931,207428,7348.6,7319.6,7187.2
2025-08-25,IC,IC2509,93555,127766,6909.6,6904.0,6787.2
2025-08-25,IF,IF2509,118828,165246,4474.6,4458.4,4374.4
2025-08-25,IH,IH2509,61498,78193,2992.0,2983.6,2929.4
2025-08-25,IM,IM2509,202867,207228,7412.2,7423.0,7319.6
2025-08-26,IC,IC2509,75616,117469,6916.4,6942.4,6904.0
2025-08-26,IF,IF2509,87160,151718,4449.0,4460.2,4458.4
2025-08-26,IH,IH2509,41497,70566,2970.8,2975.0,2983.6
2025-08-26,IM,IM2509,160158,195804,7415.4,7442.0,7423.0
2025-08-27,IC,IC2509,109151,130217,6837.8,6897.6,6942.4
2025-08-27,IF,IF2509,113283,155760,4384.0,4416.0,4460.2
2025-08-27,IH,IH2509,51558,69611,2920.2,2937.2,2975.0
2025-08-27,IM,IM2509,213890,202540,7287.2,7356.2,7442.0
2025-08-28,IC,IC2509,114593,126262,6967.0,6920.4,6897.6
2025-08-28,IF,IF2509,126057,154101,4460.4,4436.6,4416.0
2025-08-28,IH,IH2509,54033,67920,2959.8,2945.0,2937.2
2025-08-28,IM,IM2509,244649,206940,7363.2,7322.4,7356.2
2025-08-29,IC,IC2509,102806,123989,6996.8,6983.4,6920.4
2025-08-29,IF,IF2509,126040,151201,4506.2,4502.6,4436.6
2025-08-29,IH,IH2509,54556,64926,2980.0,2978.6,2945.0
2025-08-29,IM,IM2509,214055,189297,7366.6,7353.8,7322.4
2025-09-01,IC,IC2509,76930,112621,7014.8,7022.8,6983.4
2025-09-01,IF,IF2509,94140,137802,4510.6,4513.8,4502.6
2025-09-01,IH,IH2509,36560,56803,2979.6,2982.4,2978.6
2025-09-01,IM,IM2509,163079,180779,7380.6,7387.8,7353.8
2025-09-02,IC,IC2509,105870,124446,6896.2,6878.0,7022.8
2025-09-02,IF,IF2509,122523,146527,4481.2,4472.8,4513.8
2025-09-02,IH,IH2509,53059,66245,2992.8,2987.6,2982.4
2025-09-02,IM,IM2509,218061,193312,7251.4,7230.8,7387.8
2025-09-03,IC,IC2509,100697,116185,6788.8,6812.0,6878.0
2025-09-03,IF,IF2509,120700,137484,4430.0,4432.8,4472.8
2025-09-03,IH,IH2509,55677,59664,2949.0,2944.2,2987.6
2025-09-03,IM,IM2509,213250,190793,7142.6,7161.4,7230.8
2025-09-04,IC,IC2509,113276,125882,6647.0,6607.2,6812.0
2025-09-04,IF,IF2509,133914,144443,4349.4,4334.2,4432.8
2025-09-04,IH,IH2509,65727,63707,2899.8,2893.4,2944.2
2025-09-04,IM,IM2509,239398,189144,7003.0,6974.2,7161.4
2025-09-05,IC,IC2509,97724,113160,6898.6,6876.8,6607.2
2025-09-05,IF,IF2509,98192,126309,4456.6,4450.6,4334.2
2025-09-05,IH,IH2509,41445,53570,2940.8,2939.2,2893.4
2025-09-05,IM,IM2509,183966,171258,7226.0,7206.2,6974.2
2025-09-08,IC,IC2509,80662,111009,6920.8,6925.6,6876.8
2025-09-08,IF,IF2509,83936,122548,4453.0,4457.0,4450.6
2025-09-08,IH,IH2509,32137,50426,2936.6,2938.6,2939.2
2025-09-08,IM,IM2509,153548,159428,7236.0,7248.0,7206.2
2025-09-09,IC,IC2509,75927,104281,6872.8,6866.8,6925.6
2025-09-09,IF,IF2509,73565,112541,4426.2,4420.8,4457.0
2025-09-09,IH,IH2509,32243,48414,2925.4,2922.0,2938.6
2025-09-09,IM,IM2509,150382,155328,7165.8,7153.4,7248.0
2025-09-10,IC,IC2509,75803,105294,6863.4,6887.8,6866.8
2025-09-10,IF,IF2509,76988,113485,4432.4,4444.6,4420.8
2025-09-10,IH,IH2509,33015,48255,2937.8,2944.2,2922.0
2025-09-10,IM,IM2509,161976,154502,7151.0,7176.6,7153.4
2025-09-11,IC,IC2509,103556,105917,7124.6,7097.8,6887.8
2025-09-11,IF,IF2509,96412,115085,4562.0,4542.8,4444.6
2025-09-11,IH,IH2509,42028,50570,2990.2,2981.4,2944.2
2025-09-11,IM,IM2509,181199,147845,7387.8,7365.6,7176.6
2025-09-12,IC,IC2509,86462,98187,7140.0,7152.4,7097.8
2025-09-12,IF,IF2509,83488,103677,4523.2,4525.8,4542.8
2025-09-12,IH,IH2509,36849,44308,2968.6,2969.8,2981.4
2025-09-12,IM,IM2509,134399,135337,7392.8,7400.8,7365.6
2025-09-15,IC,IC2509,67687,78004,7114.2,7125.8,7152.4
2025-09-15,IF,IF2509,73627,86544,4527.8,4528.0,4525.8
2025-09-15,IH,IH2509,31164,38868,2962.4,2961.2,2969.8
2025-09-15,IM,IM2509,107983,116294,7368.6,7386.4,7400.8
2025-09-16,IC,IC2509,72243,76600,7165.2,7162.0,7125.8
2025-09-16,IF,IF2509,76486,79227,4516.8,4517.0,4528.0
2025-09-16,IH,IH2509,31154,33235,2950.6,2950.4,2961.2
2025-09-16,IM,IM2509,130773,112626,7462.0,7454.0,7386.4
2025-09-17,IC,IC2509,67086,56442,7252.4,7244.2,7162.0
2025-09-17,IF,IF2509,72782,61553,4553.2,4548.4,4517.0
2025-09-17,IH,IH2509,29648,28332,2956.2,2953.6,2950.4
2025-09-17,IM,IM2509,122397,89169,7547.0,7544.2,7454.0
2025-09-18,IC,IC2512,101129,130507,6985.4,6960.2,7068.6
2025-09-18,IF,IF2512,95637,152375,4448.2,4440.0,4514.6
2025-09-18,IH,IH2512,43865,63340,2912.4,2903.4,2952.8
2025-09-18,IM,IM2512,197746,190972,7213.4,7206.2,7324.0
2025-09-19,IC,IC2512,90167,131765,6984.0,6999.0,6960.2
2025-09-19,IF,IF2512,80743,151383,4464.4,4470.4,4440.0
2025-09-19,IH,IH2512,29901,60756,2913.4,2917.4,2903.4
2025-09-19,IM,IM2512,172454,193659,7190.8,7202.2,7206.2
2025-09-22,IC,IC2512,67975,128272,7013.2,6995.0,6999.0
2025-09-22,IF,IF2512,65934,149528,4484.0,4472.4,4470.4
2025-09-22,IH,IH2512,30635,63298,2923.0,2917.4,2917.4
2025-09-22,IM,IM2512,134489,186980,7230.2,7211.0,7202.2
2025-09-23,IC,IC2512,107027,138800,6940.6,6888.2,6995.0
2025-09-23,IF,IF2512,101402,159890,4483.8,4454.6,4472.4
2025-09-23,IH,IH2512,42588,63912,2925.0,2912.4,2917.4
2025-09-23,IM,IM2512,203839,206634,7127.0,7075.8,7211.0
2025-09-24,IC,IC2512,103608,136396,7157.0,7135.8,6888.2
2025-09-24,IF,IF2512,86527,151864,4530.0,4522.6,4454.6
2025-09-24,IH,IH2512,37457,63540,2939.8,2938.2,2912.4
2025-09-24,IM,IM2512,185454,192420,7303.2,7288.4,7075.8
2025-09-25,IC,IC2512,76629,132726,7166.6,7185.4,7135.8
2025-09-25,IF,IF2512,80775,154619,4562.2,4572.4,4522.6
2025-09-25,IH,IH2512,31803,61185,2953.6,2958.4,2938.2
2025-09-25,IM,IM2512,135475,183767,7281.8,7290.8,7288.4
2025-09-26,IC,IC2512,82089,135754,7080.0,7097.6,7185.4
2025-09-26,IF,IF2512,71448,150988,4525.0,4535.2,4572.4
2025-09-26,IH,IH2512,29241,61526,2944.4,2949.8,2958.4
2025-09-26,IM,IM2512,155277,192544,7189.2,7193.4,7290.8
2025-09-29,IC,IC2512,91906,135897,7232.2,7210.6,7097.6
2025-09-29,IF,IF2512,97301,165254,4604.6,4608.8,4535.2
2025-09-29,IH,IH2512,51950,71918,2976.0,2985.4,2949.8
2025-09-29,IM,IM2512,178532,191754,7337.4,7316.8,7193.4
2025-09-30,IC,IC2512,71590,131766,7290.4,7288.8,7210.6
2025-09-30,IF,IF2512,63292,153795,4618.0,4621.2,4608.8
2025-09-30,IH,IH2512,29276,63473,2989.0,2988.6,2985.4
2025-09-30,IM,IM2512,135231,183522,7406.2,7408.4,7316.8
2025-10-09,IC,IC2512,88806,143814,7415.8,7432.8,7288.8
2025-10-09,IF,IF2512,78704,163300,4689.2,4694.4,4621.2
2025-10-09,IH,IH2512,36012,66848,3026.0,3024.2,2988.6
2025-10-09,IM,IM2512,131436,182161,7449.6,7467.8,7408.4
2025-10-10,IC,IC2512,99771,140200,7266.0,7272.6,7432.8
2025-10-10,IF,IF2512,96227,162971,4592.2,4593.2,4694.4
2025-10-10,IH,IH2512,43708,67688,2975.8,2973.2,3024.2
2025-10-10,IM,IM2512,140881,183267,7340.4,7346.4,7467.8
2025-10-13,IC,IC2512,101843,143038,7231.0,7221.4,7272.6
2025-10-13,IF,IF2512,97200,163856,4562.6,4559.4,4593.2
2025-10-13,IH,IH2512,44552,65965,2961.6,2961.2,2973.2
2025-10-13,IM,IM2512,169889,190790,7305.8,7303.8,7346.4
2025-10-14,IC,IC2512,131717,151940,7010.0,7018.6,7221.4
2025-10-14,IF,IF2512,107698,162441,4507.2,4499.2,4559.4
2025-10-14,IH,IH2512,48584,65281,2958.4,2953.0,2961.2
2025-10-14,IM,IM2512,200096,194043,7145.8,7148.6,7303.8
2025-10-15,IC,IC2512,105607,141518,7140.2,7134.4,7018.6
2025-10-15,IF,IF2512,86223,160428,4576.4,4572.6,4499.2
2025-10-15,IH,IH2512,41717,63594,2997.4,2995.0,2953.0
2025-10-15,IM,IM2512,178569,191595,7275.2,7273.8,7148.6
2025-10-16,IC,IC2512,88010,138071,7062.0,7046.6,7134.4
2025-10-16,IF,IF2512,87781,161774,4590.0,4585.8,4572.6
2025-10-16,IH,IH2512,47257,69593,3019.0,3017.4,2995.0
2025-10-16,IM,IM2512,153865,185185,7205.0,7190.6,7273.8
2025-10-17,IC,IC2512,97770,140473,6863.2,6865.0,7046.6
2025-10-17,IF,IF2512,99982,163234,4485.2,4484.6,4585.8
2025-10-17,IH,IH2512,56818,67502,2963.0,2961.6,3017.4
2025-10-17,IM,IM2512,173725,199348,7020.8,7024.2,7190.6
2025-10-20,IC,IC2512,81712,135493,6909.2,6908.8,6865.0
2025-10-20,IF,IF2512,71457,156399,4506.8,4504.2,4484.6
2025-10-20,IH,IH2512,34271,60464,2970.4,2969.6,2961.6
2025-10-20,IM,IM2512,143577,189654,7059.2,7053.4,7024.2
2025-10-21,IC,IC2512,89215,139981,7052.8,7067.8,6908.8
2025-10-21,IF,IF2512,77133,157558,4577.6,4584.6,4504.2
2025-10-21,IH,IH2512,35150,62330,3004.8,3007.4,2969.6
2025-10-21,IM,IM2512,151318,190486,7182.8,7199.4,7053.4
2025-10-22,IC,IC2512,68879,131680,7011.6,7016.4,7067.8
2025-10-22,IF,IF2512,65140,151558,4563.4,4566.2,4584.6
2025-10-22,IH,IH2512,31434,59769,3005.6,3006.4,3007.4
2025-10-22,IM,IM2512,120919,180451,7163.2,7165.2,7199.4
2025-10-23,IC,IC2512,92122,140501,7040.0,6993.8,7016.4
2025-10-23,IF,IF2512,84087,160208,4580.8,4566.8,4566.2
2025-10-23,IH,IH2512,40773,63397,3023.8,3017.2,3006.4
2025-10-23,IM,IM2512,172781,201566,7179.0,7125.6,7165.2
2025-10-24,IC,IC2512,84722,134444,7159.8,7129.2,6993.8
2025-10-24,IF,IF2512,74172,153415,4634.8,4627.0,4566.8
2025-10-24,IH,IH2512,39423,64619,3048.6,3044.4,3017.2
2025-10-24,IM,IM2512,147894,183485,7298.0,7267.8,7125.6
2025-10-27,IC,IC2512,87202,140233,7254.4,7259.4,7129.2
2025-10-27,IF,IF2512,71074,157785,4684.4,4685.0,4627.0
2025-10-27,IH,IH2512,37476,65887,3066.8,3067.8,3044.4
2025-10-27,IM,IM2512,137585,187588,7322.6,7332.6,7267.8
2025-10-28,IC,IC2512,82049,133968,7231.0,7236.8,7259.4
2025-10-28,IF,IF2512,72481,155110,4669.6,4675.0,4685.0
2025-10-28,IH,IH2512,34831,64286,3051.6,3053.0,3067.8
2025-10-28,IM,IM2512,141946,186154,7335.6,7342.2,7332.6
2025-10-29,IC,IC2512,88124,140222,7390.0,7377.2,7236.8
2025-10-29,IF,IF2512,65655,156239,4732.6,4722.4,4675.0
2025-10-29,IH,IH2512,30153,62594,3064.8,3061.8,3053.0
2025-10-29,IM,IM2512,124145,180653,7446.4,7432.2,7342.2
2025-10-30,IC,IC2512,106213,141423,7299.0,7307.2,7377.2
2025-10-30,IF,IF2512,87251,160853,4690.0,4698.4,4722.4
2025-10-30,IH,IH2512,41888,66853,3045.0,3049.8,3061.8
2025-10-30,IM,IM2512,162104,190757,7364.4,7366.6,7432.2
2025-10-31,IC,IC2512,92416,138903,7242.4,7264.4,7307.2
2025-10-31,IF,IF2512,85956,160463,4631.4,4636.6,4698.4
2025-10-31,IH,IH2512,40576,63955,3015.2,3016.6,3049.8
2025-10-31,IM,IM2512,164443,186908,7368.2,7397.2,7366.6
2025-11-03,IC,IC2512,90896,137332,7239.6,7233.4,7264.4
2025-11-03,IF,IF2512,72223,157779,4634.8,4630.2,4636.6
2025-11-03,IH,IH2512,32564,61533,3016.6,3013.6,3016.6
2025-11-03,IM,IM2512,149911,185243,7398.0,7399.4,7397.2
2025-11-04,IC,IC2512,90041,135390,7094.6,7069.2,7233.4
2025-11-04,IF,IF2512,74377,155987,4589.0,4577.8,4630.2
2025-11-04,IH,IH2512,32632,59901,3008.2,3003.0,3013.6
2025-11-04,IM,IM2512,150525,184001,7284.4,7254.8,7399.4
2025-11-05,IC,IC2512,93164,136756,7108.0,7126.0,7069.2
2025-11-05,IF,IF2512,73216,156249,4596.6,4606.6,4577.8
2025-11-05,IH,IH2512,34881,61875,3002.6,3010.0,3003.0
2025-11-05,IM,IM2512,159917,189571,7310.8,7329.8,7254.8
2025-11-06,IC,IC2512,85816,134122,7246.4,7239.6,7126.0
2025-11-06,IF,IF2512,71116,154733,4670.8,4671.2,4606.6
2025-11-06,IH,IH2512,34423,61694,3041.4,3042.2,3010.0
2025-11-06,IM,IM2512,138409,176903,7405.0,7401.8,7329.8
2025-11-07,IC,IC2512,68877,127129,7230.2,7230.8,7239.6
2025-11-07,IF,IF2512,56412,149916,4659.4,4659.0,4671.2
2025-11-07,IH,IH2512,25302,57801,3038.2,3040.2,3042.2
2025-11-07,IM,IM2512,127587,180439,7412.0,7411.6,7401.8
2025-11-10,IC,IC2512,76452,132910,7235.8,7230.2,7230.8
2025-11-10,IF,IF2512,69883,156162,4672.0,4666.2,4659.0
2025-11-10,IH,IH2512,30249,61599,3054.0,3050.8,3040.2
2025-11-10,IM,IM2512,128195,179090,7421.0,7412.4,7411.6
2025-11-11,IC,IC2512,69626,127025,7173.0,7185.0,7230.2
2025-11-11,IF,IF2512,70771,151427,4626.8,4632.0,4666.2
2025-11-11,IH,IH2512,34254,60887,3033.0,3032.6,3050.8
2025-11-11,IM,IM2512,122556,179084,7390.4,7401.6,7412.4
2025-11-12,IC,IC2512,90041,141389,7155.2,7146.8,7185.0
2025-11-12,IF,IF2512,79009,157009,4628.0,4628.0,4632.0
2025-11-12,IH,IH2512,36751,62367,3042.8,3044.2,3032.6
2025-11-12,IM,IM2512,159312,193160,7369.8,7355.6,7401.6
2025-11-13,IC,IC2512,80371,129916,7269.0,7250.8,7146.8
2025-11-13,IF,IF2512,70414,149415,4677.0,4673.2,4628.0
2025-11-13,IH,IH2512,34620,61604,3068.8,3067.8,3044.2
2025-11-13,IM,IM2512,140471,183744,7478.4,7462.8,7355.6
2025-11-14,IC,IC2512,71699,130526,7137.4,7179.0,7250.8
2025-11-14,IF,IF2512,67288,149958,4600.4,4622.4,4673.2
2025-11-14,IH,IH2512,32072,62716,3030.4,3043.2,3067.8
2025-11-14,IM,IM2512,125074,182376,7372.0,7413.8,7462.8
2025-11-17,IC,IC2512,73642,133431,7143.4,7140.8,7179.0
2025-11-17,IF,IF2512,69751,154108,4581.4,4573.8,4622.4
2025-11-17,IH,IH2512,37212,64127,3009.2,3004.4,3043.2
2025-11-17,IM,IM2512,130158,185984,7394.4,7402.8,7413.8
2025-11-18,IC,IC2512,83267,139697,7079.8,7056.4,7140.8
2025-11-18,IF,IF2512,76476,158826,4555.0,4543.0,4573.8
2025-11-18,IH,IH2512,36656,62985,2997.6,2994.4,3004.4
2025-11-18,IM,IM2512,142162,189585,7351.8,7329.2,7402.8
2025-11-19,IC,IC2512,83682,141911,7054.8,7059.6,7056.4
2025-11-19,IF,IF2512,76820,156324,4565.2,4570.8,4543.0
2025-11-19,IH,IH2512,36365,61909,3011.0,3017.4,2994.4
2025-11-19,IM,IM2512,149890,201080,7298.2,7298.8,7329.2
2025-11-20,IC,IC2512,89650,154013,7000.0,7006.2,7059.6
2025-11-20,IF,IF2512,83141,165189,4539.2,4548.6,4570.8
2025-11-20,IH,IH2512,39268,64984,3002.6,3005.8,3017.4
2025-11-20,IM,IM2512,140822,205865,7263.6,7268.4,7298.8
2025-11-21,IC,IC2512,131128,165935,6770.0,6790.2,7006.2
2025-11-21,IF,IF2512,112829,176897,4428.4,4440.8,4548.6
2025-11-21,IH,IH2512,53598,67165,2946.4,2950.2,3005.8
2025-11-21,IM,IM2512,215750,244705,7018.2,7036.2,7268.4
2025-11-24,IC,IC2512,92262,151377,6827.6,6842.0,6790.2
2025-11-24,IF,IF2512,82507,168604,4435.2,4443.6,4440.8
2025-11-24,IH,IH2512,33894,62014,2944.4,2948.8,2950.2
2025-11-24,IM,IM2512,160312,220648,7095.2,7111.6,7036.2
2025-11-25,IC,IC2512,93552,152439,6900.0,6909.4,6842.0
2025-11-25,IF,IF2512,77751,160808,4473.0,4474.4,4443.6
2025-11-25,IH,IH2512,32610,59535,2959.2,2960.4,2948.8
2025-11-25,IM,IM2512,152757,211318,7172.0,7182.8,7111.6
2025-11-26,IC,IC2512,74334,143910,6909.4,6918.8,6909.4
2025-11-26,IF,IF2512,70583,155905,4493.0,4497.4,4474.4
2025-11-26,IH,IH2512,26457,58010,2964.6,2965.6,2960.4
2025-11-26,IM,IM2512,125795,202891,7176.2,7184.6,7182.8
2025-11-27,IC,IC2512,76028,145804,6896.2,6908.8,6918.8
2025-11-27,IF,IF2512,72122,155679,4492.6,4499.4,4497.4
2025-11-27,IH,IH2512,30995,61159,2962.4,2964.6,2965.6
2025-11-27,IM,IM2512,130117,203626,7179.0,7192.4,7184.6
2025-11-28,IC,IC2512,72395,139454,6974.2,6970.2,6908.8
2025-11-28,IF,IF2512,64947,148801,4505.8,4506.8,4499.4
2025-11-28,IH,IH2512,27131,57878,2963.2,2963.8,2964.6
2025-11-28,IM,IM2512,125415,199411,7260.8,7249.8,7192.4
2025-12-01,IC,IC2512,64309,134509,7031.6,7026.8,6970.2
2025-12-01,IF,IF2512,68600,145600,4555.4,4550.2,4506.8
2025-12-01,IH,IH2512,32036,59130,2986.4,2983.2,2963.8
2025-12-01,IM,IM2512,107661,189019,7290.0,7286.0,7249.8
2025-12-02,IC,IC2512,54148,127620,6982.2,6979.2,7026.8
2025-12-02,IF,IF2512,55827,138432,4535.8,4531.8,4550.2
2025-12-02,IH,IH2512,25152,53855,2971.4,2968.8,2983.2
2025-12-02,IM,IM2512,96449,181453,7239.6,7237.2,7286.0
2025-12-03,IC,IC2512,67339,133791,6950.4,6941.2,6979.2
2025-12-03,IF,IF2512,67863,142198,4518.2,4513.4,4531.8
2025-12-03,IH,IH2512,27565,55954,2958.4,2955.2,2968.8
2025-12-03,IM,IM2512,118632,193074,7195.4,7185.4,7237.2
2025-12-04,IC,IC2512,64721,123278,6983.2,6975.6,6941.2
2025-12-04,IF,IF2512,63708,136475,4530.6,4528.4,4513.4
2025-12-04,IH,IH2512,27688,53262,2968.2,2965.4,2955.2
2025-12-04,IM,IM2512,116454,181088,7213.4,7204.0,7185.4
2025-12-05,IC,IC2512,83349,130990,7083.2,7076.6,6975.6
2025-12-05,IF,IF2512,84754,143296,4574.4,4578.2,4528.4
2025-12-05,IH,IH2512,38569,59755,2997.4,3003.4,2965.4
2025-12-05,IM,IM2512,146937,189203,7319.8,7311.4,7204.0
2025-12-08,IC,IC2512,63355,116565,7144.0,7150.2,7076.6
2025-12-08,IF,IF2512,76082,132821,4613.2,4617.0,4578.2
2025-12-08,IH,IH2512,31875,55867,3015.0,3018.4,3003.4
2025-12-08,IM,IM2512,104973,168647,7380.4,7387.0,7311.4
2025-12-09,IC,IC2512,57109,114015,7094.4,7094.2,7150.2
2025-12-09,IF,IF2512,63877,125588,4583.2,4581.0,4617.0
2025-12-09,IH,IH2512,26505,52166,2991.6,2991.2,3018.4
2025-12-09,IM,IM2512,86997,164945,7347.8,7352.0,7387.0
2025-12-10,IC,IC2512,69706,109494,7122.2,7128.2,7094.2
2025-12-10,IF,IF2512,75990,121027,4574.2,4574.6,4581.0
2025-12-10,IH,IH2512,34093,52758,2980.8,2980.2,2991.2
2025-12-10,IM,IM2512,108100,163906,7371.4,7374.6,7352.0
2025-12-11,IC,IC2512,63847,99580,7074.4,7083.8,7128.2
2025-12-11,IF,IF2512,64930,111889,4539.6,4544.2,4574.6
2025-12-11,IH,IH2512,28078,47700,2969.8,2965.6,2980.2
2025-12-11,IM,IM2512,114206,152560,7304.6,7312.4,7374.6
2025-12-12,IC,IC2512,82739,99631,7174.0,7179.0,7083.8
2025-12-12,IF,IF2512,74003,113155,4574.0,4574.8,4544.2
2025-12-12,IH,IH2512,32570,47489,2986.8,2986.2,2965.6
2025-12-12,IM,IM2512,126483,149811,7361.8,7368.2,7312.4
2025-12-15,IC,IC2512,65014,80379,7115.8,7123.4,7179.0
2025-12-15,IF,IF2512,68323,94777,4545.6,4552.2,4574.8
2025-12-15,IH,IH2512,33281,41704,2983.8,2988.2,2986.2
2025-12-15,IM,IM2512,104015,126463,7308.0,7316.0,7368.2
2025-12-16,IC,IC2512,78132,75305,7010.2,7005.4,7123.4
2025-12-16,IF,IF2512,79947,90761,4499.4,4494.6,4552.2
2025-12-16,IH,IH2512,39814,37238,2951.4,2945.0,2988.2
2025-12-16,IM,IM2512,125471,123921,7189.0,7184.2,7316.0
2025-12-17,IC,IC2512,75907,56653,7146.8,7151.8,7005.4
2025-12-17,IF,IF2512,84998,61935,4578.2,4583.8,4494.6
2025-12-17,IH,IH2512,36309,28496,2987.2,2995.6,2945.0
2025-12-17,IM,IM2512,123802,85747,7295.0,7294.4,7184.2
2025-12-18,IC,IC2603,57027,127506,6973.6,6978.2,6992.2
2025-12-18,IF,IF2512,53558,37690,4550.4,4556.6,4583.8
2025-12-18,IH,IH2512,22829,16779,2995.0,2995.2,2995.6
2025-12-18,IM,IM2603,87621,166683,7066.0,7071.2,7068.4
2025-12-19,IC,IC2603,69784,137059,7055.4,7050.8,6978.2
2025-12-19,IF,IF2603,66095,162769,4527.0,4524.8,4509.4
2025-12-19,IH,IH2603,28058,51015,3006.4,3002.2,2985.8
2025-12-19,IM,IM2603,103313,179118,7141.8,7142.0,7071.2
2025-12-22,IC,IC2603,58271,138149,7123.2,7130.0,7050.8
2025-12-22,IF,IF2603,53962,157800,4564.8,4566.0,4524.8
2025-12-22,IH,IH2603,21348,50341,3018.4,3019.0,3002.2
2025-12-22,IM,IM2603,86037,175023,7203.6,7208.4,7142.0
2025-12-23,IC,IC2603,53906,136107,7133.2,7129.4,7130.0
2025-12-23,IF,IF2603,52645,163660,4571.4,4569.8,4566.0
2025-12-23,IH,IH2603,22810,49673,3025.6,3023.6,3019.0
2025-12-23,IM,IM2603,87825,176419,7197.4,7192.8,7208.4
2025-12-24,IC,IC2603,69984,146995,7240.4,7250.2,7129.4
2025-12-24,IF,IF2603,58846,164967,4595.0,4595.8,4569.8
2025-12-24,IH,IH2603,24242,50212,3027.0,3025.8,3023.6
2025-12-24,IM,IM2603,113077,185869,7327.6,7333.6,7192.8
2025-12-25,IC,IC2603,63146,144535,7320.6,7329.6,7250.2
2025-12-25,IF,IF2603,52262,164476,4610.6,4616.2,4595.8
2025-12-25,IH,IH2603,20968,50757,3034.0,3035.8,3025.8
2025-12-25,IM,IM2603,101700,183127,7419.0,7429.8,7333.6
2025-12-26,IC,IC2603,84671,157607,7388.0,7386.2,7329.6
2025-12-26,IF,IF2603,70821,175215,4638.4,4636.0,4616.2
2025-12-26,IH,IH2603,31969,55790,3051.4,3052.6,3035.8
2025-12-26,IM,IM2603,125247,194890,7472.4,7477.4,7429.8
2025-12-29,IC,IC2603,63940,146816,7336.6,7337.4,7386.2
2025-12-29,IF,IF2603,58452,167149,4610.2,4605.8,4636.0
2025-12-29,IH,IH2603,24852,53232,3038.0,3036.4,3052.6
2025-12-29,IM,IM2603,95430,182605,7439.0,7441.2,7477.4
2025-12-30,IC,IC2603,66223,153828,7381.0,7388.2,7337.4
2025-12-30,IF,IF2603,56756,171595,4622.2,4627.8,4605.8
2025-12-30,IH,IH2603,26708,53919,3035.4,3039.0,3036.4
2025-12-30,IM,IM2603,100572,189970,7459.2,7467.8,7441.2
2025-12-31,IC,IC2603,62267,145074,7362.8,7366.6,7388.2
2025-12-31,IF,IF2603,63352,166875,4599.8,4593.2,4627.8
2025-12-31,IH,IH2603,31896,53650,3025.0,3021.6,3039.0
2025-12-31,IM,IM2603,93696,181081,7436.2,7439.0,7467.8
2026-01-05,IC,IC2603,79757,160143,7596.0,7582.6,7366.6
2026-01-05,IF,IF2603,72812,173732,4697.0,4697.8,4593.2
2026-01-05,IH,IH2603,35869,56614,3098.8,3101.0,3021.6
2026-01-05,IM,IM2603,103703,189842,7639.0,7625.4,7439.0
2026-01-06,IC,IC2603,94435,164336,7786.4,7762.2,7582.6
2026-01-06,IF,IF2603,79694,178463,4778.0,4771.0,4697.8
2026-01-06,IH,IH2603,39763,60630,3161.8,3154.6,3101.0
2026-01-06,IM,IM2603,114127,192848,7762.4,7738.2,7625.4
2026-01-07,IC,IC2603,85963,164218,7802.6,7810.2,7762.2
2026-01-07,IF,IF2603,67166,174314,4753.0,4751.4,4771.0
2026-01-07,IH,IH2603,30060,55587,3143.8,3141.8,3154.6
2026-01-07,IM,IM2603,104271,189188,7760.2,7768.6,7738.2
2026-01-08,IC,IC2603,87667,158547,7814.4,7804.4,7810.2
2026-01-08,IF,IF2603,70354,176039,4718.4,4710.2,4751.4
2026-01-08,IH,IH2603,28102,55279,3122.4,3115.6,3141.8
2026-01-08,IM,IM2603,118672,193230,7820.6,7808.8,7768.6
2026-01-09,IC,IC2603,110023,174403,8037.8,8005.2,7804.4
2026-01-09,IF,IF2603,85400,182579,4743.8,4740.0,4710.2
2026-01-09,IH,IH2603,33032,55495,3134.8,3131.0,3115.6
2026-01-09,IM,IM2603,149124,203815,8048.4,8011.0,7808.8
2026-01-12,IC,IC2603,114590,167535,8236.6,8230.0,8005.2
2026-01-12,IF,IF2603,89188,182828,4774.0,4779.4,4740.0
2026-01-12,IH,IH2603,33564,55192,3140.2,3142.2,3131.0
2026-01-12,IM,IM2603,172951,208444,8311.4,8306.2,8011.0
2026-01-13,IC,IC2603,120900,171420,8131.2,8121.2,8230.0
2026-01-13,IF,IF2603,97329,184613,4758.6,4754.0,4779.4
2026-01-13,IH,IH2603,41076,57216,3137.6,3133.6,3142.2
2026-01-13,IM,IM2603,178731,207812,8160.4,8150.8,8306.2
2026-01-14,IC,IC2603,173512,180823,8197.8,8175.2,8121.2
2026-01-14,IF,IF2603,119874,195726,4740.0,4733.0,4754.0
2026-01-14,IH,IH2603,48861,59979,3114.0,3115.6,3133.6
2026-01-14,IM,IM2603,225371,212359,8156.0,8158.2,8150.8
2026-01-15,IC,IC2603,110213,176008,8206.8,8177.6,8175.2
2026-01-15,IF,IF2603,81140,186881,4746.6,4737.2,4733.0
2026-01-15,IH,IH2603,34976,57912,3108.0,3104.4,3115.6
2026-01-15,IM,IM2603,148081,203295,8195.4,8158.4,8158.2
2026-01-16,IC,IC2603,102740,174492,8210.4,8199.0,8177.6
2026-01-16,IF,IF2603,89508,187424,4723.2,4719.2,4737.2
2026-01-16,IH,IH2603,39751,58902,3084.4,3081.0,3104.4
2026-01-16,IM,IM2603,141207,201001,8179.2,8165.0,8158.4
2026-01-19,IC,IC2603,98224,177228,8266.0,8289.8,8199.0
2026-01-19,IF,IF2603,73045,179134,4728.6,4727.0,4719.2
2026-01-19,IH,IH2603,30016,57249,3077.6,3078.4,3081.0
2026-01-19,IM,IM2603,123630,195201,8186.6,8205.4,8165.0
2026-01-20,IC,IC2603,123309,180970,8248.8,8215.6,8289.8
2026-01-20,IF,IF2603,79866,179532,4708.6,4703.4,4727.0
2026-01-20,IH,IH2603,31503,56746,3075.4,3074.0,3078.4
2026-01-20,IM,IM2603,150527,198773,8120.8,8091.0,8205.4
2026-01-21,IC,IC2603,101832,175976,8371.0,8355.8,8215.6
2026-01-21,IF,IF2603,74116,173409,4722.8,4728.6,4703.4
2026-01-21,IH,IH2603,34230,58489,3073.6,3076.8,3074.0
2026-01-21,IM,IM2603,133027,192142,8231.0,8217.8,8091.0
2026-01-22,IC,IC2603,81239,174152,8400.0,8377.0,8355.8
2026-01-22,IF,IF2603,72080,174304,4719.4,4716.4,4728.6
2026-01-22,IH,IH2603,33606,59009,3061.2,3058.0,3076.8
2026-01-22,IM,IM2603,104669,186587,8292.6,8263.8,8217.8
2026-01-23,IC,IC2603,103171,179892,8658.2,8618.0,8377.0
2026-01-23,IF,IF2603,84474,173887,4709.2,4714.4,4716.4
2026-01-23,IH,IH2603,38693,63802,3037.8,3042.4,3058.0
2026-01-23,IM,IM2603,128628,195577,8516.6,8479.4,8263.8
2026-01-26,IC,IC2603,128932,174418,8470.0,8493.0,8618.0
2026-01-26,IF,IF2603,112956,191907,4719.4,4727.8,4714.4
2026-01-26,IH,IH2603,52871,70243,3058.2,3064.0,3042.4
2026-01-26,IM,IM2603,160156,191679,8289.2,8311.6,8479.4
2026-01-27,IC,IC2603,121961,173219,8547.6,8564.0,8493.0
2026-01-27,IF,IF2603,87568,178212,4718.2,4729.6,4727.8
2026-01-27,IH,IH2603,41275,66049,3064.0,3070.2,3064.0
2026-01-27,IM,IM2603,158438,191923,8357.2,8364.8,8311.6
2026-01-28,IC,IC2603,94115,167295,8622.0,8617.4,8564.0
2026-01-28,IF,IF2603,84387,185840,4732.8,4736.4,4729.6
2026-01-28,IH,IH2603,38337,67766,3069.8,3070.6,3070.2
2026-01-28,IM,IM2603,114744,180338,8377.8,8373.0,8364.8
2026-01-29,IC,IC2603,115687,170962,8517.6,8539.0,8617.4
2026-01-29,IF,IF2603,99189,184884,4784.0,4774.0,4736.4
2026-01-29,IH,IH2603,51786,73669,3130.4,3125.2,3070.6
2026-01-29,IM,IM2603,147818,196369,8329.0,8330.2,8373.0
2026-01-30,IC,IC2603,137793,163697,8362.4,8378.4,8539.0
2026-01-30,IF,IF2603,108273,186373,4711.0,4719.6,4774.0
2026-01-30,IH,IH2603,48327,70443,3074.0,3075.8,3125.2
2026-01-30,IM,IM2603,167342,191798,8260.6,8259.4,8330.2
2026-02-02,IC,IC2603,151002,153481,7903.2,7977.0,8378.4
2026-02-02,IF,IF2603,110802,174613,4577.4,4594.0,4719.6
2026-02-02,IH,IH2603,53829,66246,3004.2,3005.6,3075.8
2026-02-02,IM,IM2603,173821,194848,7871.8,7954.8,8259.4
2026-02-03,IC,IC2603,122145,151098,8282.0,8273.2,7977.0
2026-02-03,IF,IF2603,82004,170254,4653.0,4651.2,4594.0
2026-02-03,IH,IH2603,39958,62777,3033.0,3029.6,3005.6
2026-02-03,IM,IM2603,150161,189544,8183.0,8190.8,7954.8
2026-02-04,IC,IC2603,100543,145579,8313.6,8268.4,8273.2
2026-02-04,IF,IF2603,65238,159248,4693.6,4681.6,4651.2
2026-02-04,IH,IH2603,33658,59111,3071.8,3065.8,3029.6
2026-02-04,IM,IM2603,136596,186743,8203.4,8163.6,8190.8
2026-02-05,IC,IC2603,112281,149924,8120.2,8136.8,8268.4
2026-02-05,IF,IF2603,70168,161588,4665.2,4667.0,4681.6
2026-02-05,IH,IH2603,36122,60257,3061.4,3060.6,3065.8
2026-02-05,IM,IM2603,142554,186934,8039.8,8056.6,8163.6
2026-02-06,IC,IC2603,113205,146089,8117.4,8176.4,8136.8
2026-02-06,IF,IF2603,70073,156652,4637.6,4656.4,4667.0
2026-02-06,IH,IH2603,34178,59121,3036.2,3045.4,3060.6
2026-02-06,IM,IM2603,147053,187915,7990.8,8057.4,8056.6
2026-02-09,IC,IC2603,76113,138576,8311.6,8302.2,8176.4
2026-02-09,IF,IF2603,51368,154559,4721.2,4717.8,4656.4
2026-02-09,IH,IH2603,26188,57290,3084.0,3082.2,3045.4
2026-02-09,IM,IM2603,112370,179169,8232.6,8216.6,8057.4
2026-02-10,IC,IC2603,54914,134825,8290.8,8300.4,8302.2
2026-02-10,IF,IF2603,40264,151713,4724.0,4720.6,4717.8
2026-02-10,IH,IH2603,19831,56334,3093.6,3088.8,3082.2
2026-02-10,IM,IM2603,82316,175231,8229.0,8239.8,8216.6
2026-02-11,IC,IC2603,59866,135346,8336.4,8336.6,8300.4
2026-02-11,IF,IF2603,37735,150599,4714.8,4712.6,4720.6
2026-02-11,IH,IH2603,20318,56814,3091.4,3092.4,3088.8
2026-02-11,IM,IM2603,81851,180217,8241.0,8244.4,8239.8
2026-02-12,IC,IC2603,69413,142445,8448.8,8445.8,8336.6
2026-02-12,IF,IF2603,44769,152334,4716.8,4717.4,4712.6
2026-02-12,IH,IH2603,20263,56888,3083.0,3083.6,3092.4
2026-02-12,IM,IM2603,96452,187061,8338.0,8334.6,8244.4
2026-02-13,IC,IC2603,81351,140501,8274.8,8296.4,8445.8
2026-02-13,IF,IF2603,71794,156477,4627.0,4639.6,4717.4
2026-02-13,IH,IH2603,38269,63684,3020.0,3030.2,3083.6
2026-02-13,IM,IM2603,114424,185460,8189.0,8213.4,8334.6
2026-02-24,IC,IC2603,73322,139597,8371.6,8383.4,8296.4
2026-02-24,IF,IF2603,60004,148797,4683.4,4688.6,4639.6
2026-02-24,IH,IH2603,26420,60075,3037.4,3039.6,3030.2
2026-02-24,IM,IM2603,105984,188594,8271.0,8285.4,8213.4
2026-02-25,IC,IC2603,77377,143448,8529.0,8518.2,8383.4
2026-02-25,IF,IF2603,69805,158505,4731.4,4731.0,4688.6
2026-02-25,IH,IH2603,34880,63395,3058.2,3058.0,3039.6
2026-02-25,IM,IM2603,111192,188683,8405.6,8401.8,8285.4
2026-02-26,IC,IC2603,68251,136686,8537.4,8533.6,8518.2
2026-02-26,IF,IF2603,55890,145477,4712.2,4709.6,4731.0
2026-02-26,IH,IH2603,28704,60209,3034.6,3032.2,3058.0
2026-02-26,IM,IM2603,97454,176096,8443.4,8442.0,8401.8
2026-02-27,IC,IC2603,78564,138970,8645.4,8633.0,8533.6
2026-02-27,IF,IF2603,54648,146645,4713.8,4708.0,4709.6
2026-02-27,IH,IH2603,28262,59512,3045.4,3043.4,3032.2
2026-02-27,IM,IM2603,100970,177180,8531.4,8521.6,8442.0
2026-03-02,IC,IC2603,105223,143041,8627.0,8632.6,8633.0
2026-03-02,IF,IF2603,83457,150445,4711.2,4712.0,4708.0
2026-03-02,IH,IH2603,41055,61541,3045.8,3044.2,3043.4
2026-03-02,IM,IM2603,142245,181019,8423.8,8430.0,8521.6
2026-03-03,IC,IC2603,150232,148457,8266.2,8270.2,8632.6
2026-03-03,IF,IF2603,107068,145903,4651.4,4644.8,4712.0
2026-03-03,IH,IH2603,52257,62121,3019.0,3012.4,3044.2
2026-03-03,IM,IM2603,179978,185852,8129.4,8137.8,8430.0
2026-03-04,IC,IC2603,121611,134589,8219.4,8223.4,8270.2
2026-03-04,IF,IF2603,88154,140207,4591.0,4586.0,4644.8
2026-03-04,IH,IH2603,44988,60625,2972.2,2971.6,3012.4
2026-03-04,IM,IM2603,155033,179738,8064.2,8062.6,8137.8
2026-03-05,IC,IC2603,100813,125426,8255.6,8226.2,8223.4
2026-03-05,IF,IF2603,70882,129380,4629.0,4618.2,4586.0
2026-03-05,IH,IH2603,29445,53581,2987.0,2981.4,2971.6
2026-03-05,IM,IM2603,136165,166348,8130.0,8098.4,8062.6
2026-03-06,IC,IC2603,81441,116622,8322.6,8329.2,8226.2
2026-03-06,IF,IF2603,60163,123388,4646.0,4649.8,4618.2
2026-03-06,IH,IH2603,27964,53774,2990.0,2991.4,2981.4
2026-03-06,IM,IM2603,109207,153991,8211.8,8214.2,8098.4
2026-03-09,IC,IC2603,116276,122938,8267.0,8264.0,8329.2
2026-03-09,IF,IF2603,91988,132182,4599.2,4603.2,4649.8
2026-03-09,IH,IH2603,41318,56117,2962.4,2963.6,2991.4
2026-03-09,IM,IM2603,168105,168610,8191.0,8183.6,8214.2
2026-03-10,IC,IC2603,83464,107374,8393.6,8385.0,8264.0
2026-03-10,IF,IF2603,57102,114486,4664.0,4665.2,4603.2
2026-03-10,IH,IH2603,25641,50591,2981.4,2982.4,2963.6
2026-03-10,IM,IM2603,108844,140221,8313.6,8308.4,8183.6
2026-03-11,IC,IC2603,60985,97524,8360.0,8371.0,8385.0
2026-03-11,IF,IF2603,51049,107580,4687.0,4685.2,4665.2
2026-03-11,IH,IH2603,19995,48141,2983.8,2983.8,2982.4
2026-03-11,IM,IM2603,89616,133840,8313.0,8317.2,8308.4
2026-03-12,IC,IC2603,70893,95250,8301.0,8308.8,8371.0
2026-03-12,IF,IF2603,57171,101734,4658.4,4661.6,4685.2
2026-03-12,IH,IH2603,24548,48157,2966.4,2968.2,2983.8
2026-03-12,IM,IM2603,105033,131145,8277.2,8279.0,8317.2
2026-03-13,IC,IC2603,73173,89653,8213.8,8229.8,8308.8
2026-03-13,IF,IF2603,58457,98275,4658.0,4659.8,4661.6
2026-03-13,IH,IH2603,22688,45092,2957.0,2959.6,2968.2
2026-03-13,IM,IM2603,112502,126038,8187.0,8204.0,8279.0
2026-03-16,IC,IC2603,81995,84448,8178.4,8167.2,8229.8
2026-03-16,IF,IF2603,67565,89335,4662.8,4661.8,4659.8
2026-03-16,IH,IH2603,32801,42749,2952.0,2953.2,2959.6
2026-03-16,IM,IM2603,112837,114967,8187.0,8179.2,8204.0
2026-03-17,IC,IC2603,72130,69093,8000.0,8024.4,8167.2
2026-03-17,IF,IF2603,72312,78883,4628.8,4644.8,4661.8
2026-03-17,IH,IH2603,34019,33412,2962.0,2970.0,2953.2
2026-03-17,IM,IM2603,109515,100638,8014.0,8025.8,8179.2
2026-03-18,IC,IC2603,65267,56289,8086.0,8078.0,8024.4
2026-03-18,IF,IF2603,64108,57806,4651.4,4647.6,4644.8
2026-03-18,IH,IH2603,25304,27842,2958.6,2958.4,2970.0
2026-03-18,IM,IM2603,103417,76840,8080.4,8077.6,8025.8
2026-03-19,IC,IC2606,91263,149158,7671.0,7648.4,7891.0
2026-03-19,IF,IF2606,59055,139631,4502.2,4499.2,4572.2
2026-03-19,IH,IH2606,27807,53932,2893.8,2893.2,2941.4
2026-03-19,IM,IM2606,126183,185709,7681.0,7656.6,7848.8
2026-03-20,IC,IC2606,104148,154680,7559.4,7606.2,7648.4
2026-03-20,IF,IF2606,64425,142275,4486.4,4504.8,4499.2
2026-03-20,IH,IH2606,30791,57522,2865.8,2874.6,2893.2
2026-03-20,IM,IM2606,152013,199728,7560.0,7612.6,7656.6
2026-03-23,IC,IC2606,130671,162386,7235.0,7213.4,7606.2
2026-03-23,IF,IF2606,89178,150376,4344.4,4327.2,4504.8
2026-03-23,IH,IH2606,44549,64551,2776.0,2764.6,2874.6
2026-03-23,IM,IM2606,197317,213893,7190.0,7166.0,7612.6
2026-03-24,IC,IC2606,118729,157694,7409.6,7369.8,7213.4
2026-03-24,IF,IF2606,66297,141342,4388.4,4379.6,4327.2
2026-03-24,IH,IH2606,32738,58708,2810.6,2807.4,2764.6
2026-03-24,IM,IM2606,182407,208156,7387.2,7350.2,7166.0
2026-03-25,IC,IC2606,106784,153518,7530.0,7549.4,7369.8
2026-03-25,IF,IF2606,58835,140576,4450.0,4449.6,4379.6
2026-03-25,IH,IH2606,27357,56159,2830.0,2832.4,2807.4
2026-03-25,IM,IM2606,139630,194128,7477.4,7490.0,7350.2
2026-03-26,IC,IC2606,82703,149308,7413.8,7425.8,7549.4
2026-03-26,IF,IF2606,49467,137239,4396.0,4395.8,4449.6
2026-03-26,IH,IH2606,22496,55466,2804.8,2803.6,2832.4
2026-03-26,IM,IM2606,121731,197017,7375.6,7385.4,7490.0
2026-03-27,IC,IC2606,94768,153449,7559.2,7541.2,7425.8
2026-03-27,IF,IF2606,52315,140907,4427.4,4428.4,4395.8
2026-03-27,IH,IH2606,25549,56140,2814.4,2816.8,2803.6
2026-03-27,IM,IM2606,142109,198341,7523.8,7502.0,7385.4
2026-03-30,IC,IC2606,98144,150647,7560.6,7555.8,7541.2
2026-03-30,IF,IF2606,55057,137054,4414.0,4409.8,4428.4
2026-03-30,IH,IH2606,26457,55729,2812.4,2813.2,2816.8
2026-03-30,IM,IM2606,146546,199034,7509.4,7506.0,7502.0
2026-03-31,IC,IC2606,99001,154924,7425.0,7438.4,7555.8
2026-03-31,IF,IF2606,57873,139291,4375.8,4379.2,4409.8
2026-03-31,IH,IH2606,28712,55483,2804.0,2809.0,2813.2
2026-03-31,IM,IM2606,146234,201094,7379.4,7381.6,7506.0
2026-04-01,IC,IC2606,91572,150714,7565.8,7561.4,7438.4
2026-04-01,IF,IF2606,53071,136771,4448.2,4445.8,4379.2
2026-04-01,IH,IH2606,26208,54582,2853.8,2856.4,2809.0
2026-04-01,IM,IM2606,133854,196543,7518.6,7514.4,7381.6
2026-04-02,IC,IC2606,93435,153081,7409.6,7378.0,7561.4
2026-04-02,IF,IF2606,53008,138037,4390.2,4380.0,4445.8
2026-04-02,IH,IH2606,24390,53206,2827.6,2820.0,2856.4
2026-04-02,IM,IM2606,133318,204065,7371.6,7345.6,7514.4
2026-04-03,IC,IC2606,78708,145457,7352.0,7358.6,7378.0
2026-04-03,IF,IF2606,46962,134794,4362.2,4357.2,4380.0
2026-04-03,IH,IH2606,20645,51815,2804.4,2804.0,2820.0
2026-04-03,IM,IM2606,131935,200101,7309.4,7324.2,7345.6
2026-04-07,IC,IC2606,70619,145512,7388.8,7391.2,7358.6
2026-04-07,IF,IF2606,39916,134908,4360.0,4365.0,4357.2
2026-04-07,IH,IH2606,19156,53412,2798.4,2801.8,2804.0
2026-04-07,IM,IM2606,113811,193891,7376.6,7379.2,7324.2
2026-04-08,IC,IC2606,107885,160623,7831.8,7807.0,7391.2
2026-04-08,IF,IF2606,72939,142547,4539.6,4532.4,4365.0
2026-04-08,IH,IH2606,34721,58098,2886.0,2883.2,2801.8
2026-04-08,IM,IM2606,142337,202176,7778.0,7762.6,7379.2
2026-04-09,IC,IC2606,77423,148538,7748.8,7745.4,7807.0
2026-04-09,IF,IF2606,44564,133719,4500.0,4496.6,4532.4
2026-04-09,IH,IH2606,21510,52852,2860.6,2859.0,2883.2
2026-04-09,IM,IM2606,102250,191098,7709.4,7711.4,7762.6
2026-04-10,IC,IC2606,92493,156816,7828.6,7846.8,7745.4
2026-04-10,IF,IF2606,59681,140107,4562.0,4573.4,4496.6
2026-04-10,IH,IH2606,26301,54272,2873.2,2878.0,2859.0
2026-04-10,IM,IM2606,116023,197340,7785.8,7803.0,7711.4
2026-04-13,IC,IC2606,69300,147814,7808.8,7820.8,7846.8
2026-04-13,IF,IF2606,44872,132738,4570.6,4572.0,4573.4
2026-04-13,IH,IH2606,20189,50725,2873.0,2872.2,2878.0
2026-04-13,IM,IM2606,96412,188693,7795.6,7800.8,7803.0
2026-04-14,IC,IC2606,86041,156963,7938.4,7907.2,7820.8
2026-04-14,IF,IF2606,54260,139985,4639.6,4620.6,4572.0
2026-04-14,IH,IH2606,23638,53443,2898.4,2891.4,2872.2
2026-04-14,IM,IM2606,119386,198017,7913.0,7883.2,7800.8
2026-04-15,IC,IC2606,80222,152519,7904.0,7915.4,7907.2
2026-04-15,IF,IF2606,53963,139812,4625.2,4626.6,4620.6
2026-04-15,IH,IH2606,24050,51801,2907.6,2910.4,2891.4
2026-04-15,IM,IM2606,106521,190136,7904.6,7908.4,7883.2
2026-04-16,IC,IC2606,84522,158421,8065.0,8064.2,7915.4
2026-04-16,IF,IF2606,53861,141692,4677.8,4677.6,4626.6
2026-04-16,IH,IH2606,23772,54191,2920.0,2921.6,2910.4
2026-04-16,IM,IM2606,114952,201376,8052.2,8053.8,7908.4
2026-04-17,IC,IC2606,72169,151472,8098.8,8089.6,8064.2
2026-04-17,IF,IF2606,48719,139296,4667.0,4665.8,4677.6
2026-04-17,IH,IH2606,24673,55456,2888.0,2892.0,2921.6
2026-04-17,IM,IM2606,116651,199118,8132.0,8130.6,8053.8
2026-04-20,IC,IC2606,74383,158814,8146.2,8155.8,8089.6
2026-04-20,IF,IF2606,54531,144611,4696.6,4694.0,4665.8
2026-04-20,IH,IH2606,24765,56749,2918.0,2914.4,2892.0
2026-04-20,IM,IM2606,101568,197522,8159.2,8171.2,8130.6
2026-04-21,IC,IC2606,68719,150214,8124.4,8125.0,8155.8
2026-04-21,IF,IF2606,48681,138220,4707.8,4705.0,4694.0
2026-04-21,IH,IH2606,22752,55951,2916.6,2915.8,2914.4
2026-04-21,IM,IM2606,98498,193709,8170.0,8164.0,8171.2
2026-04-22,IC,IC2606,75950,153427,8264.2,8240.2,8125.0
2026-04-22,IF,IF2606,51772,141181,4744.8,4737.4,4705.0
2026-04-22,IH,IH2606,23286,57449,2917.8,2913.4,2915.8
2026-04-22,IM,IM2606,115334,202394,8322.8,8301.6,8164.0
2026-04-23,IC,IC2606,99438,159238,8177.0,8166.4,8240.2
2026-04-23,IF,IF2606,70330,141725,4724.4,4720.2,4737.4
2026-04-23,IH,IH2606,34040,60680,2911.2,2909.6,2913.4
2026-04-23,IM,IM2606,150090,209404,8219.2,8206.0,8301.6
2026-04-24,IC,IC2606,97813,154408,8132.8,8158.8,8166.4
2026-04-24,IF,IF2606,60653,138176,4713.6,4721.0,4720.2
2026-04-24,IH,IH2606,33589,58743,2929.0,2929.8,2909.6
2026-04-24,IM,IM2606,143941,209086,8163.0,8194.8,8206.0
2026-04-27,IC,IC2606,68000,147106,8186.4,8185.4,8158.8
2026-04-27,IF,IF2606,47578,136394,4715.6,4715.2,4721.0
2026-04-27,IH,IH2606,25131,57744,2922.4,2921.0,2929.8
2026-04-27,IM,IM2606,104876,201381,8199.2,8201.6,8194.8
2026-04-28,IC,IC2606,77268,151485,8094.6,8085.8,8185.4
2026-04-28,IF,IF2606,50106,136927,4702.4,4698.2,4715.2
2026-04-28,IH,IH2606,26735,57936,2930.2,2929.0,2921.0
2026-04-28,IM,IM2606,125973,208766,8103.6,8090.0,8201.6
2026-04-29,IC,IC2606,83644,152310,8270.0,8268.4,8085.8
2026-04-29,IF,IF2606,58415,141827,4766.0,4766.2,4698.2
2026-04-29,IH,IH2606,29356,59379,2947.0,2948.4,2929.0
2026-04-29,IM,IM2606,122459,205283,8246.0,8254.8,8090.0
2026-04-30,IC,IC2606,65947,148167,8270.0,8265.2,8268.4
2026-04-30,IF,IF2606,48678,137863,4763.4,4761.4,4766.2
2026-04-30,IH,IH2606,28891,59217,2968.8,2965.2,2948.4
2026-04-30,IM,IM2606,100591,201984,8279.2,8273.8,8254.8
2026-05-06,IC,IC2606,82861,159098,8497.6,8509.8,8265.2
2026-05-06,IF,IF2606,65439,149562,4839.4,4840.2,4761.4
2026-05-06,IH,IH2606,32480,61146,3007.6,3008.0,2965.2
2026-05-06,IM,IM2606,125707,209410,8461.6,8480.4,8273.8
2026-05-07,IC,IC2606,66653,152162,8624.8,8623.4,8509.8
2026-05-07,IF,IF2606,47821,139375,4862.4,4862.6,4840.2
2026-05-07,IH,IH2606,23396,58594,3012.0,3011.4,3008.0
2026-05-07,IM,IM2606,105701,203897,8627.6,8624.6,8480.4
2026-05-08,IC,IC2606,66400,152876,8620.8,8619.2,8623.4
2026-05-08,IF,IF2606,48802,142019,4836.8,4832.8,4862.6
2026-05-08,IH,IH2606,29243,59388,2981.6,2981.4,3011.4
2026-05-08,IM,IM2606,104560,202338,8642.2,8645.4,8624.6
2026-05-11,IC,IC2606,92144,162230,8738.6,8752.2,8619.2
2026-05-11,IF,IF2606,69715,148526,4912.6,4917.0,4832.8
2026-05-11,IH,IH2606,37231,62362,3022.8,3022.8,2981.4
2026-05-11,IM,IM2606,132269,213675,8723.0,8745.6,8645.4
2026-05-12,IC,IC2606,80291,153875,8695.4,8701.4,8752.2
2026-05-12,IF,IF2606,56132,143740,4911.6,4909.2,4917.0
2026-05-12,IH,IH2606,29636,59214,3029.2,3025.8,3022.8
2026-05-12,IM,IM2606,118147,202384,8701.8,8700.8,8745.6
2026-05-13,IC,IC2606,92744,161610,8850.2,8838.8,8701.4
2026-05-13,IF,IF2606,67401,151660,4968.8,4960.4,4909.2
2026-05-13,IH,IH2606,34283,62374,3033.0,3031.0,3025.8
2026-05-13,IM,IM2606,140651,222170,8870.6,8856.8,8700.8
2026-05-14,IC,IC2606,133564,172900,8608.0,8660.2,8838.8
2026-05-14,IF,IF2606,87614,152082,4884.4,4904.0,4960.4
2026-05-14,IH,IH2606,40676,63848,2984.6,2994.0,3031.0
2026-05-14,IM,IM2606,183972,227104,8689.8,8743.8,8856.8
2026-05-15,IC,IC2606,155372,176456,8448.8,8429.8,8660.2
2026-05-15,IF,IF2606,99176,160730,4824.0,4812.6,4904.0
2026-05-15,IH,IH2606,47469,65623,2945.0,2938.0,2994.0
2026-05-15,IM,IM2606,225763,244556,8582.6,8563.2,8743.8
2026-05-18,IC,IC2606,103844,163811,8479.2,8443.4,8429.8
2026-05-18,IF,IF2606,68281,149184,4802.0,4783.6,4812.6
2026-05-18,IH,IH2606,35898,61829,2922.4,2913.0,2938.0
2026-05-18,IM,IM2606,163728,232393,8632.6,8594.2,8563.2
2026-05-19,IC,IC2606,118465,168041,8535.2,8519.4,8443.4
2026-05-19,IF,IF2606,72772,148652,4813.2,4801.4,4783.6
2026-05-19,IH,IH2606,35436,61038,2931.4,2925.4,2913.0
2026-05-19,IM,IM2606,178213,239001,8718.6,8692.4,8594.2
2026-05-20,IC,IC2606,108580,157070,8573.8,8556.6,8519.4
2026-05-20,IF,IF2606,64757,138798,4806.6,4805.6,4801.4
2026-05-20,IH,IH2606,32283,57278,2934.8,2933.2,2925.4
2026-05-20,IM,IM2606,170932,222868,8705.0,8682.4,8692.4
2026-05-21,IC,IC2606,146781,171761,8326.8,8404.6,8556.6
2026-05-21,IF,IF2606,99519,150080,4743.0,4776.6,4805.6
2026-05-21,IH,IH2606,47227,63395,2903.8,2919.6,2933.2
2026-05-21,IM,IM2606,217179,233286,8438.2,8507.2,8682.4
2026-05-22,IC,IC2606,119676,160416,8469.2,8493.0,8404.6
2026-05-22,IF,IF2606,71603,138493,4788.2,4798.6,4776.6
2026-05-22,IH,IH2606,36248,58951,2899.2,2904.6,2919.6
2026-05-22,IM,IM2606,189189,229122,8589.8,8609.0,8507.2
2026-05-25,IC,IC2606,106542,156252,8582.8,8581.4,8493.0
2026-05-25,IF,IF2606,69836,136285,4852.6,4855.8,4798.6
2026-05-25,IH,IH2606,38202,58574,2943.2,2942.8,2904.6
2026-05-25,IM,IM2606,158385,214502,8661.4,8672.8,8609.0
2026-05-26,IC,IC2606,117245,154423,8565.0,8523.0,8581.4
2026-05-26,IF,IF2606,81237,138238,4899.2,4881.2,4855.8
2026-05-26,IH,IH2606,37153,56070,2955.6,2946.8,2942.8
2026-05-26,IM,IM2606,181186,220892,8596.0,8547.0,8672.8
2026-05-27,IC,IC2606,131059,158225,8415.8,8418.8,8523.0
2026-05-27,IF,IF2606,79957,132712,4857.2,4856.0,4881.2
2026-05-27,IH,IH2606,47101,61355,2910.8,2910.8,2946.8
2026-05-27,IM,IM2606,189151,212514,8441.2,8430.4,8547.0
2026-05-28,IC,IC2606,118479,149597,8458.0,8475.6,8418.8
2026-05-28,IF,IF2606,79535,132476,4856.0,4862.0,4856.0
2026-05-28,IH,IH2606,38210,58094,2890.4,2893.4,2910.8
2026-05-28,IM,IM2606,189036,215868,8524.4,8540.8,8430.4
2026-05-29,IC,IC2606,126854,153227,8274.6,8250.6,8475.6
2026-05-29,IF,IF2606,88557,133075,4847.8,4844.8,4862.0
2026-05-29,IH,IH2606,43547,61644,2900.6,2895.8,2893.4
2026-05-29,IM,IM2606,207672,215444,8344.8,8317.2,8540.8
2026-06-01,IC,IC2606,109411,144727,8225.2,8228.2,8250.6
2026-06-01,IF,IF2606,80836,128739,4811.0,4810.4,4844.8
2026-06-01,IH,IH2606,34909,56607,2880.2,2879.2,2895.8
2026-06-01,IM,IM2606,185978,219745,8305.8,8316.0,8317.2
2026-06-02,IC,IC2606,107090,144138,8260.4,8273.2,8228.2
2026-06-02,IF,IF2606,80922,127141,4878.6,4883.4,4810.4
2026-06-02,IH,IH2606,36581,57406,2902.8,2905.4,2879.2
2026-06-02,IM,IM2606,175916,210218,8324.6,8337.0,8316.0
2026-06-03,IC,IC2606,106019,137771,8314.2,8301.8,8273.2
2026-06-03,IF,IF2606,87841,127750,4913.8,4903.4,4883.4
2026-06-03,IH,IH2606,36499,54284,2907.8,2906.6,2905.4
2026-06-03,IM,IM2606,172909,201325,8368.4,8359.4,8337.0
2026-06-04,IC,IC2606,85473,133836,8300.2,8299.2,8301.8
2026-06-04,IF,IF2606,68628,117531,4871.0,4870.6,4903.4
2026-06-04,IH,IH2606,30896,52837,2871.8,2872.4,2906.6
2026-06-04,IM,IM2606,131965,191874,8354.8,8350.6,8359.4
2026-06-05,IC,IC2606,114107,140622,8190.6,8202.6,8299.2
2026-06-05,IF,IF2606,86654,122663,4776.8,4786.2,4870.6
2026-06-05,IH,IH2606,40601,57634,2844.0,2849.0,2872.4
2026-06-05,IM,IM2606,181451,200773,8291.8,8298.6,8350.6
2026-06-08,IC,IC2606,126464,138659,7935.0,7917.0,8202.6
2026-06-08,IF,IF2606,89286,118426,4682.6,4679.0,4786.2
2026-06-08,IH,IH2606,41918,56466,2813.0,2808.4,2849.0
2026-06-08,IM,IM2606,200287,201883,8072.8,8046.4,8298.6
2026-06-09,IC,IC2606,97714,124794,8112.4,8106.2,7917.0
2026-06-09,IF,IF2606,69069,109772,4743.6,4742.4,4679.0
2026-06-09,IH,IH2606,33269,54225,2817.2,2818.4,2808.4
2026-06-09,IM,IM2606,160340,177843,8233.4,8237.2,8046.4
2026-06-10,IC,IC2606,96266,124545,8024.2,8006.4,8106.2
2026-06-10,IF,IF2606,68264,104272,4721.4,4715.0,4742.4
2026-06-10,IH,IH2606,35694,52108,2833.8,2835.4,2818.4
2026-06-10,IM,IM2606,154308,177936,8162.2,8147.0,8237.2
2026-06-11,IC,IC2606,96052,120366,7990.8,7965.2,8006.4
2026-06-11,IF,IF2606,68305,101097,4693.4,4677.4,4715.0
2026-06-11,IH,IH2606,28621,47978,2835.8,2830.8,2835.4
2026-06-11,IM,IM2606,149516,171821,8126.4,8094.8,8147.0
2026-06-12,IC,IC2606,101801,112831,8117.2,8111.2,7965.2
2026-06-12,IF,IF2606,76249,94540,4769.8,4766.4,4677.4
2026-06-12,IH,IH2606,40456,48977,2897.2,2892.8,2830.8
2026-06-12,IM,IM2606,146950,158171,8196.8,8191.8,8094.8
2026-06-15,IC,IC2606,100068,104498,8384.8,8355.8,8111.2
2026-06-15,IF,IF2606,74674,83327,4880.0,4865.2,4766.4
2026-06-15,IH,IH2606,39731,43628,2938.6,2931.0,2892.8
2026-06-15,IM,IM2606,134896,137607,8475.2,8453.4,8191.8
2026-06-16,IC,IC2606,80075,84052,8475.8,8478.2,8355.8
2026-06-16,IF,IF2606,60182,67700,4875.2,4878.0,4865.2
2026-06-16,IH,IH2606,30100,33766,2911.0,2914.2,2931.0
2026-06-16,IM,IM2606,124372,116720,8602.4,8609.6,8453.4
2026-06-17,IC,IC2606,68652,65953,8613.2,8583.6,8478.2
2026-06-17,IF,IF2606,55239,54429,4928.0,4907.4,4878.0
2026-06-17,IH,IH2606,25807,27831,2935.0,2926.6,2914.2
2026-06-17,IM,IM2606,98806,86061,8695.0,8660.8,8609.6
2026-06-18,IC,IC2609,88410,162104,8517.4,8513.6,8400.4
2026-06-18,IF,IF2609,61213,147088,4862.8,4853.4,4802.0
2026-06-18,IH,IH2609,28121,64125,2899.8,2898.6,2885.6
2026-06-18,IM,IM2609,114746,204527,8510.0,8505.6,8414.0
2026-06-22,IC,IC2609,112647,171790,8650.0,8634.2,8513.6
2026-06-22,IF,IF2609,88185,161226,4983.8,4975.2,4853.4
2026-06-22,IH,IH2609,49450,76460,2978.0,2975.2,2898.6
2026-06-22,IM,IM2609,158991,221871,8524.2,8521.6,8505.6
2026-06-23,IC,IC2609,129547,174176,8455.0,8428.6,8634.2
2026-06-23,IF,IF2609,105369,164687,4812.4,4811.6,4975.2
2026-06-23,IH,IH2609,50120,76305,2884.6,2884.0,2975.2
2026-06-23,IM,IM2609,169243,221704,8403.0,8381.2,8521.6
2026-06-24,IC,IC2609,114321,169193,8595.0,8601.4,8428.6
2026-06-24,IF,IF2609,69308,154821,4830.8,4832.0,4811.6
2026-06-24,IH,IH2609,33499,71544,2896.2,2895.2,2884.0
2026-06-24,IM,IM2609,144567,214962,8472.4,8486.8,8381.2
2026-06-25,IC,IC2609,122306,176339,8699.4,8688.2,8601.4
2026-06-25,IF,IF2609,81049,159220,4907.0,4897.2,4832.0
2026-06-25,IH,IH2609,40016,73405,2924.8,2920.2,2895.2
2026-06-25,IM,IM2609,144932,216470,8523.8,8517.8,8486.8
2026-06-26,IC,IC2609,145705,172822,8447.0,8461.6,8688.2
2026-06-26,IF,IF2609,105290,159794,4748.2,4751.4,4897.2
2026-06-26,IH,IH2609,47552,72200,2859.0,2862.4,2920.2
2026-06-26,IM,IM2609,174428,220480,8319.2,8324.0,8517.8
